namn,parti,valkrets,riksdagsstatus,fodd_ar,sourceid,intressent_id,qid,status,bilder,p1214_bildstatus,riksdagen_bild,sv_wikipedia,wikipedia_lankar
Anders Ådahl,C,Västra Götalands läns västra,Tjänstgörande riksdagsledamot,1972,59b84d84-3bc8-4175-a3b7-16f5ed8f6b25,0837394708917,Q114031247,Saknar bild (P18),,,https://data.riksdagen.se/filarkiv/bilder/ledamot/59b84d84-3bc8-4175-a3b7-16f5ed8f6b25_192.jpg,ja,sv: https://sv.wikipedia.org/wiki/Anders_%C3%85dahl; en: https://en.wikipedia.org/wiki/Anders_%C3%85dahl
Anna Lasses,C,Stockholms län,Tjänstgörande riksdagsledamot,1977,b2b99439-43f1-4b95-8aec-9f1e83044e76,0985426914829,Q114031212,Har bild (P18),http://commons.wikimedia.org/wiki/Special:FilePath/Anna%20Lasses%202025.jpg,,https://data.riksdagen.se/filarkiv/bilder/ledamot/b2b99439-43f1-4b95-8aec-9f1e83044e76_192.jpg,ja,sv: https://sv.wikipedia.org/wiki/Anna_Lasses; en: https://en.wikipedia.org/wiki/Anna_Lasses
Anne-Li Sjölund,C,Västernorrlands län,Tjänstgörande riksdagsledamot,1966,4777adeb-0a0f-4154-ace9-0c5f149f228b,0947572086414,Q99541757,Saknar bild (P18),,,https://data.riksdagen.se/filarkiv/bilder/ledamot/4777adeb-0a0f-4154-ace9-0c5f149f228b_192.jpg,ja,sv: https://sv.wikipedia.org/wiki/Anne-Li_Sj%C3%B6lund; en: https://en.wikipedia.org/wiki/Anne-Li_Sj%C3%B6lund; pt: https://pt.wikipedia.org/wiki/Anne-Li_Sj%C3%B6lund
Birgitta Ohlsson,C,Stockholms kommun,Tjänstgörande riksdagsledamot,1975,49cbfff2-68fa-4c19-8fa3-631093384cd2,0404025497421,Q429001,Har bild (P18),http://commons.wikimedia.org/wiki/Special:FilePath/Birgitta%20Ohlsson.EU-dagen2011%201c379%206285.jpg,,https://data.riksdagen.se/filarkiv/bilder/ledamot/49cbfff2-68fa-4c19-8fa3-631093384cd2_192.jpg,ja,sv: https://sv.wikipedia.org/wiki/Birgitta_Ohlsson; en: https://en.wikipedia.org/wiki/Birgitta_Ohlsson; arz: https://arz.wikipedia.org/wiki/%D8%A8%D9%8A%D8%B1%D8%AC%D9%8A%D8%AA%D8%A7_%D8%A7%D9%88%D9%87%D9%84%D8%B3%D9%88%D9%86; de: https://de.wikipedia.org/wiki/Birgitta_Ohlsson; es: https://es.wikipedia.org/wiki/Birgitta_Ohlsson; fa: https://fa.wikipedia.org/wiki/%D8%A8%DB%8C%D8%B1%DA%AF%DB%8C%D8%AA%D8%A7_%D8%A7%D9%88%D9%84%D8%B3%D9%88%D9%86; fi: https://fi.wikipedia.org/wiki/Birgitta_Ohlsson; fr: https://fr.wikipedia.org/wiki/Birgitta_Ohlsson; id: https://id.wikipedia.org/wiki/Birgitta_Ohlsson; jv: https://jv.wikipedia.org/wiki/Birgitta_Ohlsson; pl: https://pl.wikipedia.org/wiki/Birgitta_Ohlsson; pt: https://pt.wikipedia.org/wiki/Birgitta_Ohlsson; uk: https://uk.wikipedia.org/wiki/%D0%91%D1%96%D1%80%D0%B3%D1%96%D1%82%D1%82%D0%B0_%D0%9E%D0%BB%D1%81%D1%81%D0%BE%D0%BD
Birte Sandberg,C,Skåne läns norra och östra,Tjänstgörande riksdagsledamot,1965,8d25c8ef-fb97-43eb-9004-27b216f4c066,0970341267319,Q141509786,Saknar bild (P18),,,https://data.riksdagen.se/filarkiv/bilder/ledamot/8d25c8ef-fb97-43eb-9004-27b216f4c066_192.jpg,ja,sv: https://sv.wikipedia.org/wiki/Birte_Sandberg; en: https://en.wikipedia.org/wiki/Birte_Sandberg
Caroline Schmidt,C,Gävleborgs län,Tjänstgörande riksdagsledamot,1960,e0dc114d-4a84-456f-9992-fb8d2ecfb73c,0236799560811,Q16467579,Saknar bild (P18),,,https://data.riksdagen.se/filarkiv/bilder/ledamot/e0dc114d-4a84-456f-9992-fb8d2ecfb73c_192.jpg,ja,sv: https://sv.wikipedia.org/wiki/Caroline_Schmidt; en: https://en.wikipedia.org/wiki/Caroline_Schmidt
Catarina Deremar,C,Uppsala län,Tjänstgörande riksdagsledamot,1965,0f4ba90a-2db5-4fa8-b583-3f96edca5028,0986091320811,Q104215904,Saknar bild (P18),,,https://data.riksdagen.se/filarkiv/bilder/ledamot/0f4ba90a-2db5-4fa8-b583-3f96edca5028_192.jpg,ja,sv: https://sv.wikipedia.org/wiki/Catarina_Deremar; en: https://en.wikipedia.org/wiki/Catarina_Deremar; pt: https://pt.wikipedia.org/wiki/Catarina_Deremar
Christofer Bergenblock,C,Hallands län,Tjänstgörande riksdagsledamot,1974,84cd5a15-44cb-48ed-8433-b907f2d8b8bf,0951905661227,Q112075255,Saknar bild (P18),,,https://data.riksdagen.se/filarkiv/bilder/ledamot/84cd5a15-44cb-48ed-8433-b907f2d8b8bf_192.jpg,ja,sv: https://sv.wikipedia.org/wiki/Christofer_Bergenblock; en: https://en.wikipedia.org/wiki/Christofer_Bergenblock
Daniel Bäckström,C,Värmlands län,Tjänstgörande riksdagsledamot,1975,d9b65520-dba2-4ec1-a124-d89d667ebf37,0665485817222,Q18600515,Saknar bild (P18),,,https://data.riksdagen.se/filarkiv/bilder/ledamot/d9b65520-dba2-4ec1-a124-d89d667ebf37_192.jpg,ja,sv: https://sv.wikipedia.org/wiki/Daniel_B%C3%A4ckstr%C3%B6m; en: https://en.wikipedia.org/wiki/Daniel_B%C3%A4ckstr%C3%B6m_(politician); arz: https://arz.wikipedia.org/wiki/%D8%AF%D8%A7%D9%86%D9%8A%D9%84_%D8%A8%D8%A7%D9%83%D8%B3%D8%AA%D8%B1%D9%88%D9%85; pt: https://pt.wikipedia.org/wiki/Daniel_B%C3%A4ckstr%C3%B6m
Elisabeth Thand Ringqvist,C,Stockholms kommun,Tjänstgörande riksdagsledamot,1972,0a3d47e0-9e04-4726-b141-966d1ba8064d,0602744999917,Q4974920,Har bild (P18),http://commons.wikimedia.org/wiki/Special:FilePath/ElisabethTR2.jpg,,https://data.riksdagen.se/filarkiv/bilder/ledamot/0a3d47e0-9e04-4726-b141-966d1ba8064d_192.jpg,ja,"sv: https://sv.wikipedia.org/wiki/Elisabeth_Thand_Ringqvist; en: https://en.wikipedia.org/wiki/Elisabeth_Thand_Ringqvist; es: https://es.wikipedia.org/wiki/Elisabeth_Thand_Ringqvist; fi: https://fi.wikipedia.org/wiki/Elisabeth_Thand_Ringqvist; fr: https://fr.wikipedia.org/wiki/Elisabeth_Thand_Ringqvist; it: https://it.wikipedia.org/wiki/Elisabeth_Thand_Ringqvist; pl: https://pl.wikipedia.org/wiki/Elisabeth_Thand_Ringqvist; ru: https://ru.wikipedia.org/wiki/%D0%A2%D0%B0%D0%BD%D0%B4_%D0%A0%D0%B8%D0%BD%D0%B3%D0%BA%D0%B2%D0%B8%D1%81%D1%82,_%D0%AD%D0%BB%D0%B8%D0%B7%D0%B0%D0%B1%D0%B5%D1%82; simple: https://simple.wikipedia.org/wiki/Elisabeth_Thand_Ringqvist"
Emma Brihall,C,Jönköpings län,Tjänstgörande riksdagsledamot,1997,d3c14c78-bca9-4563-97e6-c89a21cbf325,0809334009920,Q141503826,Saknar bild (P18),,,https://data.riksdagen.se/filarkiv/bilder/ledamot/d3c14c78-bca9-4563-97e6-c89a21cbf325_192.jpg,ja,sv: https://sv.wikipedia.org/wiki/Emma_Brihall; en: https://en.wikipedia.org/wiki/Emma_Brihall
Emmy Ahlstedt,C,Kalmar län,Tjänstgörande riksdagsledamot,1981,af9f93ac-4126-49ee-a2d7-a5b863456f85,079417294123,Q141507450,Saknar bild (P18),,,https://data.riksdagen.se/filarkiv/bilder/ledamot/af9f93ac-4126-49ee-a2d7-a5b863456f85_192.jpg,ja,sv: https://sv.wikipedia.org/wiki/Emmy_Ahlstedt; en: https://en.wikipedia.org/wiki/Emmy_Ahlstedt
Helena Vilhelmsson,C,Örebro län,Tjänstgörande riksdagsledamot,1965,bcf8f6dc-7be4-46d3-bb3e-df793b2c5256,0903081277919,Q57168726,Saknar bild (P18),,,https://data.riksdagen.se/filarkiv/bilder/ledamot/bcf8f6dc-7be4-46d3-bb3e-df793b2c5256_192.jpg,ja,sv: https://sv.wikipedia.org/wiki/Helena_Vilhelmsson; en: https://en.wikipedia.org/wiki/Helena_Vilhelmsson; pt: https://pt.wikipedia.org/wiki/Helena_Vilhelmsson
Julia Algotsson,C,Västerbottens län,Tjänstgörande riksdagsledamot,1996,144764cf-441a-4d9f-b6e7-ca5a35d3d17a,031744450126,Q141505026,Saknar bild (P18),,,https://data.riksdagen.se/filarkiv/bilder/ledamot/144764cf-441a-4d9f-b6e7-ca5a35d3d17a_192.jpg,ja,sv: https://sv.wikipedia.org/wiki/Julia_Algotsson; en: https://en.wikipedia.org/wiki/Julia_Algotsson
Kerstin Lundgren,C,Stockholms län,Tredje vice talman (tjänstgörande riksdagsledamot),1955,4a514760-f0a7-47a7-8a51-91bd46693df7,0155487380917,Q4964100,Har bild (P18),http://commons.wikimedia.org/wiki/Special:FilePath/Kerstin%20Lundgren%202013-10-21%20001.jpg,,https://data.riksdagen.se/filarkiv/bilder/ledamot/4a514760-f0a7-47a7-8a51-91bd46693df7_192.jpg,ja,"sv: https://sv.wikipedia.org/wiki/Kerstin_Lundgren; en: https://en.wikipedia.org/wiki/Kerstin_Lundgren; arz: https://arz.wikipedia.org/wiki/%D9%83%D9%8A%D8%B1%D8%B3%D8%AA%D9%8A%D9%86_%D9%84%D9%88%D9%86%D8%AF%D8%AC%D8%B1%D9%8A%D9%86; no: https://no.wikipedia.org/wiki/Kerstin_Lundgren; pl: https://pl.wikipedia.org/wiki/Kerstin_Lundgren; ru: https://ru.wikipedia.org/wiki/%D0%9B%D1%83%D0%BD%D0%B4%D0%B3%D1%80%D0%B5%D0%BD,_%D0%9A%D0%B5%D1%80%D1%81%D1%82%D0%B8%D0%BD; uk: https://uk.wikipedia.org/wiki/%D0%9A%D0%B5%D1%80%D1%81%D1%82%D1%96%D0%BD_%D0%9B%D1%83%D0%BD%D0%B4%D0%B3%D1%80%D0%B5%D0%BD; zh: https://zh.wikipedia.org/wiki/%E5%91%82%E8%AC%9D%E5%A9%B7"
Magnus Haara,C,Skåne läns västra,Tjänstgörande riksdagsledamot,1972,97ebfc7e-1079-4fe4-88a1-94e472eff638,0775164379410,Q141507876,Saknar bild (P18),,,https://data.riksdagen.se/filarkiv/bilder/ledamot/97ebfc7e-1079-4fe4-88a1-94e472eff638_192.jpg,ja,sv: https://sv.wikipedia.org/wiki/Magnus_Haara
Martin Ådahl,C,Stockholms kommun,Tjänstgörande riksdagsledamot,1969,1e70f7df-dd11-410b-941a-bcac14e919a8,0494843794418,Q6254715,Har bild (P18),http://commons.wikimedia.org/wiki/Special:FilePath/Martin%20%C3%85dahl%202018%20001.jpg,,https://data.riksdagen.se/filarkiv/bilder/ledamot/1e70f7df-dd11-410b-941a-bcac14e919a8_192.jpg,ja,sv: https://sv.wikipedia.org/wiki/Martin_%C3%85dahl; en: https://en.wikipedia.org/wiki/Martin_%C3%85dahl; fr: https://fr.wikipedia.org/wiki/Martin_%C3%85dahl
Martina Johansson,C,Södermanlands län,Tjänstgörande riksdagsledamot,1975,5f965f4e-69e5-489d-99bf-a8908fc3e34a,033935884729,Q71132178,Har bild (P18),http://commons.wikimedia.org/wiki/Special:FilePath/L1180169%20%2848913822837%29.jpg,,https://data.riksdagen.se/filarkiv/bilder/ledamot/5f965f4e-69e5-489d-99bf-a8908fc3e34a_192.jpg,ja,sv: https://sv.wikipedia.org/wiki/Martina_Johansson_(politiker); en: https://en.wikipedia.org/wiki/Martina_Johansson
Muharrem Demirok,C,Östergötlands län,Tjänstgörande riksdagsledamot,1976,8f411454-d7ac-46dd-b505-ad4de24ad18b,0251136832626,Q5620151,Har bild (P18),http://commons.wikimedia.org/wiki/Special:FilePath/Almedalen%20Muharrem%20Demirok%20%28cropped%29.jpg,,https://data.riksdagen.se/filarkiv/bilder/ledamot/8f411454-d7ac-46dd-b505-ad4de24ad18b_192.jpg,ja,sv: https://sv.wikipedia.org/wiki/Muharrem_Demirok; en: https://en.wikipedia.org/wiki/Muharrem_Demirok; fi: https://fi.wikipedia.org/wiki/Muharrem_Demirok; pl: https://pl.wikipedia.org/wiki/Muharrem_Demirok; tr: https://tr.wikipedia.org/wiki/Muharrem_Demirok
Niels Paarup-Petersen,C,Malmö kommun,Tjänstgörande riksdagsledamot,1978,1512b21b-9312-41bc-80ed-f4f0e58f1de4,0587736055221,Q63344500,Saknar bild (P18),,,https://data.riksdagen.se/filarkiv/bilder/ledamot/1512b21b-9312-41bc-80ed-f4f0e58f1de4_192.jpg,ja,sv: https://sv.wikipedia.org/wiki/Niels_Paarup-Petersen; en: https://en.wikipedia.org/wiki/Niels_Paarup-Petersen; da: https://da.wikipedia.org/wiki/Niels_Paarup-Petersen; no: https://no.wikipedia.org/wiki/Niels_Paarup-Petersen
Rasmus Elfström,C,Stockholms län,Tjänstgörande riksdagsledamot,1997,dafcbb29-8d2d-44cd-a3c8-eca656d46955,0877144786628,,Ingen identifierarmatchning – kontrollera Wikidata,,,https://data.riksdagen.se/filarkiv/bilder/ledamot/dafcbb29-8d2d-44cd-a3c8-eca656d46955_192.jpg,okant,
Rickard Nordin,C,Göteborgs kommun,Tjänstgörande riksdagsledamot,1983,a57d39bb-9f60-4def-ab90-97791ec56447,0132818093422,Q6015398,Har bild (P18),http://commons.wikimedia.org/wiki/Special:FilePath/Rickard%20Nordin.jpg,,https://data.riksdagen.se/filarkiv/bilder/ledamot/a57d39bb-9f60-4def-ab90-97791ec56447_192.jpg,ja,sv: https://sv.wikipedia.org/wiki/Rickard_Nordin; en: https://en.wikipedia.org/wiki/Rickard_Nordin; arz: https://arz.wikipedia.org/wiki/%D8%B1%D9%8A%D9%83%D8%A7%D8%B1%D8%AF_%D9%86%D9%88%D8%B1%D8%AF%D9%8A%D9%86
Stina Larsson,C,Skåne läns södra,Tjänstgörande riksdagsledamot,1977,7b077f5d-490e-4aab-84a0-7ecd607fe309,0847676507229,Q96678492,Saknar bild (P18),,,https://data.riksdagen.se/filarkiv/bilder/ledamot/7b077f5d-490e-4aab-84a0-7ecd607fe309_192.jpg,ja,sv: https://sv.wikipedia.org/wiki/Stina_Larsson; en: https://en.wikipedia.org/wiki/Stina_Larsson
Ulrika Heie,C,Västra Götalands läns östra,Tjänstgörande riksdagsledamot,1965,8c343e73-ddab-428a-87aa-0ab8e2879ce4,0836001490919,Q4987958,Har bild (P18),http://commons.wikimedia.org/wiki/Special:FilePath/Ulrika%20Carlsson%2002.jpg,,https://data.riksdagen.se/filarkiv/bilder/ledamot/8c343e73-ddab-428a-87aa-0ab8e2879ce4_192.jpg,ja,sv: https://sv.wikipedia.org/wiki/Ulrika_Heie; en: https://en.wikipedia.org/wiki/Ulrika_Heie; arz: https://arz.wikipedia.org/wiki/%D8%A7%D9%84%D8%B1%D9%8A%D9%83%D8%A7_%D9%87%D9%89; tr: https://tr.wikipedia.org/wiki/Ulrika_Heie
Ulrika Liljeberg,C,Dalarnas län,Tjänstgörande riksdagsledamot,1969,c9f2dae4-4f93-4363-98c6-c20adf4ba794,0440673458216,Q29040655,Saknar bild (P18),,,https://data.riksdagen.se/filarkiv/bilder/ledamot/c9f2dae4-4f93-4363-98c6-c20adf4ba794_192.jpg,ja,sv: https://sv.wikipedia.org/wiki/Ulrika_Liljeberg; en: https://en.wikipedia.org/wiki/Ulrika_Liljeberg
Camilla Brodin,KD,Stockholms kommun,Tjänstgörande riksdagsledamot,1979,86c365a5-452c-4bca-8871-45bf67a44645,0378597308227,Q63870850,Har bild (P18),http://commons.wikimedia.org/wiki/Special:FilePath/Camilla%20Brodin%2C%20Kristdemokraterna.jpg,,https://data.riksdagen.se/filarkiv/bilder/ledamot/86c365a5-452c-4bca-8871-45bf67a44645_192.jpg,ja,sv: https://sv.wikipedia.org/wiki/Camilla_Brodin; en: https://en.wikipedia.org/wiki/Camilla_Brodin
Camilla Rinaldo Miller,KD,Jönköpings län,Tjänstgörande riksdagsledamot,1969,f35d1113-d26c-4e3f-aec4-b175d31d384f,0302393368216,Q114772526,Saknar bild (P18),,,https://data.riksdagen.se/filarkiv/bilder/ledamot/f35d1113-d26c-4e3f-aec4-b175d31d384f_192.jpg,ja,sv: https://sv.wikipedia.org/wiki/Camilla_Rinaldo_Miller; en: https://en.wikipedia.org/wiki/Camilla_Rinaldo_Miller
Carl Wiktor Svensson,KD,Kalmar län,Tjänstgörande riksdagsledamot,1990,d3541f13-a01f-4761-aac3-850990c44a73,0407051482520,,Ingen identifierarmatchning – kontrollera Wikidata,,,https://data.riksdagen.se/filarkiv/bilder/ledamot/d3541f13-a01f-4761-aac3-850990c44a73_192.jpg,okant,
Cecilia Engström,KD,Skåne läns södra,Tjänstgörande riksdagsledamot,1972,6225d351-aa7a-4a12-94a0-084b7077a7af,0256404677510,Q4946795,Saknar bild (P18),,,https://data.riksdagen.se/filarkiv/bilder/ledamot/6225d351-aa7a-4a12-94a0-084b7077a7af_192.jpg,ja,sv: https://sv.wikipedia.org/wiki/Cecilia_Engstr%C3%B6m_(kristdemokrat); en: https://en.wikipedia.org/wiki/Cecilia_Engstr%C3%B6m
Christian Carlsson,KD,Stockholms län,Tjänstgörande riksdagsledamot,1987,2774ffff-fec1-459c-b172-974af448f147,0389220391128,Q27750419,Saknar bild (P18),,,https://data.riksdagen.se/filarkiv/bilder/ledamot/2774ffff-fec1-459c-b172-974af448f147_192.jpg,ja,sv: https://sv.wikipedia.org/wiki/Christian_Carlsson; en: https://en.wikipedia.org/wiki/Christian_Carlsson_(politician)
Dan Hovskär,KD,Västra Götalands läns östra,Tjänstgörande riksdagsledamot,1970,7673ff22-b111-483a-99cc-ca77f8cdda38,0635943298419,Q114772325,Saknar bild (P18),,,https://data.riksdagen.se/filarkiv/bilder/ledamot/7673ff22-b111-483a-99cc-ca77f8cdda38_192.jpg,ja,sv: https://sv.wikipedia.org/wiki/Dan_Hovsk%C3%A4r; en: https://en.wikipedia.org/wiki/Dan_Hovsk%C3%A4r
Hans Eklind,KD,Örebro län,Tjänstgörande statsrådsersättare,1966,f270f5c5-c28f-4267-8dff-0bead595f631,0494242537816,Q5629994,Har bild (P18),http://commons.wikimedia.org/wiki/Special:FilePath/Hans%20eklind.22g404.1322307%2004.jpg,,https://data.riksdagen.se/filarkiv/bilder/ledamot/f270f5c5-c28f-4267-8dff-0bead595f631_192.jpg,ja,sv: https://sv.wikipedia.org/wiki/Hans_Eklind; en: https://en.wikipedia.org/wiki/Hans_Eklind
Ingemar Kihlström,KD,Västra Götalands läns södra,Tjänstgörande riksdagsledamot,1966,06f647f7-2937-4767-af38-04636afc040d,0828001951212,Q71340705,Har bild (P18),http://commons.wikimedia.org/wiki/Special:FilePath/Ingemar-Kihlstr%C3%B6m-240918-0409%20%282%29.jpg,,https://data.riksdagen.se/filarkiv/bilder/ledamot/06f647f7-2937-4767-af38-04636afc040d_192.jpg,ja,sv: https://sv.wikipedia.org/wiki/Ingemar_Kihlstr%C3%B6m; en: https://en.wikipedia.org/wiki/Ingemar_Kihlstr%C3%B6m
Johanna Holmdahl,KD,Göteborgs kommun,Tjänstgörande statsrådsersättare,1982,f1a85ded-7e97-4b1f-9b17-cb6ed6654d9d,0356608320529,,Ingen identifierarmatchning – kontrollera Wikidata,,,https://data.riksdagen.se/filarkiv/bilder/ledamot/f1a85ded-7e97-4b1f-9b17-cb6ed6654d9d_192.jpg,okant,
Kjell-Arne Ottosson,KD,Värmlands län,Tjänstgörande riksdagsledamot,1975,708eae46-00f3-433c-ba07-7129def782fb,0509415296421,Q70639708,Har bild (P18),http://commons.wikimedia.org/wiki/Special:FilePath/Kjell-Arne%20Ottosson.jpg,,https://data.riksdagen.se/filarkiv/bilder/ledamot/708eae46-00f3-433c-ba07-7129def782fb_192.jpg,ja,sv: https://sv.wikipedia.org/wiki/Kjell-Arne_Ottosson; en: https://en.wikipedia.org/wiki/Kjell-Arne_Ottosson
Larry Söder,KD,Hallands län,Tjänstgörande riksdagsledamot,1969,e238e06a-acac-4fae-829c-1773ee851878,0992473266516,Q21578777,Har bild (P18),http://commons.wikimedia.org/wiki/Special:FilePath/Larry%20S%C3%B6der%2001.jpg,,https://data.riksdagen.se/filarkiv/bilder/ledamot/e238e06a-acac-4fae-829c-1773ee851878_192.jpg,ja,sv: https://sv.wikipedia.org/wiki/Larry_S%C3%B6der; en: https://en.wikipedia.org/wiki/Larry_S%C3%B6der
Lili André,KD,Gävleborgs län,Tjänstgörande riksdagsledamot,1970,8bcaa801-9273-4771-a048-4427477353c6,0845133742919,Q110793990,Saknar bild (P18),,,https://data.riksdagen.se/filarkiv/bilder/ledamot/8bcaa801-9273-4771-a048-4427477353c6_192.jpg,ja,sv: https://sv.wikipedia.org/wiki/Lili_Andr%C3%A9; en: https://en.wikipedia.org/wiki/Lili_Andr%C3%A9
Liza-Maria Norlin,KD,Västernorrlands län,Tjänstgörande riksdagsledamot,1980,ae2d9769-f677-4a9e-8b3c-9757d8e381e1,0301987597720,Q4970253,Saknar bild (P18),,,https://data.riksdagen.se/filarkiv/bilder/ledamot/ae2d9769-f677-4a9e-8b3c-9757d8e381e1_192.jpg,ja,sv: https://sv.wikipedia.org/wiki/Liza-Maria_Norlin; en: https://en.wikipedia.org/wiki/Liza-Maria_Norlin; arz: https://arz.wikipedia.org/wiki/%D9%84%D9%8A%D8%B2%D8%A7_%D9%85%D8%A7%D8%B1%D9%8A%D8%A7_%D9%86%D9%88%D8%B1%D9%84%D9%8A%D9%86
Magnus Berntsson,KD,Västra Götalands läns västra,Tjänstgörande riksdagsledamot,1973,03e05e1c-c782-4df7-b206-dc79027702cd,0737824098113,Q5574173,Saknar bild (P18),,,https://data.riksdagen.se/filarkiv/bilder/ledamot/03e05e1c-c782-4df7-b206-dc79027702cd_192.jpg,ja,sv: https://sv.wikipedia.org/wiki/Magnus_Berntsson; en: https://en.wikipedia.org/wiki/Magnus_Berntsson
Magnus Jacobsson,KD,Västra Götalands läns norra,Tjänstgörande riksdagsledamot,1968,d7c3282f-83e4-11d4-ae60-0050040c9b55,0977592683711,Q5826586,Saknar bild (P18),,,https://data.riksdagen.se/filarkiv/bilder/ledamot/d7c3282f-83e4-11d4-ae60-0050040c9b55_192.jpg,ja,sv: https://sv.wikipedia.org/wiki/Magnus_Jacobsson; en: https://en.wikipedia.org/wiki/Magnus_Jacobsson; arz: https://arz.wikipedia.org/wiki/%D9%85%D8%A7%D8%AC%D9%86%D9%88%D8%B3_%DA%86%D8%A7%D9%83%D9%88%D8%A8%D8%B3%D9%88%D9%86
Magnus Oscarsson,KD,Östergötlands län,Tjänstgörande riksdagsledamot,1970,0d218eb6-6294-4587-8abf-be0a351d7213,0792733370419,Q18244900,Har bild (P18),http://commons.wikimedia.org/wiki/Special:FilePath/Magnus%20Oscarsson.jpg,,https://data.riksdagen.se/filarkiv/bilder/ledamot/0d218eb6-6294-4587-8abf-be0a351d7213_192.jpg,ja,sv: https://sv.wikipedia.org/wiki/Magnus_Oscarsson; en: https://en.wikipedia.org/wiki/Magnus_Oscarsson; arz: https://arz.wikipedia.org/wiki/%D9%85%D8%A7%D8%AC%D9%86%D9%88%D8%B3_%D8%A7%D9%88%D8%B3%D9%83%D8%A7%D8%B1%D8%B3%D9%88%D9%86; pt: https://pt.wikipedia.org/wiki/Magnus_Oscarsson
Martin Hallander,KD,Skåne läns norra och östra,Tjänstgörande riksdagsledamot,1993,790f9cd1-5009-4ff8-b207-b533ecc50371,0396903353424,,Ingen identifierarmatchning – kontrollera Wikidata,,,https://data.riksdagen.se/filarkiv/bilder/ledamot/790f9cd1-5009-4ff8-b207-b533ecc50371_192.jpg,okant,
Mathias Bengtsson,KD,Dalarnas län,Tjänstgörande riksdagsledamot,1998,75d88062-5bda-4ead-9b9e-3f90184afa11,069534526423,Q114141183,Har bild (P18),http://commons.wikimedia.org/wiki/Special:FilePath/Mathias%20Bengtsson.jpg,,https://data.riksdagen.se/filarkiv/bilder/ledamot/75d88062-5bda-4ead-9b9e-3f90184afa11_192.jpg,ja,sv: https://sv.wikipedia.org/wiki/Mathias_Bengtsson_(kristdemokrat); en: https://en.wikipedia.org/wiki/Mathias_Bengtsson
Mikael Oscarsson,KD,Uppsala län,Tjänstgörande riksdagsledamot,1967,d7c3256b-83e4-11d4-ae60-0050040c9b55,0973782197017,Q6030080,Har bild (P18),http://commons.wikimedia.org/wiki/Special:FilePath/Mikael%20oscarsson.riksmotet2016.16d759.1340338.jpg,,https://data.riksdagen.se/filarkiv/bilder/ledamot/d7c3256b-83e4-11d4-ae60-0050040c9b55_192.jpg,ja,sv: https://sv.wikipedia.org/wiki/Mikael_Oscarsson; en: https://en.wikipedia.org/wiki/Mikael_Oscarsson; arz: https://arz.wikipedia.org/wiki/%D9%85%D9%8A%D9%83%D8%A7%D9%8A%D9%84_%D8%A7%D9%88%D8%B3%D9%83%D8%A7%D8%B1%D8%B3%D9%88%D9%86
Paul Sabo,KD,Södermanlands län,Tjänstgörande riksdagsledamot,2001,feb13d30-42a0-484c-8ec7-a71354db9d36,0632665870298,,Ingen identifierarmatchning – kontrollera Wikidata,,,https://data.riksdagen.se/filarkiv/bilder/ledamot/feb13d30-42a0-484c-8ec7-a71354db9d36_192.jpg,okant,
Veronica Kerr,KD,Västerbottens län,Tjänstgörande riksdagsledamot,1970,97d91bd2-3bc5-4c93-8c6e-a1b9d9faac60,068293047210,Q141545249,Saknar bild (P18),,,https://data.riksdagen.se/filarkiv/bilder/ledamot/97d91bd2-3bc5-4c93-8c6e-a1b9d9faac60_192.jpg,ja,sv: https://sv.wikipedia.org/wiki/Veronica_Kerr; en: https://en.wikipedia.org/wiki/Veronica_Kerr
Yusuf Aydin,KD,Stockholms län,Tjänstgörande statsrådsersättare,1982,533ec261-0b17-4458-b6bd-e3e7e2cad6d6,0245468368228,Q115170015,Har bild (P18),http://commons.wikimedia.org/wiki/Special:FilePath/Yusuf%20Aydin.jpg,,https://data.riksdagen.se/filarkiv/bilder/ledamot/533ec261-0b17-4458-b6bd-e3e7e2cad6d6_192.jpg,ja,sv: https://sv.wikipedia.org/wiki/Yusuf_Aydin; en: https://en.wikipedia.org/wiki/Yusuf_Aydin_(politician)
Anders Ekegren,L,Stockholms län,Tjänstgörande riksdagsledamot,1957,e471dfa7-4839-4dc3-8784-8af20ce8e403,0714968014016,Q132718105,Saknar bild (P18),,,https://data.riksdagen.se/filarkiv/bilder/ledamot/e471dfa7-4839-4dc3-8784-8af20ce8e403_192.jpg,ja,sv: https://sv.wikipedia.org/wiki/Anders_Ekegren
Camilla Mårtensen,L,Skåne läns södra,Tjänstgörande riksdagsledamot,1970,327ef4fd-e9a9-46d3-8e10-3267001f3be6,0397073482210,Q29059703,Saknar bild (P18),,,https://data.riksdagen.se/filarkiv/bilder/ledamot/327ef4fd-e9a9-46d3-8e10-3267001f3be6_192.jpg,ja,sv: https://sv.wikipedia.org/wiki/Camilla_M%C3%A5rtensen; en: https://en.wikipedia.org/wiki/Camilla_M%C3%A5rtensen
Cecilia Prins,L,Västra Götalands läns norra,Tjänstgörande riksdagsledamot,1979,c4e6dd75-631a-4e72-9e2c-11c62fdab5ea,0741297456226,Q141527604,Saknar bild (P18),,,https://data.riksdagen.se/filarkiv/bilder/ledamot/c4e6dd75-631a-4e72-9e2c-11c62fdab5ea_192.jpg,ja,sv: https://sv.wikipedia.org/wiki/Cecilia_Prins; en: https://en.wikipedia.org/wiki/Cecilia_Prins
Elin Andersson,L,Västra Götalands läns västra,Tjänstgörande riksdagsledamot,1981,d50bcd6f-d952-4908-a8f3-cf64f2a86ca0,014998255626,Q141527533,Saknar bild (P18),,,https://data.riksdagen.se/filarkiv/bilder/ledamot/d50bcd6f-d952-4908-a8f3-cf64f2a86ca0_192.jpg,ja,sv: https://sv.wikipedia.org/wiki/Elin_Andersson
Elin Hjelmestam,L,Stockholms kommun,Tjänstgörande statsrådsersättare,1999,a92f6589-4515-429d-a399-074d0aee943f,076855336638,,Ingen identifierarmatchning – kontrollera Wikidata,,,https://data.riksdagen.se/filarkiv/bilder/ledamot/a92f6589-4515-429d-a399-074d0aee943f_192.jpg,okant,
Erik Nygårds,L,Jönköpings län,Tjänstgörande riksdagsledamot,1965,2cfb4844-7366-4385-ba4b-bbf1401af88c,0362791199110,Q141506864,Saknar bild (P18),,,https://data.riksdagen.se/filarkiv/bilder/ledamot/2cfb4844-7366-4385-ba4b-bbf1401af88c_192.jpg,ja,sv: https://sv.wikipedia.org/wiki/Erik_Nyg%C3%A5rds
Hanna Schölander,L,Hallands län,Tjänstgörande riksdagsledamot,1979,ec53a44a-1d9d-4399-8e75-1a4649efa08b,0921977442025,Q141510153,Saknar bild (P18),,,https://data.riksdagen.se/filarkiv/bilder/ledamot/ec53a44a-1d9d-4399-8e75-1a4649efa08b_192.jpg,ja,sv: https://sv.wikipedia.org/wiki/Hanna_Sch%C3%B6lander
Joar Forssell,L,Stockholms kommun,Tjänstgörande riksdagsledamot,1993,1c9bf350-8e09-4e61-b337-d03d4656b86a,0980092192122,Q26305112,Har bild (P18),http://commons.wikimedia.org/wiki/Special:FilePath/Joar%20Forssell%20and%20Philip%20Botstr%C3%B6m%20interviewed%20by%20SR%20in%20Almedalen%202018%20%28cropped%29.jpg,,https://data.riksdagen.se/filarkiv/bilder/ledamot/1c9bf350-8e09-4e61-b337-d03d4656b86a_192.jpg,ja,sv: https://sv.wikipedia.org/wiki/Joar_Forssell; en: https://en.wikipedia.org/wiki/Joar_Forssell
Lars Leijonborg,L,Malmö kommun,Tjänstgörande riksdagsledamot,1949,d7c31988-83e4-11d4-ae60-0050040c9b55,0980725315516,Q946818,Har bild (P18),http://commons.wikimedia.org/wiki/Special:FilePath/Lars%20Leijonborg%2C%20director%20of%20the%20Teskedsorden%20Foundation.jpg,,https://data.riksdagen.se/filarkiv/bilder/ledamot/d7c31988-83e4-11d4-ae60-0050040c9b55_192.jpg,ja,sv: https://sv.wikipedia.org/wiki/Lars_Leijonborg; en: https://en.wikipedia.org/wiki/Lars_Leijonborg; arz: https://arz.wikipedia.org/wiki/%D9%84%D8%A7%D8%B1%D8%B3_%D9%84%D9%8A%DA%86%D9%88%D9%86%D8%A8%D9%88%D8%B1%D8%AC; da: https://da.wikipedia.org/wiki/Lars_Leijonborg; de: https://de.wikipedia.org/wiki/Lars_Leijonborg; es: https://es.wikipedia.org/wiki/Lars_Leijonborg; fi: https://fi.wikipedia.org/wiki/Lars_Leijonborg; fr: https://fr.wikipedia.org/wiki/Lars_Leijonborg; id: https://id.wikipedia.org/wiki/Lars_Leijonborg; it: https://it.wikipedia.org/wiki/Lars_Leijonborg; nl: https://nl.wikipedia.org/wiki/Lars_Leijonborg; no: https://no.wikipedia.org/wiki/Lars_Leijonborg; pl: https://pl.wikipedia.org/wiki/Lars_Leijonborg; pt: https://pt.wikipedia.org/wiki/Lars_Leijonborg
Lina Nordquist,L,Uppsala län,Tjänstgörande riksdagsledamot,1977,87042942-c4f6-46ff-9eac-fceaf25729d5,0161616238120,Q16595953,Har bild (P18),http://commons.wikimedia.org/wiki/Special:FilePath/Lina%20Nordquist.jpg,,https://data.riksdagen.se/filarkiv/bilder/ledamot/87042942-c4f6-46ff-9eac-fceaf25729d5_192.jpg,ja,sv: https://sv.wikipedia.org/wiki/Lina_Nordquist; en: https://en.wikipedia.org/wiki/Lina_Nordquist; et: https://et.wikipedia.org/wiki/Lina_Nordquist; pt: https://pt.wikipedia.org/wiki/Lina_Nordquist
Louise Minnhagen,L,Stockholms län,Tjänstgörande statsrådsersättare,1969,ac75480c-23ab-4d5e-bae8-d31ff23539fe,0947183329316,,Ingen identifierarmatchning – kontrollera Wikidata,,,https://data.riksdagen.se/filarkiv/bilder/ledamot/ac75480c-23ab-4d5e-bae8-d31ff23539fe_192.jpg,okant,
Marcus Willershausen,L,Stockholms län,Tjänstgörande statsrådsersättare,2000,e7ebb4e8-5e45-4075-83b8-b59ca634aaea,0133295889596,,Ingen identifierarmatchning – kontrollera Wikidata,,,https://data.riksdagen.se/filarkiv/bilder/ledamot/e7ebb4e8-5e45-4075-83b8-b59ca634aaea_192.jpg,okant,
Marianne Littke,L,Skåne läns norra och östra,Tjänstgörande riksdagsledamot,1965,36b02267-849b-4d27-a209-07427615e518,085691144610,Q141509810,Saknar bild (P18),,,https://data.riksdagen.se/filarkiv/bilder/ledamot/36b02267-849b-4d27-a209-07427615e518_192.jpg,ja,sv: https://sv.wikipedia.org/wiki/Marianne_Littke
Martin Melin,L,Stockholms kommun,Tjänstgörande statsrådsersättare,1967,99210e96-940b-4a89-9ce4-964d378087e1,0576122429317,Q5983849,Har bild (P18),http://commons.wikimedia.org/wiki/Special:FilePath/Martin%20Melin%202011.jpg; http://commons.wikimedia.org/wiki/Special:FilePath/Martin%20Melin%20in%20August%202013.jpg,,https://data.riksdagen.se/filarkiv/bilder/ledamot/99210e96-940b-4a89-9ce4-964d378087e1_192.jpg,ja,sv: https://sv.wikipedia.org/wiki/Martin_Melin_(polis); en: https://en.wikipedia.org/wiki/Martin_Melin
Mauricio Rojas,L,Skåne läns västra,Tjänstgörande riksdagsledamot,1950,9582a1f0-fdb6-4f0e-a066-bc410e032160,0591055036519,Q2396467,Har bild (P18),http://commons.wikimedia.org/wiki/Special:FilePath/Mauricio%20Rojas%20Mullor%20%28official%20portrait%29.png,,https://data.riksdagen.se/filarkiv/bilder/ledamot/9582a1f0-fdb6-4f0e-a066-bc410e032160_192.jpg,ja,sv: https://sv.wikipedia.org/wiki/Mauricio_Rojas; en: https://en.wikipedia.org/wiki/Mauricio_Rojas; ar: https://ar.wikipedia.org/wiki/%D9%85%D8%A7%D9%88%D8%B1%D9%8A%D8%B3%D9%8A%D9%88_%D8%B1%D9%88%D8%AC%D8%A7%D8%B3; arz: https://arz.wikipedia.org/wiki/%D9%85%D8%A7%D9%88%D8%B1%D9%8A%D8%B3%D9%8A%D9%88_%D8%B1%D9%88%D8%AC%D8%A7%D8%B3; de: https://de.wikipedia.org/wiki/Mauricio_Rojas_Mullor; es: https://es.wikipedia.org/wiki/Mauricio_Rojas_Mullor; it: https://it.wikipedia.org/wiki/Mauricio_Rojas; no: https://no.wikipedia.org/wiki/Mauricio_Rojas
Patrik Karlson,L,Östergötlands län,Tjänstgörande riksdagsledamot,1987,75418838-bb8e-4b7b-964a-967085876d4b,0973350087929,Q124745556,Saknar bild (P18),,,https://data.riksdagen.se/filarkiv/bilder/ledamot/75418838-bb8e-4b7b-964a-967085876d4b_192.jpg,ja,sv: https://sv.wikipedia.org/wiki/Patrik_Karlson_(politiker)
Pär Gustafsson,L,Göteborgs kommun,Tjänstgörande statsrådsersättare,1983,c90539fa-b041-4e4a-a10c-7b3356060f0d,0296399299324,,Ingen identifierarmatchning – kontrollera Wikidata,,,https://data.riksdagen.se/filarkiv/bilder/ledamot/c90539fa-b041-4e4a-a10c-7b3356060f0d_192.jpg,okant,
Roger Haddad,L,Västmanlands län,Tjänstgörande riksdagsledamot,1978,521898f1-51de-46ff-8701-d28b8a0e651d,0308306375022,Q5781437,Har bild (P18),http://commons.wikimedia.org/wiki/Special:FilePath/Roger%20Haddad.jpg,,https://data.riksdagen.se/filarkiv/bilder/ledamot/521898f1-51de-46ff-8701-d28b8a0e651d_192.jpg,ja,sv: https://sv.wikipedia.org/wiki/Roger_Haddad; arz: https://arz.wikipedia.org/wiki/%D8%B1%D9%88%D8%AC%D9%8A%D8%B1_%D9%87%D8%A7%D8%AF%D8%A7%D8%AF
Willhelm Sundman,L,Örebro län,Tjänstgörande riksdagsledamot,1992,9aea1fd5-c372-44da-8746-1a9770c6da0a,0148532412629,Q141502087,Saknar bild (P18),,,https://data.riksdagen.se/filarkiv/bilder/ledamot/9aea1fd5-c372-44da-8746-1a9770c6da0a_192.jpg,ja,sv: https://sv.wikipedia.org/wiki/Willhelm_Sundman; en: https://en.wikipedia.org/wiki/Willhelm_Sundman
Adam Reuterskiöld,M,Stockholms län,Tjänstgörande riksdagsledamot,1966,cbde60e5-7333-4e7c-8582-2dba9808983e,04571388712,Q40741721,Saknar bild (P18),,,https://data.riksdagen.se/filarkiv/bilder/ledamot/cbde60e5-7333-4e7c-8582-2dba9808983e_192.jpg,ja,sv: https://sv.wikipedia.org/wiki/Adam_Reuterski%C3%B6ld_(moderat); en: https://en.wikipedia.org/wiki/Adam_Reuterski%C3%B6ld
Alexander Rosenberg,M,Stockholms län,Tjänstgörande statsrådsersättare,1988,57b013ab-aeb8-4572-baf7-d6e913ac1785,0542980071622,,Ingen identifierarmatchning – kontrollera Wikidata,,,https://data.riksdagen.se/filarkiv/bilder/ledamot/57b013ab-aeb8-4572-baf7-d6e913ac1785_192.jpg,okant,
Alexander Svensson,M,Skåne läns västra,Tjänstgörande riksdagsledamot,1995,461db39e-7c0a-4f5a-9f94-462d84ee6f47,0743233841823,Q141505363,Saknar bild (P18),,,https://data.riksdagen.se/filarkiv/bilder/ledamot/461db39e-7c0a-4f5a-9f94-462d84ee6f47_192.jpg,ja,sv: https://sv.wikipedia.org/wiki/Alexander_Svensson; en: https://en.wikipedia.org/wiki/Alexander_Svensson
Alexandra Anstrell,M,Stockholms län,Tjänstgörande riksdagsledamot,1974,8310e472-996b-4c8a-bce5-4d09fb20a66a,0866055333028,Q30035697,Har bild (P18),http://commons.wikimedia.org/wiki/Special:FilePath/Alexandra%20Anstrell%20in%202024.jpg,,https://data.riksdagen.se/filarkiv/bilder/ledamot/8310e472-996b-4c8a-bce5-4d09fb20a66a_192.jpg,ja,sv: https://sv.wikipedia.org/wiki/Alexandra_Anstrell; en: https://en.wikipedia.org/wiki/Alexandra_Anstrell
Alice Landerholm,M,Södermanlands län,Tjänstgörande statsrådsersättare,2003,624b359e-4675-4efe-83fa-52f663a0806a,0287286742398,,Ingen identifierarmatchning – kontrollera Wikidata,,,https://data.riksdagen.se/filarkiv/bilder/ledamot/624b359e-4675-4efe-83fa-52f663a0806a_192.jpg,okant,
Amanda Thonander,M,Skåne läns södra,Tjänstgörande riksdagsledamot,1996,856a13c2-983e-4c47-9ce0-ae0689803009,0366024425628,Q141505331,Saknar bild (P18),,,https://data.riksdagen.se/filarkiv/bilder/ledamot/856a13c2-983e-4c47-9ce0-ae0689803009_192.jpg,ja,sv: https://sv.wikipedia.org/wiki/Amanda_Thonander; en: https://en.wikipedia.org/wiki/Amanda_Thonander
Ann-Sofie Alm,M,Västra Götalands läns norra,Tjänstgörande riksdagsledamot,1971,f91f6a86-591c-449c-b3dd-1fdaa86338cd,028954589415,Q59269310,Saknar bild (P18),,,https://data.riksdagen.se/filarkiv/bilder/ledamot/f91f6a86-591c-449c-b3dd-1fdaa86338cd_192.jpg,ja,sv: https://sv.wikipedia.org/wiki/Ann-Sofie_Alm; en: https://en.wikipedia.org/wiki/Ann-Sofie_Alm
Anna Vedin,M,Västra Götalands läns västra,Tjänstgörande riksdagsledamot,1966,1242843a-e0eb-4758-9f6a-e674c4dbb6c3,0163772273014,Q124334755,Saknar bild (P18),,,https://data.riksdagen.se/filarkiv/bilder/ledamot/1242843a-e0eb-4758-9f6a-e674c4dbb6c3_192.jpg,ja,sv: https://sv.wikipedia.org/wiki/Anna_Vedin
Anna af Sillén,M,Södermanlands län,Tjänstgörande riksdagsledamot,1976,29ba1ada-536f-4fd9-8d87-d96c7ac21f2d,0592345073323,Q114772539,Saknar bild (P18),,,https://data.riksdagen.se/filarkiv/bilder/ledamot/29ba1ada-536f-4fd9-8d87-d96c7ac21f2d_192.jpg,ja,sv: https://sv.wikipedia.org/wiki/Anna_af_Sill%C3%A9n; en: https://en.wikipedia.org/wiki/Anna_af_Sill%C3%A9n
Annelie Hastig Olsson,M,Västra Götalands läns södra,Tjänstgörande riksdagsledamot,1974,e084c616-f0ef-44cc-8c9c-92088e106972,0348035469126,Q141527863,Saknar bild (P18),,,https://data.riksdagen.se/filarkiv/bilder/ledamot/e084c616-f0ef-44cc-8c9c-92088e106972_192.jpg,ja,sv: https://sv.wikipedia.org/wiki/Annelie_Hastig_Olsson
Boriana Åberg,M,Skåne läns södra,Tjänstgörande riksdagsledamot,1968,d3628aa4-ea6a-4466-8e2c-f3d0cb2d9cad,0105632258713,Q4990984,Har bild (P18),http://commons.wikimedia.org/wiki/Special:FilePath/Boriana%20%C3%85berg%2001.JPG,,https://data.riksdagen.se/filarkiv/bilder/ledamot/d3628aa4-ea6a-4466-8e2c-f3d0cb2d9cad_192.jpg,ja,"sv: https://sv.wikipedia.org/wiki/Boriana_%C3%85berg; en: https://en.wikipedia.org/wiki/Boriana_%C3%85berg; arz: https://arz.wikipedia.org/wiki/%D8%A8%D9%88%D8%B1%D9%8A%D8%A7%D9%86%D8%A7_%D8%A7%D9%88%D8%A8%D9%8A%D8%B1%D8%AC; ha: https://ha.wikipedia.org/wiki/Boriana_%C3%85berg; ig: https://ig.wikipedia.org/wiki/Boriana_%C3%85berg; mk: https://mk.wikipedia.org/wiki/%D0%91%D0%BE%D1%80%D0%B8%D1%98%D0%B0%D0%BD%D0%B0_%D0%9E%D0%B1%D0%B5%D1%80%D0%B3; ru: https://ru.wikipedia.org/wiki/%D0%9E%D0%B1%D0%B5%D1%80%D0%B3,_%D0%91%D0%BE%D1%80%D0%B8%D0%B0%D0%BD%D0%B0; yo: https://yo.wikipedia.org/wiki/Boriana_%C3%85berg; zh: https://zh.wikipedia.org/wiki/%E6%AD%90%E6%9F%8F%E8%8E%89"
Carl Nordblom,M,Stockholms kommun,Tjänstgörande riksdagsledamot,1994,645d7ec6-f5b4-4aa7-894c-bb86da008bae,0723133822026,Q114772436,Saknar bild (P18),,,https://data.riksdagen.se/filarkiv/bilder/ledamot/645d7ec6-f5b4-4aa7-894c-bb86da008bae_192.jpg,ja,sv: https://sv.wikipedia.org/wiki/Carl_Nordblom; en: https://en.wikipedia.org/wiki/Carl_Nordblom
Caroline Högström,M,Västmanlands län,Tjänstgörande riksdagsledamot,1991,4f4ca426-62df-4eb0-8f56-6a6ae9bdf4e9,0525562399327,Q114031256,Saknar bild (P18),,,https://data.riksdagen.se/filarkiv/bilder/ledamot/4f4ca426-62df-4eb0-8f56-6a6ae9bdf4e9_192.jpg,ja,sv: https://sv.wikipedia.org/wiki/Caroline_H%C3%B6gstr%C3%B6m; en: https://en.wikipedia.org/wiki/Caroline_H%C3%B6gstr%C3%B6m
Charlotte Broberg,M,Stockholms kommun,Tjänstgörande statsrådsersättare,1968,c0864bde-326e-4461-b2be-89f2b3db3ee8,0575282798912,,Ingen identifierarmatchning – kontrollera Wikidata,,,https://data.riksdagen.se/filarkiv/bilder/ledamot/c0864bde-326e-4461-b2be-89f2b3db3ee8_192.jpg,okant,
Charlotte Nordström,M,Västra Götalands läns östra,Tjänstgörande riksdagsledamot,1963,c3f37b2d-c8a6-430f-8617-8f1cadd8354d,0834510274913,Q4970153,Har bild (P18),http://commons.wikimedia.org/wiki/Special:FilePath/CharlotteNordstrom.jpg,,https://data.riksdagen.se/filarkiv/bilder/ledamot/c3f37b2d-c8a6-430f-8617-8f1cadd8354d_192.jpg,ja,sv: https://sv.wikipedia.org/wiki/Charlotte_Nordstr%C3%B6m; en: https://en.wikipedia.org/wiki/Charlotte_Nordstr%C3%B6m; arz: https://arz.wikipedia.org/wiki/%D8%AA%D8%B4%D8%A7%D8%B1%D9%84%D9%88%D8%AA_%D9%86%D9%88%D8%B1%D8%AF%D8%B3%D8%AA%D8%B1%D9%88%D9%85
Crister Carlsson,M,Dalarnas län,Tjänstgörande riksdagsledamot,1963,392a2ddd-593e-430b-9181-794b99a1ec7c,0387230530213,Q114772305,Saknar bild (P18),,,https://data.riksdagen.se/filarkiv/bilder/ledamot/392a2ddd-593e-430b-9181-794b99a1ec7c_192.jpg,ja,sv: https://sv.wikipedia.org/wiki/Crister_Carlsson
Daniel Lyckestam,M,Skåne läns norra och östra,Tjänstgörande riksdagsledamot,1991,3dd7b65b-f441-43da-819a-be40f6070208,0855092600927,Q141505157,Saknar bild (P18),,,https://data.riksdagen.se/filarkiv/bilder/ledamot/3dd7b65b-f441-43da-819a-be40f6070208_192.jpg,ja,sv: https://sv.wikipedia.org/wiki/Daniel_Lyckestam; en: https://en.wikipedia.org/wiki/Daniel_Lyckestam
David Josefsson,M,Göteborgs kommun,Tjänstgörande riksdagsledamot,1983,5d9734c8-d757-4862-8f2e-c292824120a7,0503029811325,Q70574439,Saknar bild (P18),,,https://data.riksdagen.se/filarkiv/bilder/ledamot/5d9734c8-d757-4862-8f2e-c292824120a7_192.jpg,ja,sv: https://sv.wikipedia.org/wiki/David_Josefsson; en: https://en.wikipedia.org/wiki/David_Josefsson
Dennis Alvdén,M,Västra Götalands läns västra,Tjänstgörande statsrådsersättare,1997,367c7989-e778-4ed4-a58a-62d1419d3ae3,0983384083620,,Ingen identifierarmatchning – kontrollera Wikidata,,,https://data.riksdagen.se/filarkiv/bilder/ledamot/367c7989-e778-4ed4-a58a-62d1419d3ae3_192.jpg,okant,
Edward Riedl,M,Västerbottens län,Tjänstgörande riksdagsledamot,1976,eaa4ca85-20f4-4375-8b76-61febbcf37f6,0273506284025,Q6071900,Har bild (P18),http://commons.wikimedia.org/wiki/Special:FilePath/Edward%20Riedl.jpg,,https://data.riksdagen.se/filarkiv/bilder/ledamot/eaa4ca85-20f4-4375-8b76-61febbcf37f6_192.jpg,ja,sv: https://sv.wikipedia.org/wiki/Edward_Riedl; en: https://en.wikipedia.org/wiki/Edward_Riedl; arz: https://arz.wikipedia.org/wiki/%D8%A7%D8%AF%D9%88%D8%A7%D8%B1%D8%AF_%D8%B1%D9%8A%D8%AF%D9%84
Elise Ryder Wikén,M,Jämtlands län,Tjänstgörande riksdagsledamot,1968,d1d8b76e-e3ae-4301-b6de-4c9b07ca65a1,0613012481513,,Ingen identifierarmatchning – kontrollera Wikidata,,,https://data.riksdagen.se/filarkiv/bilder/ledamot/d1d8b76e-e3ae-4301-b6de-4c9b07ca65a1_192.jpg,okant,
Erik Ottoson,M,Stockholms län,Tjänstgörande riksdagsledamot,1989,0f90ef03-a652-45a1-b697-39a33b32e512,0832311880029,Q19977128,Har bild (P18),http://commons.wikimedia.org/wiki/Special:FilePath/Erik%20Ottoson.jpg,,https://data.riksdagen.se/filarkiv/bilder/ledamot/0f90ef03-a652-45a1-b697-39a33b32e512_192.jpg,ja,sv: https://sv.wikipedia.org/wiki/Erik_Ottoson; en: https://en.wikipedia.org/wiki/Erik_Ottoson; arz: https://arz.wikipedia.org/wiki/%D8%A7%D8%B1%D9%8A%D9%83_%D8%A7%D9%88%D8%AA%D9%88%D8%B3%D9%88%D9%86
Fredrik Ahlstedt,M,Uppsala län,Tjänstgörande riksdagsledamot,1968,8403346f-0f0c-4d48-bbd0-f6b43b368873,0327372175911,Q47506077,Saknar bild (P18),,,https://data.riksdagen.se/filarkiv/bilder/ledamot/8403346f-0f0c-4d48-bbd0-f6b43b368873_192.jpg,ja,sv: https://sv.wikipedia.org/wiki/Fredrik_Ahlstedt_(politiker); en: https://en.wikipedia.org/wiki/Fredrik_Ahlstedt_(politician)
Fredrik Kärrholm,M,Stockholms län,Tjänstgörande riksdagsledamot,1985,6bb98a9d-c575-4c86-9470-48b1ecc5dc16,0600069352021,Q99528690,Har bild (P18),http://commons.wikimedia.org/wiki/Special:FilePath/Fredrik%20karrholm.jpg,,https://data.riksdagen.se/filarkiv/bilder/ledamot/6bb98a9d-c575-4c86-9470-48b1ecc5dc16_192.jpg,ja,sv: https://sv.wikipedia.org/wiki/Fredrik_K%C3%A4rrholm; en: https://en.wikipedia.org/wiki/Fredrik_K%C3%A4rrholm
Gustaf Göthberg,M,Göteborgs kommun,Tjänstgörande riksdagsledamot,1993,8809a02f-3918-49da-8228-3894a61bc72e,0984153507725,Q5620978,Har bild (P18),http://commons.wikimedia.org/wiki/Special:FilePath/Gustaf%20G%C3%B6thberg%20in%202023.jpg,,https://data.riksdagen.se/filarkiv/bilder/ledamot/8809a02f-3918-49da-8228-3894a61bc72e_192.jpg,ja,sv: https://sv.wikipedia.org/wiki/Gustaf_G%C3%B6thberg; en: https://en.wikipedia.org/wiki/Gustaf_G%C3%B6thberg
Hanna Netterberg,M,Hallands län,Tjänstgörande riksdagsledamot,1983,ce572d18-3b5b-425c-aebf-30e6e7d018d3,0963148100123,Q141509984,Saknar bild (P18),,,https://data.riksdagen.se/filarkiv/bilder/ledamot/ce572d18-3b5b-425c-aebf-30e6e7d018d3_192.jpg,ja,sv: https://sv.wikipedia.org/wiki/Hanna_Netterberg
Ida Drougge,M,Stockholms län,Tjänstgörande riksdagsledamot,1990,e8a2c04d-a186-421b-b1fd-a401f0917673,0604811710522,Q18202365,Har bild (P18),http://commons.wikimedia.org/wiki/Special:FilePath/Ida%20Drougge%20%2815992474209%29.jpg,,https://data.riksdagen.se/filarkiv/bilder/ledamot/e8a2c04d-a186-421b-b1fd-a401f0917673_192.jpg,ja,sv: https://sv.wikipedia.org/wiki/Ida_Drougge; en: https://en.wikipedia.org/wiki/Ida_Drougge; arz: https://arz.wikipedia.org/wiki/%D8%A7%D9%8A%D8%AF%D8%A7_%D8%AF%D8%B1%D9%88%D8%AC; es: https://es.wikipedia.org/wiki/Ida_Drougge
Jennie Bergius Eriksson,M,Västra Götalands läns norra,Tjänstgörande riksdagsledamot,1982,7cb4b5ae-2268-4b09-9a8a-c3c6a48e96a9,0111528589028,Q141527591,Saknar bild (P18),,,https://data.riksdagen.se/filarkiv/bilder/ledamot/7cb4b5ae-2268-4b09-9a8a-c3c6a48e96a9_192.jpg,ja,sv: https://sv.wikipedia.org/wiki/Jennie_Bergius_Eriksson
Jesper Skalberg Karlsson,M,Gotlands län,Tjänstgörande riksdagsledamot,1993,2f1a9d57-c488-4c8f-89cb-c1fb7e735170,0250583732424,Q18923356,Har bild (P18),http://commons.wikimedia.org/wiki/Special:FilePath/Jesper%20Skalberg%20Karlsson.jpg,,https://data.riksdagen.se/filarkiv/bilder/ledamot/2f1a9d57-c488-4c8f-89cb-c1fb7e735170_192.jpg,ja,sv: https://sv.wikipedia.org/wiki/Jesper_Skalberg_Karlsson; en: https://en.wikipedia.org/wiki/Jesper_Skalberg_Karlsson; arz: https://arz.wikipedia.org/wiki/%DA%86%D9%8A%D8%B3%D9%BE%D9%8A%D8%B1_%D8%B3%D9%83%D8%A7%D9%84%D8%A8%D9%8A%D8%B1%D8%AC_%D9%83%D8%A7%D8%B1%D9%84%D8%B3%D9%88%D9%86
Joanna Lewerentz,M,Stockholms län,Tjänstgörande riksdagsledamot,1992,92b5ac10-80fc-4905-951d-734abe7fa626,0750092881021,Q116482970,Saknar bild (P18),,,https://data.riksdagen.se/filarkiv/bilder/ledamot/92b5ac10-80fc-4905-951d-734abe7fa626_192.jpg,ja,sv: https://sv.wikipedia.org/wiki/Joanna_Lewerentz; en: https://en.wikipedia.org/wiki/Joanna_Lewerentz
Johanna Rantsi,M,Västra Götalands läns västra,Tjänstgörande riksdagsledamot,1990,0e87a191-cc1d-47c5-b4dd-4f8e5e2a03a6,0709911904721,Q98530561,Saknar bild (P18),,,https://data.riksdagen.se/filarkiv/bilder/ledamot/0e87a191-cc1d-47c5-b4dd-4f8e5e2a03a6_192.jpg,ja,sv: https://sv.wikipedia.org/wiki/Johanna_Rantsi; en: https://en.wikipedia.org/wiki/Johanna_Rantsi
John E. Weinerhall,M,Östergötlands län,Tjänstgörande riksdagsledamot,1995,5af2318e-82dc-4271-b219-c12b3d74d11a,0742883909221,Q56660151,Har bild (P18),http://commons.wikimedia.org/wiki/Special:FilePath/John%20Weinerhall%202.jpg,,https://data.riksdagen.se/filarkiv/bilder/ledamot/5af2318e-82dc-4271-b219-c12b3d74d11a_192.jpg,ja,sv: https://sv.wikipedia.org/wiki/John_E._Weinerhall; en: https://en.wikipedia.org/wiki/John_Weinerhall
Josefin Malmqvist,M,Stockholms län,Tjänstgörande riksdagsledamot,1987,698a36fb-19f3-48cf-bfda-20a17195fbd5,019430605328,Q42712344,Saknar bild (P18),,,https://data.riksdagen.se/filarkiv/bilder/ledamot/698a36fb-19f3-48cf-bfda-20a17195fbd5_192.jpg,ja,sv: https://sv.wikipedia.org/wiki/Josefin_Malmqvist; en: https://en.wikipedia.org/wiki/Josefin_Malmqvist; es: https://es.wikipedia.org/wiki/Josefin_Malmqvist
Jörgen Berglund,M,Västernorrlands län,Tjänstgörande riksdagsledamot,1974,fe6f437b-729a-4943-8e41-f43d39a5605f,0628005785225,Q57168821,Har bild (P18),http://commons.wikimedia.org/wiki/Special:FilePath/J%C3%B6rgen%20Berglund%20cropped.jpg,,https://data.riksdagen.se/filarkiv/bilder/ledamot/fe6f437b-729a-4943-8e41-f43d39a5605f_192.jpg,ja,sv: https://sv.wikipedia.org/wiki/J%C3%B6rgen_Berglund; en: https://en.wikipedia.org/wiki/J%C3%B6rgen_Berglund
Karin Enström,M,Stockholms län,Tjänstgörande riksdagsledamot,1966,d7c32504-83e4-11d4-ae60-0050040c9b55,0607691439013,Q3544279,Har bild (P18),http://commons.wikimedia.org/wiki/Special:FilePath/Karin%20Enstr%C3%B6m%20in%202015.jpg,,https://data.riksdagen.se/filarkiv/bilder/ledamot/d7c32504-83e4-11d4-ae60-0050040c9b55_192.jpg,ja,"sv: https://sv.wikipedia.org/wiki/Karin_Enstr%C3%B6m; en: https://en.wikipedia.org/wiki/Karin_Enstr%C3%B6m; arz: https://arz.wikipedia.org/wiki/%D9%83%D8%A7%D8%B1%D9%8A%D9%86_%D8%A7%D9%86%D8%B3%D8%AA%D8%B1%D9%88%D9%85; be: https://be.wikipedia.org/wiki/%D0%9A%D0%B0%D1%80%D1%8B%D0%BD_%D0%AD%D0%BD%D1%81%D1%82%D1%80%D0%BE%D0%BC; ca: https://ca.wikipedia.org/wiki/Karin_Enstr%C3%B6m; de: https://de.wikipedia.org/wiki/Karin_Enstr%C3%B6m; et: https://et.wikipedia.org/wiki/Karin_Enstr%C3%B6m; fi: https://fi.wikipedia.org/wiki/Karin_Enstr%C3%B6m; fr: https://fr.wikipedia.org/wiki/Karin_Enstr%C3%B6m; he: https://he.wikipedia.org/wiki/%D7%A7%D7%90%D7%A8%D7%99%D7%9F_%D7%90%D7%A0%D7%A1%D7%98%D7%A8%D7%9D; hy: https://hy.wikipedia.org/wiki/%D4%BF%D5%A1%D6%80%D5%AB%D5%B6_%D4%B7%D5%B6%D5%BD%D5%BF%D6%80%D5%B5%D5%B8%D5%B4; id: https://id.wikipedia.org/wiki/Karin_Enstr%C3%B6m; pl: https://pl.wikipedia.org/wiki/Karin_Enstr%C3%B6m; ru: https://ru.wikipedia.org/wiki/%D0%AD%D0%BD%D1%81%D1%82%D1%80%D1%91%D0%BC,_%D0%9A%D0%B0%D1%80%D0%B8%D0%BD; uk: https://uk.wikipedia.org/wiki/%D0%9A%D0%B0%D1%80%D1%96%D0%BD_%D0%95%D0%BD%D1%81%D1%82%D1%80%D0%B5%D0%BC"
Katarina Stenström Ros,M,Dalarnas län,Tjänstgörande statsrådsersättare,1966,9dec1223-0e44-4c20-8edb-23ad3a6acda5,0493411956313,,Ingen identifierarmatchning – kontrollera Wikidata,,,https://data.riksdagen.se/filarkiv/bilder/ledamot/9dec1223-0e44-4c20-8edb-23ad3a6acda5_192.jpg,okant,
Kristina Axén Olin,M,Stockholms kommun,Tjänstgörande riksdagsledamot,1962,8cafb7dc-dbdd-4ac4-bd56-1e4e75daa4a6,0502490570219,Q897282,Har bild (P18),http://commons.wikimedia.org/wiki/Special:FilePath/Kristina%20Ax%C3%A9n%20Olin.jpg,,https://data.riksdagen.se/filarkiv/bilder/ledamot/8cafb7dc-dbdd-4ac4-bd56-1e4e75daa4a6_192.jpg,ja,sv: https://sv.wikipedia.org/wiki/Kristina_Ax%C3%A9n_Olin; en: https://en.wikipedia.org/wiki/Kristina_Ax%C3%A9n_Olin; da: https://da.wikipedia.org/wiki/Kristina_Ax%C3%A9n_Olin; hu: https://hu.wikipedia.org/wiki/Kristina_Ax%C3%A9n_Olin; pl: https://pl.wikipedia.org/wiki/Kristina_Ax%C3%A9n_Olin; pt: https://pt.wikipedia.org/wiki/Kristina_Ax%C3%A9n_Olin
Lars Beckman,M,Gävleborgs län,Tjänstgörande riksdagsledamot,1967,db90fc94-9496-4748-9b84-bcfadc24af74,0588282566419,Q5596130,Har bild (P18),http://commons.wikimedia.org/wiki/Special:FilePath/Lars%20Beckman.jpg,,https://data.riksdagen.se/filarkiv/bilder/ledamot/db90fc94-9496-4748-9b84-bcfadc24af74_192.jpg,ja,sv: https://sv.wikipedia.org/wiki/Lars_Beckman; en: https://en.wikipedia.org/wiki/Lars_Beckman; arz: https://arz.wikipedia.org/wiki/%D9%84%D8%A7%D8%B1%D8%B3_%D8%A8%D9%8A%D9%83%D9%85%D8%A7%D9%86
Lars Johnsson,M,Skåne läns norra och östra,Tjänstgörande statsrådsersättare,1964,e4e65a06-a65b-43d5-9ce1-f2d8a8f2cc37,0410231576416,Q106862214,Saknar bild (P18),,,https://data.riksdagen.se/filarkiv/bilder/ledamot/e4e65a06-a65b-43d5-9ce1-f2d8a8f2cc37_192.jpg,ja,sv: https://sv.wikipedia.org/wiki/Lars_Johnsson
Lars Püss,M,Hallands län,Tjänstgörande riksdagsledamot,1966,9f5c5d35-c450-4068-923a-2d8d077223d5,0227531635413,Q30035679,Har bild (P18),http://commons.wikimedia.org/wiki/Special:FilePath/Lars%20P%C3%BCss%20i%20valr%C3%B6relsen%202018.jpg,,https://data.riksdagen.se/filarkiv/bilder/ledamot/9f5c5d35-c450-4068-923a-2d8d077223d5_192.jpg,ja,sv: https://sv.wikipedia.org/wiki/Lars_P%C3%BCss; en: https://en.wikipedia.org/wiki/Lars_P%C3%BCss
Linda Frohm,M,Norrbottens län,Tjänstgörande riksdagsledamot,1977,595d4d96-e251-47e6-b6fc-e15f8c5194c1,0947396490227,Q141545269,Saknar bild (P18),,,https://data.riksdagen.se/filarkiv/bilder/ledamot/595d4d96-e251-47e6-b6fc-e15f8c5194c1_192.jpg,ja,sv: https://sv.wikipedia.org/wiki/Linda_Frohm
Lotta Björklund,M,Värmlands län,Tjänstgörande statsrådsersättare,1969,437879a1-97ff-48bf-b780-aa19d71d08b5,0392083468315,,Ingen identifierarmatchning – kontrollera Wikidata,,,https://data.riksdagen.se/filarkiv/bilder/ledamot/437879a1-97ff-48bf-b780-aa19d71d08b5_192.jpg,okant,
Lotta Högström,M,Stockholms kommun,Tjänstgörande statsrådsersättare,1962,5bcc9f47-9952-437a-b155-9a89896c7eb3,0248070824217,,Ingen identifierarmatchning – kontrollera Wikidata,,,https://data.riksdagen.se/filarkiv/bilder/ledamot/5bcc9f47-9952-437a-b155-9a89896c7eb3_192.jpg,okant,
Louise Meijer,M,Skåne läns södra,Tjänstgörande riksdagsledamot,1990,88e092fa-1769-43c7-bfef-9d260811c982,0616721755222,Q57168719,Har bild (P18),http://commons.wikimedia.org/wiki/Special:FilePath/Louise%20Meijer%20Moderaterna.jpg,,https://data.riksdagen.se/filarkiv/bilder/ledamot/88e092fa-1769-43c7-bfef-9d260811c982_192.jpg,ja,sv: https://sv.wikipedia.org/wiki/Louise_Meijer; en: https://en.wikipedia.org/wiki/Louise_Meijer; es: https://es.wikipedia.org/wiki/Louise_Meijer; fi: https://fi.wikipedia.org/wiki/Louise_Meijer; fr: https://fr.wikipedia.org/wiki/Louise_Meijer
Magdalena Hermelin,M,Östergötlands län,Tjänstgörande talmansersättare,1975,e87f12b0-939e-468d-915d-44bace24e58e,0875225206221,,Ingen identifierarmatchning – kontrollera Wikidata,,,https://data.riksdagen.se/filarkiv/bilder/ledamot/e87f12b0-939e-468d-915d-44bace24e58e_192.jpg,okant,
Magnus Resare,M,Värmlands län,Tjänstgörande riksdagsledamot,1987,ddd14cee-8327-4c95-a2d5-b3ce4dbb3a8f,074310796828,Q114772470,Saknar bild (P18),,,https://data.riksdagen.se/filarkiv/bilder/ledamot/ddd14cee-8327-4c95-a2d5-b3ce4dbb3a8f_192.jpg,ja,sv: https://sv.wikipedia.org/wiki/Magnus_Resare
Maria Stockhaus,M,Stockholms län,Tjänstgörande statsrådsersättare,1963,ee32e119-fdfe-4e00-b136-b2102d79b2a6,0932000030511,Q4980571,Saknar bild (P18),,,https://data.riksdagen.se/filarkiv/bilder/ledamot/ee32e119-fdfe-4e00-b136-b2102d79b2a6_192.jpg,ja,sv: https://sv.wikipedia.org/wiki/Maria_Stockhaus; en: https://en.wikipedia.org/wiki/Maria_Stockhaus
Marie Nicholson,M,Kalmar län,Tjänstgörande riksdagsledamot,1976,8c8b9102-1695-4533-a2a2-f95b98c63032,0749416304126,Q75461145,Har bild (P18),http://commons.wikimedia.org/wiki/Special:FilePath/Marie%20Nicholson%20%28M%29.jpg,,https://data.riksdagen.se/filarkiv/bilder/ledamot/8c8b9102-1695-4533-a2a2-f95b98c63032_192.jpg,ja,sv: https://sv.wikipedia.org/wiki/Marie_Nicholson; en: https://en.wikipedia.org/wiki/Marie_Nicholson
Marie-Louise Hänel Sandström,M,Göteborgs kommun,Tjänstgörande riksdagsledamot,1968,ddbc56dc-35aa-4c01-828c-5a117e4f2682,0810852280213,Q70586981,Saknar bild (P18),,,https://data.riksdagen.se/filarkiv/bilder/ledamot/ddbc56dc-35aa-4c01-828c-5a117e4f2682_192.jpg,ja,sv: https://sv.wikipedia.org/wiki/Marie-Louise_H%C3%A4nel_Sandstr%C3%B6m; en: https://en.wikipedia.org/wiki/Marie-Louise_H%C3%A4nel_Sandstr%C3%B6m
Matilda Ekeblad,M,Östergötlands län,Tjänstgörande riksdagsledamot,1996,502333c3-46ac-4f71-adcd-a7850913e136,0871514710725,,Ingen identifierarmatchning – kontrollera Wikidata,,,https://data.riksdagen.se/filarkiv/bilder/ledamot/502333c3-46ac-4f71-adcd-a7850913e136_192.jpg,okant,
Mats Green,M,Jönköpings län,Tjänstgörande riksdagsledamot,1979,d5c26045-6fd1-4c05-8f97-7195e1e324ff,0538387395826,Q18239250,Har bild (P18),http://commons.wikimedia.org/wiki/Special:FilePath/Mats%20Green%20Moderaterna.jpg,,https://data.riksdagen.se/filarkiv/bilder/ledamot/d5c26045-6fd1-4c05-8f97-7195e1e324ff_192.jpg,ja,sv: https://sv.wikipedia.org/wiki/Mats_Green; en: https://en.wikipedia.org/wiki/Mats_Green; ar: https://ar.wikipedia.org/wiki/%D9%85%D8%A7%D8%AA%D8%B3_%D8%BA%D8%B1%D9%8A%D9%86
Mats Sander,M,Skåne läns västra,Tjänstgörande riksdagsledamot,1963,783cb616-bbb0-49ff-9f2a-1200fd90f133,0150200797210,Q6092482,Saknar bild (P18),,,https://data.riksdagen.se/filarkiv/bilder/ledamot/783cb616-bbb0-49ff-9f2a-1200fd90f133_192.jpg,ja,sv: https://sv.wikipedia.org/wiki/Mats_Sander; arz: https://arz.wikipedia.org/wiki/%D9%85%D8%A7%D8%AA%D8%B3_%D8%B3%D8%A7%D9%86%D8%AF%D9%8A%D8%B1
Mattias Karlsson,M,Norrbottens län,Tjänstgörande riksdagsledamot,1972,951f7039-b277-4696-ab49-7f0df0f39d1a,0522054204918,Q70588456,Saknar bild (P18),,,https://data.riksdagen.se/filarkiv/bilder/ledamot/951f7039-b277-4696-ab49-7f0df0f39d1a_192.jpg,ja,"sv: https://sv.wikipedia.org/wiki/Mattias_Karlsson_(moderat); en: https://en.wikipedia.org/wiki/Mattias_Karlsson_(politician,_born_1972)"
Merit Frost Lindberg,M,Stockholms kommun,Tjänstgörande statsrådsersättare,1973,20345589-95e2-4dc0-aec9-89a5c85d55dc,0533104339313,Q115564925,Saknar bild (P18),,,https://data.riksdagen.se/filarkiv/bilder/ledamot/20345589-95e2-4dc0-aec9-89a5c85d55dc_192.jpg,ja,sv: https://sv.wikipedia.org/wiki/Merit_Frost_Lindberg
Mikael Damsgaard,M,Västmanlands län,Tjänstgörande riksdagsledamot,1976,cd568a26-75c0-401e-a4de-d43589a8dc21,066036027425,Q70407251,Saknar bild (P18),,,https://data.riksdagen.se/filarkiv/bilder/ledamot/cd568a26-75c0-401e-a4de-d43589a8dc21_192.jpg,ja,sv: https://sv.wikipedia.org/wiki/Mikael_Damsgaard; en: https://en.wikipedia.org/wiki/Mikael_Damsgaard; pt: https://pt.wikipedia.org/wiki/Mikael_Damsgaard
Niclas Nilsson,M,Hallands län,Tjänstgörande ersättare,1965,9bac25ff-aea2-45c9-a0ad-e7ec3af930e5,0853651496711,,Ingen identifierarmatchning – kontrollera Wikidata,,,https://data.riksdagen.se/filarkiv/bilder/ledamot/9bac25ff-aea2-45c9-a0ad-e7ec3af930e5_192.jpg,okant,
Oliver Rosengren,M,Kronobergs län,Tjänstgörande riksdagsledamot,1992,6dc591b2-0f19-47a8-a143-355f8490952f,039102787629,Q71577635,Har bild (P18),http://commons.wikimedia.org/wiki/Special:FilePath/Oliver%20rosengren.22g405.1322401.jpg,,https://data.riksdagen.se/filarkiv/bilder/ledamot/6dc591b2-0f19-47a8-a143-355f8490952f_192.jpg,ja,sv: https://sv.wikipedia.org/wiki/Oliver_Rosengren; en: https://en.wikipedia.org/wiki/Oliver_Rosengren
Olle Olson,M,Kalmar län,Tjänstgörande riksdagsledamot,1994,ea1cfbec-efbf-496f-b6c7-5f4be8335761,0385243834229,Q141502840,Hittad via P1214 – saknar P8388,,Saknar P18,https://data.riksdagen.se/filarkiv/bilder/ledamot/ea1cfbec-efbf-496f-b6c7-5f4be8335761_192.jpg,ja,sv: https://sv.wikipedia.org/wiki/Olle_Olson; en: https://en.wikipedia.org/wiki/Olle_Olson
Oskar Svärd,M,Örebro län,Tjänstgörande riksdagsledamot,1995,550799bc-79b5-4dff-a26a-94c96a61ab5b,0372414474424,Q114198430,Saknar bild (P18),,,https://data.riksdagen.se/filarkiv/bilder/ledamot/550799bc-79b5-4dff-a26a-94c96a61ab5b_192.jpg,ja,sv: https://sv.wikipedia.org/wiki/Oskar_Sv%C3%A4rd_(politiker); en: https://en.wikipedia.org/wiki/Oskar_Sv%C3%A4rd_(politician)
Peter Ollén,M,Malmö kommun,Tjänstgörande riksdagsledamot,1959,d47e2539-1077-4182-bdb1-d4873dda8583,0191189790215,Q114031230,Har bild (P18),http://commons.wikimedia.org/wiki/Special:FilePath/2013-10-23%20Svenska%20Publishingdagen%2C%20Peter%20Oll%C3%A9n%202.JPG,,https://data.riksdagen.se/filarkiv/bilder/ledamot/d47e2539-1077-4182-bdb1-d4873dda8583_192.jpg,ja,sv: https://sv.wikipedia.org/wiki/Peter_Oll%C3%A9n; en: https://en.wikipedia.org/wiki/Peter_Oll%C3%A9n
Sophia Granswed Baat,M,Stockholms kommun,Tjänstgörande statsrådsersättare,1986,48a963f4-d039-4f56-af52-516ad2659b3d,0261500266924,,Ingen identifierarmatchning – kontrollera Wikidata,,,https://data.riksdagen.se/filarkiv/bilder/ledamot/48a963f4-d039-4f56-af52-516ad2659b3d_192.jpg,okant,
Stefan Olsson,M,Uppsala län,Tjänstgörande riksdagsledamot,1968,7aa3686d-39b7-4b72-9790-1ec8f7541b0d,0222102752213,Q6027959,Saknar bild (P18),,,https://data.riksdagen.se/filarkiv/bilder/ledamot/7aa3686d-39b7-4b72-9790-1ec8f7541b0d_192.jpg,ja,sv: https://sv.wikipedia.org/wiki/Stefan_Olsson_(statsvetare); en: https://en.wikipedia.org/wiki/Stefan_Olsson_(politician)
Sten Bergheden,M,Västra Götalands läns östra,Tjänstgörande riksdagsledamot,1965,641344b2-dc65-4282-b308-8fca005983a1,0828721176319,Q5572155,Har bild (P18),http://commons.wikimedia.org/wiki/Special:FilePath/Sten%20Bergheden.jpg,,https://data.riksdagen.se/filarkiv/bilder/ledamot/641344b2-dc65-4282-b308-8fca005983a1_192.jpg,ja,sv: https://sv.wikipedia.org/wiki/Sten_Bergheden; en: https://en.wikipedia.org/wiki/Sten_Bergheden; arz: https://arz.wikipedia.org/wiki/%D8%B3%D8%AA%D9%8A%D9%86_%D8%A8%D9%8A%D8%B1%D8%AC%D9%8A%D8%AF%D9%8A%D9%86
Susanne Wahlström,M,Jönköpings län,Tjänstgörande riksdagsledamot,1973,49227f78-f55c-4bfe-90d0-362031de6177,0541314446913,,Ingen identifierarmatchning – kontrollera Wikidata,,,https://data.riksdagen.se/filarkiv/bilder/ledamot/49227f78-f55c-4bfe-90d0-362031de6177_192.jpg,okant,
Thomas Ragnarsson,M,Kronobergs län,Tjänstgörande riksdagsledamot,1970,90b66947-2ca5-450f-a304-6e3d8af3dcb6,071293048118,Q114031224,Saknar bild (P18),,,https://data.riksdagen.se/filarkiv/bilder/ledamot/90b66947-2ca5-450f-a304-6e3d8af3dcb6_192.jpg,ja,sv: https://sv.wikipedia.org/wiki/Thomas_Ragnarsson; en: https://en.wikipedia.org/wiki/Thomas_Ragnarsson
Tony Rahm,M,Malmö kommun,Tjänstgörande ersättare,1987,afbe0872-7e2b-4aa9-9da2-36ea02a66e54,0869100760228,,Ingen identifierarmatchning – kontrollera Wikidata,,,https://data.riksdagen.se/filarkiv/bilder/ledamot/afbe0872-7e2b-4aa9-9da2-36ea02a66e54_192.jpg,okant,
Tony Ring,M,Örebro län,Tjänstgörande statsrådsersättare,1964,d049280b-2e71-426f-ba1b-4c7702330b2f,0218091322915,,Ingen identifierarmatchning – kontrollera Wikidata,,,https://data.riksdagen.se/filarkiv/bilder/ledamot/d049280b-2e71-426f-ba1b-4c7702330b2f_192.jpg,okant,
Ulrik Nilsson,M,Västra Götalands läns södra,Tjänstgörande riksdagsledamot,1963,3aebee98-eff2-4092-9618-b017c1821b84,0410640630411,Q6012202,Saknar bild (P18),,,https://data.riksdagen.se/filarkiv/bilder/ledamot/3aebee98-eff2-4092-9618-b017c1821b84_192.jpg,ja,sv: https://sv.wikipedia.org/wiki/Ulrik_Nilsson; en: https://en.wikipedia.org/wiki/Ulrik_Nilsson; arz: https://arz.wikipedia.org/wiki/%D8%A7%D9%84%D8%B1%D9%8A%D9%83_%D9%86%D9%8A%D9%84%D8%B3%D9%88%D9%86
Viktor Wärnick,M,Gävleborgs län,Tjänstgörande riksdagsledamot,1991,7cdc7712-4bb7-4361-8b72-8f98a111d0c5,0796312429425,Q60732958,Har bild (P18),http://commons.wikimedia.org/wiki/Special:FilePath/Viktor%20W%C3%A4rnick.jpg,,https://data.riksdagen.se/filarkiv/bilder/ledamot/7cdc7712-4bb7-4361-8b72-8f98a111d0c5_192.jpg,ja,sv: https://sv.wikipedia.org/wiki/Viktor_W%C3%A4rnick; en: https://en.wikipedia.org/wiki/Viktor_W%C3%A4rnick; pt: https://pt.wikipedia.org/wiki/Viktor_W%C3%A4rnick
Åsa Coenraads,M,Blekinge län,Tjänstgörande riksdagsledamot,1978,d07b112d-3095-4283-bf67-806499587845,0564126739422,Q4943175,Har bild (P18),http://commons.wikimedia.org/wiki/Special:FilePath/%C3%85sa%20Coenraads.jpg,,https://data.riksdagen.se/filarkiv/bilder/ledamot/d07b112d-3095-4283-bf67-806499587845_192.jpg,ja,sv: https://sv.wikipedia.org/wiki/%C3%85sa_Coenraads; arz: https://arz.wikipedia.org/wiki/%D8%A7%D9%88%D8%B3%D8%A7_%D9%83%D9%88%D9%8A%D9%86%D8%B1%D8%A7%D8%AF%D8%B3
Ajda Asgari,MP,Stockholms län,Tjänstgörande riksdagsledamot,1989,0961de3f-2705-417e-82b6-6a1e29757177,0948821964428,Q141503156,Saknar bild (P18),,,https://data.riksdagen.se/filarkiv/bilder/ledamot/0961de3f-2705-417e-82b6-6a1e29757177_192.jpg,ja,sv: https://sv.wikipedia.org/wiki/Ajda_Asgari
Amanda Lind,MP,Stockholms län,Tjänstgörande riksdagsledamot,1980,cc9a2dce-628c-4cbe-9e82-489b1078f7b8,0888807074321,Q24018140,Har bild (P18),http://commons.wikimedia.org/wiki/Special:FilePath/Amanda%20Lind%20Almedalsveckan%202023%201%20%28cropped%202%29.jpg,,https://data.riksdagen.se/filarkiv/bilder/ledamot/cc9a2dce-628c-4cbe-9e82-489b1078f7b8_192.jpg,ja,"sv: https://sv.wikipedia.org/wiki/Amanda_Lind; en: https://en.wikipedia.org/wiki/Amanda_Lind; af: https://af.wikipedia.org/wiki/Amanda_Lind; ar: https://ar.wikipedia.org/wiki/%D8%A3%D9%85%D8%A7%D9%86%D8%AF%D8%A7_%D9%84%D9%8A%D9%86%D8%AF; be: https://be.wikipedia.org/wiki/%D0%90%D0%BC%D0%B0%D0%BD%D0%B4%D0%B0_%D0%9B%D1%96%D0%BD%D0%B4; cs: https://cs.wikipedia.org/wiki/Amanda_Lindov%C3%A1; de: https://de.wikipedia.org/wiki/Amanda_Lind; eo: https://eo.wikipedia.org/wiki/Amanda_Lind; es: https://es.wikipedia.org/wiki/Amanda_Lind; fi: https://fi.wikipedia.org/wiki/Amanda_Lind; fr: https://fr.wikipedia.org/wiki/Amanda_Lind; ha: https://ha.wikipedia.org/wiki/Amanda_Lind; hu: https://hu.wikipedia.org/wiki/Amanda_Lind; id: https://id.wikipedia.org/wiki/Amanda_Lind; it: https://it.wikipedia.org/wiki/Amanda_Lind; no: https://no.wikipedia.org/wiki/Amanda_Lind; pl: https://pl.wikipedia.org/wiki/Amanda_Lind; ru: https://ru.wikipedia.org/wiki/%D0%9B%D0%B8%D0%BD%D0%B4,_%D0%90%D0%BC%D0%B0%D0%BD%D0%B4%D0%B0; simple: https://simple.wikipedia.org/wiki/Amanda_Lind; tr: https://tr.wikipedia.org/wiki/Amanda_Lind; uk: https://uk.wikipedia.org/wiki/%D0%90%D0%BC%D0%B0%D0%BD%D0%B4%D0%B0_%D0%9B%D1%96%D0%BD%D0%B4"
Annika Hirvonen,MP,Stockholms län,Tjänstgörande riksdagsledamot,1989,a9346ffe-2c1f-4e2b-b686-d8248a3d0db2,0819601620927,Q18242588,Har bild (P18),http://commons.wikimedia.org/wiki/Special:FilePath/Annika%20Hirvonen.jpg,,https://data.riksdagen.se/filarkiv/bilder/ledamot/a9346ffe-2c1f-4e2b-b686-d8248a3d0db2_192.jpg,ja,sv: https://sv.wikipedia.org/wiki/Annika_Hirvonen; en: https://en.wikipedia.org/wiki/Annika_Hirvonen; fi: https://fi.wikipedia.org/wiki/Annika_Hirvonen; pl: https://pl.wikipedia.org/wiki/Annika_Hirvonen
Bassem Nasr,MP,Malmö kommun,Tjänstgörande riksdagsledamot,1981,4ee449e9-0492-4408-ba0b-0db6ad5b0803,0639398547124,Q115110453,Saknar bild (P18),,,https://data.riksdagen.se/filarkiv/bilder/ledamot/4ee449e9-0492-4408-ba0b-0db6ad5b0803_192.jpg,ja,sv: https://sv.wikipedia.org/wiki/Bassem_Nasr; en: https://en.wikipedia.org/wiki/Bassem_Nasr
Camilla Hansén,MP,Örebro län,Tjänstgörande riksdagsledamot,1976,94f81deb-b316-4a83-8712-1e4d9f102ec2,0692076685824,Q22923559,Har bild (P18),http://commons.wikimedia.org/wiki/Special:FilePath/Camilla%20Hans%C3%A9n%202023%204.jpg,,https://data.riksdagen.se/filarkiv/bilder/ledamot/94f81deb-b316-4a83-8712-1e4d9f102ec2_192.jpg,ja,"sv: https://sv.wikipedia.org/wiki/Camilla_Hans%C3%A9n; en: https://en.wikipedia.org/wiki/Camilla_Hans%C3%A9n; be: https://be.wikipedia.org/wiki/%D0%9A%D0%B0%D0%BC%D1%96%D0%BB%D0%B0_%D0%A5%D0%B0%D0%BD%D1%81%D0%B5%D0%BD; be-tarask: https://be-tarask.wikipedia.org/wiki/%D0%9A%D0%B0%D0%BC%D1%96%D0%BB%D0%B0_%D0%93%D0%B0%D0%BD%D1%81%D1%8D%D0%BD; ca: https://ca.wikipedia.org/wiki/Camilla_Hans%C3%A9n; pt: https://pt.wikipedia.org/wiki/Camilla_Hans%C3%A9n; ru: https://ru.wikipedia.org/wiki/%D0%A5%D0%B0%D0%BD%D1%81%D0%B5%D0%BD,_%D0%9A%D0%B0%D0%BC%D0%B8%D0%BB%D0%BB%D0%B0"
Daniel Helldén,MP,Stockholms kommun,Tjänstgörande riksdagsledamot,1965,164a2468-a56f-45a7-a8a1-5ab6af559e19,0504851635310,Q5798982,Har bild (P18),http://commons.wikimedia.org/wiki/Special:FilePath/Daniel%20helld%C3%A9n%20mp.jpg,,https://data.riksdagen.se/filarkiv/bilder/ledamot/164a2468-a56f-45a7-a8a1-5ab6af559e19_192.jpg,ja,sv: https://sv.wikipedia.org/wiki/Daniel_Helld%C3%A9n; en: https://en.wikipedia.org/wiki/Daniel_Helld%C3%A9n; es: https://es.wikipedia.org/wiki/Daniel_Helld%C3%A9n; fi: https://fi.wikipedia.org/wiki/Daniel_Helld%C3%A9n; pl: https://pl.wikipedia.org/wiki/Daniel_Helld%C3%A9n; simple: https://simple.wikipedia.org/wiki/Daniel_Helld%C3%A9n
Emma Nohrén,MP,Göteborgs kommun,Tjänstgörande riksdagsledamot,1980,3dab7025-7152-4c7f-bd60-eb6a1de42c3b,0880137451720,Q18244660,Har bild (P18),http://commons.wikimedia.org/wiki/Special:FilePath/Emma%20Nohr%C3%A9n%20%26%20Staffan%20Ekl%C3%B6f%20FloFa%202026%202.jpg,,https://data.riksdagen.se/filarkiv/bilder/ledamot/3dab7025-7152-4c7f-bd60-eb6a1de42c3b_192.jpg,ja,sv: https://sv.wikipedia.org/wiki/Emma_Nohr%C3%A9n; en: https://en.wikipedia.org/wiki/Emma_Nohr%C3%A9n
Gurgin Bakircioglu,MP,Stockholms kommun,Tjänstgörande riksdagsledamot,1984,b7b92d3b-b95a-48a8-b486-0c79847fdb6d,083699632927,,Ingen identifierarmatchning – kontrollera Wikidata,,,https://data.riksdagen.se/filarkiv/bilder/ledamot/b7b92d3b-b95a-48a8-b486-0c79847fdb6d_192.jpg,okant,
Hanna Lindqvist,MP,Skåne läns södra,Tjänstgörande riksdagsledamot,2004,ee8f8234-a20f-4bce-a060-a02d814d6088,0727756996891,Q132559401,Har bild (P18),http://commons.wikimedia.org/wiki/Special:FilePath/Hanna%20Lindqvist.jpg,,https://data.riksdagen.se/filarkiv/bilder/ledamot/ee8f8234-a20f-4bce-a060-a02d814d6088_192.jpg,ja,sv: https://sv.wikipedia.org/wiki/Hanna_Lindqvist_(politiker); en: https://en.wikipedia.org/wiki/Hanna_Lindqvist
Jacob Risberg,MP,Uppsala län,Tjänstgörande riksdagsledamot,1972,03ba2d14-85d1-4f21-95e2-39e5e93aa2f9,0604604418610,Q114031218,Har bild (P18),http://commons.wikimedia.org/wiki/Special:FilePath/Jacob%20Risberg.jpg,,https://data.riksdagen.se/filarkiv/bilder/ledamot/03ba2d14-85d1-4f21-95e2-39e5e93aa2f9_192.jpg,ja,sv: https://sv.wikipedia.org/wiki/Jacob_Risberg; en: https://en.wikipedia.org/wiki/Jacob_Risberg
Jan Riise,MP,Hallands län,Tjänstgörande riksdagsledamot,1957,af49e862-937e-42ee-bc2f-06876c979dd6,0184968091618,Q58365776,Saknar bild (P18),,,https://data.riksdagen.se/filarkiv/bilder/ledamot/af49e862-937e-42ee-bc2f-06876c979dd6_192.jpg,ja,sv: https://sv.wikipedia.org/wiki/Jan_Riise; en: https://en.wikipedia.org/wiki/Jan_Riise; arz: https://arz.wikipedia.org/wiki/%D8%AC%D8%A7%D9%86_%D8%B1%D9%8A%D9%8A%D8%B2
Janine Alm Ericson,MP,Västra Götalands läns västra,Tjänstgörande riksdagsledamot,1973,7e408079-a5cd-432a-a30e-fd61fd15c65a,0316505710324,Q18238692,Har bild (P18),http://commons.wikimedia.org/wiki/Special:FilePath/JanineAlmEricson.jpg,,https://data.riksdagen.se/filarkiv/bilder/ledamot/7e408079-a5cd-432a-a30e-fd61fd15c65a_192.jpg,ja,sv: https://sv.wikipedia.org/wiki/Janine_Alm_Ericson; en: https://en.wikipedia.org/wiki/Janine_Alm_Ericson
Leila Ali Elmi,MP,Göteborgs kommun,Tjänstgörande riksdagsledamot,1988,5997ba96-4f01-46f4-8bd8-e1411a9d503b,0309480686522,Q56640168,Saknar bild (P18),,,https://data.riksdagen.se/filarkiv/bilder/ledamot/5997ba96-4f01-46f4-8bd8-e1411a9d503b_192.jpg,ja,sv: https://sv.wikipedia.org/wiki/Leila_Ali_Elmi; en: https://en.wikipedia.org/wiki/Leila_Ali_Elmi; arz: https://arz.wikipedia.org/wiki/%D9%84%D9%8A%D9%84%D9%89_%D8%B9%D9%84%D9%89_%D8%B9%D9%84%D9%85%D9%89; fa: https://fa.wikipedia.org/wiki/%D9%84%DB%8C%D9%84%D8%A7_%D8%B9%D9%84%DB%8C_%D8%B9%D9%84%D9%85%DB%8C; fr: https://fr.wikipedia.org/wiki/Leila_Ali_Elmi; mk: https://mk.wikipedia.org/wiki/%D0%9B%D0%B5%D1%98%D0%BB%D0%B0_%D0%90%D0%BB%D0%B8_%D0%95%D0%BB%D0%BC%D0%B8; yo: https://yo.wikipedia.org/wiki/Leila_Ali_Elmi
Marcus Friberg,MP,Skåne läns västra,Tjänstgörande riksdagsledamot,1987,eb6705ae-443d-4070-be5d-7bffae4acb65,0758270743529,,Ingen identifierarmatchning – kontrollera Wikidata,,,https://data.riksdagen.se/filarkiv/bilder/ledamot/eb6705ae-443d-4070-be5d-7bffae4acb65_192.jpg,okant,
Mohamed Abdukani,MP,Södermanlands län,Tjänstgörande riksdagsledamot,1979,45cb9ea6-369c-4f8a-95bb-ce9b7231dc38,0588277881928,Q141503790,Saknar bild (P18),,,https://data.riksdagen.se/filarkiv/bilder/ledamot/45cb9ea6-369c-4f8a-95bb-ce9b7231dc38_192.jpg,nej,
Mursal Isa,MP,Dalarnas län,Tjänstgörande riksdagsledamot,1981,0298925a-4976-46ef-9f51-0bd3c96fe7e2,0755328959926,Q141545138,Saknar bild (P18),,,https://data.riksdagen.se/filarkiv/bilder/ledamot/0298925a-4976-46ef-9f51-0bd3c96fe7e2_192.jpg,ja,sv: https://sv.wikipedia.org/wiki/Mursal_Isa
Nila Vikhe Patil,MP,Stockholms kommun,Tjänstgörande riksdagsledamot,1985,eeb08d40-96a0-4b65-9011-611b261f3ff7,0560529926022,,Ingen identifierarmatchning – kontrollera Wikidata,,,https://data.riksdagen.se/filarkiv/bilder/ledamot/eeb08d40-96a0-4b65-9011-611b261f3ff7_192.jpg,okant,
Nils Seye Larsen,MP,Västerbottens län,Tjänstgörande riksdagsledamot,1980,f518e543-9b68-45bc-abe0-5f6e9f90cd6b,0992867772421,Q131376555,Saknar bild (P18),,,https://data.riksdagen.se/filarkiv/bilder/ledamot/f518e543-9b68-45bc-abe0-5f6e9f90cd6b_192.jpg,ja,sv: https://sv.wikipedia.org/wiki/Nils_Seye_Larsen
Rebecka Le Moine,MP,Östergötlands län,Tjänstgörande riksdagsledamot,1990,67e327d0-b2ca-47eb-802a-c140187f0e0c,0546731406922,Q57168699,Har bild (P18),http://commons.wikimedia.org/wiki/Special:FilePath/Rebecka%20LM%20%28cropped%29.jpg,,https://data.riksdagen.se/filarkiv/bilder/ledamot/67e327d0-b2ca-47eb-802a-c140187f0e0c_192.jpg,ja,sv: https://sv.wikipedia.org/wiki/Rebecka_Le_Moine; en: https://en.wikipedia.org/wiki/Rebecka_Le_Moine; arz: https://arz.wikipedia.org/wiki/%D8%B1%D9%8A%D8%A8%D9%8A%D9%83%D8%A7_%D9%84_%D9%85%D9%88%D9%8A%D9%86; pt: https://pt.wikipedia.org/wiki/Rebecka_Le_Moine
Rikard Salander,MP,Jönköpings län,Tjänstgörande riksdagsledamot,1981,8636c02f-806c-46bc-841c-97637c8a860f,0867597453723,Q141506883,Saknar bild (P18),,,https://data.riksdagen.se/filarkiv/bilder/ledamot/8636c02f-806c-46bc-841c-97637c8a860f_192.jpg,ja,sv: https://sv.wikipedia.org/wiki/Rikard_Salander
Ulrika Westerlund,MP,Stockholms kommun,Tjänstgörande riksdagsledamot,1972,248bc1d8-761c-48b4-9979-7fed912abba7,0469084171710,Q4990375,Har bild (P18),http://commons.wikimedia.org/wiki/Special:FilePath/Ulrika%20Westerlund.jpg,,https://data.riksdagen.se/filarkiv/bilder/ledamot/248bc1d8-761c-48b4-9979-7fed912abba7_192.jpg,ja,sv: https://sv.wikipedia.org/wiki/Ulrika_Westerlund; en: https://en.wikipedia.org/wiki/Ulrika_Westerlund; fi: https://fi.wikipedia.org/wiki/Ulrika_Westerlund
Åsa Lindhagen,MP,Stockholms kommun,Tjänstgörande riksdagsledamot,1980,de8826b0-fcf9-4305-86e3-c2680dfed224,062367962120,Q23916255,Har bild (P18),http://commons.wikimedia.org/wiki/Special:FilePath/%C3%85saLindhagen.jpg,,https://data.riksdagen.se/filarkiv/bilder/ledamot/de8826b0-fcf9-4305-86e3-c2680dfed224_192.jpg,ja,"sv: https://sv.wikipedia.org/wiki/%C3%85sa_Lindhagen; en: https://en.wikipedia.org/wiki/%C3%85sa_Lindhagen; be: https://be.wikipedia.org/wiki/%D0%9E%D1%81%D0%B0_%D0%9B%D1%96%D0%BD%D0%B4%D1%85%D0%B0%D0%B3%D0%B5%D0%BD; de: https://de.wikipedia.org/wiki/%C3%85sa_Lindhagen; eo: https://eo.wikipedia.org/wiki/%C3%85sa_Lindhagen; fi: https://fi.wikipedia.org/wiki/%C3%85sa_Lindhagen; fr: https://fr.wikipedia.org/wiki/%C3%85sa_Lindhagen; id: https://id.wikipedia.org/wiki/%C3%85sa_Lindhagen; no: https://no.wikipedia.org/wiki/%C3%85sa_Lindhagen; pl: https://pl.wikipedia.org/wiki/%C3%85sa_Lindhagen; ru: https://ru.wikipedia.org/wiki/%D0%9B%D0%B8%D0%BD%D0%B4%D1%85%D0%B0%D0%B3%D0%B5%D0%BD,_%D0%9E%D1%81%D0%B0; uk: https://uk.wikipedia.org/wiki/%D0%9E%D1%81%D0%B0_%D0%9B%D1%96%D0%BD%D0%B4%D1%85%D0%B0%D0%B3%D0%B5%D0%BD"
Adrian Magnusson,S,Skåne läns södra,Tjänstgörande riksdagsledamot,1994,c4654ce3-db1d-4106-976f-3cd2fdcc5767,0448973586529,Q113847323,Saknar bild (P18),,,https://data.riksdagen.se/filarkiv/bilder/ledamot/c4654ce3-db1d-4106-976f-3cd2fdcc5767_192.jpg,ja,sv: https://sv.wikipedia.org/wiki/Adrian_Magnusson; en: https://en.wikipedia.org/wiki/Adrian_Magnusson
Aida Birinxhiku,S,Hallands län,Tjänstgörande riksdagsledamot,1999,17eb4f01-2fcf-42ab-a19d-659b568cf1bb,0710595759638,Q114031237,Har bild (P18),http://commons.wikimedia.org/wiki/Special:FilePath/Aida%20Birinxhiku%2C%20riksdagsledamot%20f%C3%B6r%20Socialdemokraterna%20i%20Halland.jpg,,https://data.riksdagen.se/filarkiv/bilder/ledamot/17eb4f01-2fcf-42ab-a19d-659b568cf1bb_192.jpg,ja,sv: https://sv.wikipedia.org/wiki/Aida_Birinxhiku; en: https://en.wikipedia.org/wiki/Aida_Birinxhiku; fi: https://fi.wikipedia.org/wiki/Aida_Birinxhiku; no: https://no.wikipedia.org/wiki/Aida_Birinxhiku; sq: https://sq.wikipedia.org/wiki/Aida_Birinxhiku
Alexandra Völker,S,Stockholms län,Tjänstgörande riksdagsledamot,1989,f96150c2-6e1c-4e3f-bc7f-2503f3cc9ede,0496341906327,Q18202415,Har bild (P18),http://commons.wikimedia.org/wiki/Special:FilePath/Sofia%20Alexandra%20V%C3%B6lker%202022.tiff,,https://data.riksdagen.se/filarkiv/bilder/ledamot/f96150c2-6e1c-4e3f-bc7f-2503f3cc9ede_192.jpg,ja,sv: https://sv.wikipedia.org/wiki/Alexandra_V%C3%B6lker; en: https://en.wikipedia.org/wiki/Alexandra_V%C3%B6lker; arz: https://arz.wikipedia.org/wiki/%D8%A7%D9%84%D9%8A%D9%83%D8%B3%D8%A7%D9%86%D8%AF%D8%B1%D8%A7_%DA%A4%D9%88%D9%84%D9%83%D9%8A%D8%B1
Amalia Rud Stenlöf,S,Göteborgs kommun,Tjänstgörande riksdagsledamot,1993,0e5801ac-d595-455d-83b3-f00f7d8d26bd,0662032691523,Q114031241,Saknar bild (P18),,,https://data.riksdagen.se/filarkiv/bilder/ledamot/0e5801ac-d595-455d-83b3-f00f7d8d26bd_192.jpg,ja,sv: https://sv.wikipedia.org/wiki/Amalia_Rud_Stenl%C3%B6f; en: https://en.wikipedia.org/wiki/Amalia_Rud_Pedersen
Amanda Lindblad,S,Västmanlands län,Tjänstgörande riksdagsledamot,1991,d871f6d3-db5f-4eae-a242-329f9e9c619c,0600282147125,,Ingen identifierarmatchning – kontrollera Wikidata,,,https://data.riksdagen.se/filarkiv/bilder/ledamot/d871f6d3-db5f-4eae-a242-329f9e9c619c_192.jpg,okant,
Anders Ygeman,S,Stockholms kommun,Tjänstgörande riksdagsledamot,1970,d7c3235d-83e4-11d4-ae60-0050040c9b55,0744993950910,Q3375050,Har bild (P18),http://commons.wikimedia.org/wiki/Special:FilePath/2019-04-04%20Anders%20Ygeman.jpg,,https://data.riksdagen.se/filarkiv/bilder/ledamot/d7c3235d-83e4-11d4-ae60-0050040c9b55_192.jpg,ja,sv: https://sv.wikipedia.org/wiki/Anders_Ygeman; en: https://en.wikipedia.org/wiki/Anders_Ygeman; arz: https://arz.wikipedia.org/wiki/%D8%A7%D9%86%D8%AF%D9%8A%D8%B1%D8%B3_%D9%8A%D8%AC%D9%8A%D9%85%D8%A7%D9%86; de: https://de.wikipedia.org/wiki/Anders_Ygeman; es: https://es.wikipedia.org/wiki/Anders_Ygeman; et: https://et.wikipedia.org/wiki/Anders_Ygeman; fi: https://fi.wikipedia.org/wiki/Anders_Ygeman; fr: https://fr.wikipedia.org/wiki/Anders_Ygeman; no: https://no.wikipedia.org/wiki/Anders_Ygeman; pl: https://pl.wikipedia.org/wiki/Anders_Ygeman; pt: https://pt.wikipedia.org/wiki/Anders_Ygeman; uk: https://uk.wikipedia.org/wiki/%D0%90%D0%BD%D0%B4%D0%B5%D1%80%D1%81_%D0%86%D0%B3%D0%BC%D0%B0%D0%BD; ur: https://ur.wikipedia.org/wiki/%D8%A7%DB%8C%D9%86%DA%88%D8%B1%D8%B3_%DB%8C%DA%AF%DB%8C%D9%85%DB%8C%D9%86
Andrine Winther,S,Stockholms län,Tjänstgörande riksdagsledamot,1977,4e5eafca-7eb9-454c-afaf-ad461e0e1a8b,088326858427,Q141503037,Saknar bild (P18),,,https://data.riksdagen.se/filarkiv/bilder/ledamot/4e5eafca-7eb9-454c-afaf-ad461e0e1a8b_192.jpg,ja,sv: https://sv.wikipedia.org/wiki/Andrine_Winther
Anna Wallentheim,S,Skåne läns norra och östra,Tjänstgörande riksdagsledamot,1985,200035cd-228a-4afa-8849-844f2c1e35fb,0111479807829,Q18202414,Har bild (P18),http://commons.wikimedia.org/wiki/Special:FilePath/Anna%20Wallentheim%20%28cropped%29.jpg,,https://data.riksdagen.se/filarkiv/bilder/ledamot/200035cd-228a-4afa-8849-844f2c1e35fb_192.jpg,ja,sv: https://sv.wikipedia.org/wiki/Anna_Wallentheim; en: https://en.wikipedia.org/wiki/Anna_Wallentheim; arz: https://arz.wikipedia.org/wiki/%D8%A7%D9%86%D8%A7_%D9%88%D8%A7%D9%84%D9%8A%D9%86%D8%AB%D9%8A%D9%85; pt: https://pt.wikipedia.org/wiki/Anna_Wallentheim; tr: https://tr.wikipedia.org/wiki/Anna_Wallentheim
Anna-Belle Strömberg,S,Västernorrlands län,Tjänstgörande riksdagsledamot,1965,0a614b1d-8d24-4794-838d-8fbed7b503c5,07921826010,Q108525972,Har bild (P18),http://commons.wikimedia.org/wiki/Special:FilePath/Anna-Belle%20Str%C3%B6mberg.jpg,,https://data.riksdagen.se/filarkiv/bilder/ledamot/0a614b1d-8d24-4794-838d-8fbed7b503c5_192.jpg,ja,sv: https://sv.wikipedia.org/wiki/Anna-Belle_Str%C3%B6mberg; en: https://en.wikipedia.org/wiki/Anna-Belle_Str%C3%B6mberg
Anna-Caren Sätherberg,S,Jämtlands län,Tjänstgörande riksdagsledamot,1964,c2917e84-a1f8-4de8-9c71-a492eee1f43f,0407081382317,Q18202413,Har bild (P18),http://commons.wikimedia.org/wiki/Special:FilePath/Anna-Caren%20S%C3%A4therberg.jpg,,https://data.riksdagen.se/filarkiv/bilder/ledamot/c2917e84-a1f8-4de8-9c71-a492eee1f43f_192.jpg,ja,"sv: https://sv.wikipedia.org/wiki/Anna-Caren_S%C3%A4therberg; en: https://en.wikipedia.org/wiki/Anna-Caren_S%C3%A4therberg; arz: https://arz.wikipedia.org/wiki/%D8%A7%D9%86%D8%A7_%D9%83%D8%A7%D8%B1%D9%8A%D9%86_%D8%B3%D8%A7%D8%AB%D9%8A%D8%B1%D8%A8%D9%8A%D8%B1%D8%AC; et: https://et.wikipedia.org/wiki/Anna-Caren_S%C3%A4therberg; fi: https://fi.wikipedia.org/wiki/Anna-Caren_S%C3%A4therberg; pl: https://pl.wikipedia.org/wiki/Anna-Caren_S%C3%A4therberg; pt: https://pt.wikipedia.org/wiki/Anna-Caren_S%C3%A4therberg; ru: https://ru.wikipedia.org/wiki/%D0%A1%D0%B5%D1%82%D0%B5%D1%80%D0%B1%D0%B5%D1%80%D0%B3,_%D0%90%D0%BD%D0%BD%D0%B0-%D0%9A%D0%B0%D1%80%D0%B5%D0%BD"
Arber Gashi,S,Hallands län,Tjänstgörande riksdagsledamot,1994,c643fdd9-746d-40da-9ee9-8aa25123e221,0257313105220,Q127691637,Saknar bild (P18),,,https://data.riksdagen.se/filarkiv/bilder/ledamot/c643fdd9-746d-40da-9ee9-8aa25123e221_192.jpg,ja,sv: https://sv.wikipedia.org/wiki/Arber_Gashi; en: https://en.wikipedia.org/wiki/Arb%C3%ABr_Gashi; sq: https://sq.wikipedia.org/wiki/Arb%C3%ABr_Gashi
Ardalan Shekarabi,S,Uppsala län,Tjänstgörande riksdagsledamot,1978,b2bb1d34-0f20-4daf-b26e-8916bb911075,0922497728524,Q4787806,Har bild (P18),http://commons.wikimedia.org/wiki/Special:FilePath/Ardalan%20Shekarabi.jpg,,https://data.riksdagen.se/filarkiv/bilder/ledamot/b2bb1d34-0f20-4daf-b26e-8916bb911075_192.jpg,ja,sv: https://sv.wikipedia.org/wiki/Ardalan_Shekarabi; en: https://en.wikipedia.org/wiki/Ardalan_Shekarabi; arz: https://arz.wikipedia.org/wiki/%D8%A7%D8%B1%D8%AF%D8%A7%D9%84%D8%A7%D9%86_%D8%B4%D9%8A%D9%83%D8%A7%D8%B1%D8%A7%D8%A8%D9%89; de: https://de.wikipedia.org/wiki/Ardalan_Shekarabi; et: https://et.wikipedia.org/wiki/Ardalan_Shekarabi; fa: https://fa.wikipedia.org/wiki/%D8%A7%D8%B1%D8%AF%D9%84%D8%A7%D9%86_%D8%B4%DA%A9%D8%B1%D8%A2%D8%A8%DB%8C; fi: https://fi.wikipedia.org/wiki/Ardalan_Shekarabi; fr: https://fr.wikipedia.org/wiki/Ardalan_Shekarabi; id: https://id.wikipedia.org/wiki/Ardalan_Shekarabi; it: https://it.wikipedia.org/wiki/Ardalan_Shekarabi; pl: https://pl.wikipedia.org/wiki/Ardalan_Shekarabi; pt: https://pt.wikipedia.org/wiki/Ardalan_Shekarabi; uk: https://uk.wikipedia.org/wiki/%D0%90%D1%80%D0%B4%D0%B0%D0%BB%D0%B0%D0%BD_%D0%A8%D0%B5%D0%BA%D0%B0%D1%80%D0%B0%D0%B1%D1%96
Arwin Sohrabi,S,Malmö kommun,Tjänstgörande riksdagsledamot,1994,404b5422-bc43-41ed-be54-a515b301200e,0845783625227,Q118591652,Saknar bild (P18),,,https://data.riksdagen.se/filarkiv/bilder/ledamot/404b5422-bc43-41ed-be54-a515b301200e_192.jpg,ja,sv: https://sv.wikipedia.org/wiki/Arwin_Sohrabi
Aylin Nouri,S,Västra Götalands läns västra,Tjänstgörande riksdagsledamot,1992,d6bcb84c-0102-4eca-b564-c21bd7cf1f4e,0523902030928,Q61122062,Har bild (P18),http://commons.wikimedia.org/wiki/Special:FilePath/Aylin%20Fazelian2.jpg,,https://data.riksdagen.se/filarkiv/bilder/ledamot/d6bcb84c-0102-4eca-b564-c21bd7cf1f4e_192.jpg,ja,"sv: https://sv.wikipedia.org/wiki/Aylin_Nouri; en: https://en.wikipedia.org/wiki/Aylin_Fazelian; az: https://az.wikipedia.org/wiki/Aylin_Fazelian; pt: https://pt.wikipedia.org/wiki/Aylin_Fazelian; ru: https://ru.wikipedia.org/wiki/%D0%A4%D0%B0%D0%B7%D0%B5%D0%BB%D0%B8%D0%B0%D0%BD,_%D0%90%D0%B9%D0%BB%D0%B8%D0%BD"
Azadeh Rojhan,S,Stockholms län,Tjänstgörande riksdagsledamot,1986,c325b529-3455-44a2-acd2-597698b321a6,0474290584024,Q18245444,Har bild (P18),http://commons.wikimedia.org/wiki/Special:FilePath/Azadeh%20Rojhan%20Gustafsson.jpg,,https://data.riksdagen.se/filarkiv/bilder/ledamot/c325b529-3455-44a2-acd2-597698b321a6_192.jpg,ja,sv: https://sv.wikipedia.org/wiki/Azadeh_Rojhan; en: https://en.wikipedia.org/wiki/Azadeh_Rojhan_Gustafsson; arz: https://arz.wikipedia.org/wiki/%D8%A7%D8%B2%D8%A7%D8%AF%D9%8A%D9%87_%D8%B1%D9%88%DA%86%D9%87%D8%A7%D9%86_%D8%AC%D9%88%D8%B3%D8%AA%D8%A7%D9%81%D8%B3%D9%88%D9%86; fa: https://fa.wikipedia.org/wiki/%D8%A2%D8%B2%D8%A7%D8%AF%D9%87_%D8%B1%D8%AC%D8%AD%D8%A7%D9%86_%DA%AF%D9%88%D8%B3%D8%AA%D8%A7%D9%88%D8%B3%D9%88%D9%86
Azra Muranovic,S,Jönköpings län,Tjänstgörande riksdagsledamot,1987,77b55dda-a56c-4e88-b6a8-a6255ff783fb,0803790353229,Q110642946,Saknar bild (P18),,,https://data.riksdagen.se/filarkiv/bilder/ledamot/77b55dda-a56c-4e88-b6a8-a6255ff783fb_192.jpg,ja,sv: https://sv.wikipedia.org/wiki/Azra_Muranovic; en: https://en.wikipedia.org/wiki/Azra_Muranovic
Björn Wiechel,S,Västerbottens län,Tjänstgörande riksdagsledamot,1983,7ef75999-90a2-41af-a083-6dfd70e8e3e8,0482689573825,Q20156222,Har bild (P18),http://commons.wikimedia.org/wiki/Special:FilePath/Bj%C3%B6rn%20Wiechel.jpg,,https://data.riksdagen.se/filarkiv/bilder/ledamot/7ef75999-90a2-41af-a083-6dfd70e8e3e8_192.jpg,ja,sv: https://sv.wikipedia.org/wiki/Bj%C3%B6rn_Wiechel; en: https://en.wikipedia.org/wiki/Bj%C3%B6rn_Wiechel; arz: https://arz.wikipedia.org/wiki/%D8%A8%DA%86%D9%88%D8%B1%D9%86_%D9%88%D9%8A%D8%AA%D8%B4%D9%8A%D9%84
Cilla Dahl Andersson,S,Skåne läns södra,Tjänstgörande riksdagsledamot,1971,6a0f8739-f15c-11d6-ae8b-0004755038ce,0468904415516,Q104215826,Saknar bild (P18),,,https://data.riksdagen.se/filarkiv/bilder/ledamot/6a0f8739-f15c-11d6-ae8b-0004755038ce_192.jpg,nej,
Daniel Vencu Öhrlund Castro,S,Stockholms kommun,Tjänstgörande riksdagsledamot,1994,09770274-5c74-4a51-9629-4608f79a8cf2,0245113256029,Q114030385,Har bild (P18),http://commons.wikimedia.org/wiki/Special:FilePath/Daniel%20Vencu%20Velasquez%20Castro%20in%202025.jpg,,https://data.riksdagen.se/filarkiv/bilder/ledamot/09770274-5c74-4a51-9629-4608f79a8cf2_192.jpg,ja,sv: https://sv.wikipedia.org/wiki/Daniel_Vencu_Velasquez_Castro; en: https://en.wikipedia.org/wiki/Daniel_Vencu_Velasquez_Castro
Denis Begic,S,Örebro län,Tjänstgörande riksdagsledamot,1970,47705a06-b78d-469f-9ebe-8f7407607be6,0466653728712,Q71465386,Har bild (P18),http://commons.wikimedia.org/wiki/Special:FilePath/Denis%20Begic%20%28cropped%29.jpg,,https://data.riksdagen.se/filarkiv/bilder/ledamot/47705a06-b78d-469f-9ebe-8f7407607be6_192.jpg,ja,sv: https://sv.wikipedia.org/wiki/Denis_Begic; en: https://en.wikipedia.org/wiki/Denis_Begic; arz: https://arz.wikipedia.org/wiki/%D8%AF%D9%8A%D9%86%D9%8A%D8%B3_%D8%A8%D9%8A%D8%AC%D9%8A%D8%AA%D8%B4; no: https://no.wikipedia.org/wiki/Denis_Begic
Elias Aguirre,S,Östergötlands län,Tjänstgörande riksdagsledamot,1984,b11b8359-f906-4556-bcd9-33fe8c50e1fe,0805149227627,Q141503821,Saknar bild (P18),,,https://data.riksdagen.se/filarkiv/bilder/ledamot/b11b8359-f906-4556-bcd9-33fe8c50e1fe_192.jpg,ja,sv: https://sv.wikipedia.org/wiki/Elias_Hammarlund_Aguirre
Emil Högberg,S,Stockholms län,Tjänstgörande riksdagsledamot,1976,36b42397-e608-4e08-a5f8-771cf26d0a9a,0525766480025,,Ingen identifierarmatchning – kontrollera Wikidata,,,https://data.riksdagen.se/filarkiv/bilder/ledamot/36b42397-e608-4e08-a5f8-771cf26d0a9a_192.jpg,okant,
Erik Ezelius,S,Västra Götalands läns östra,Tjänstgörande riksdagsledamot,1986,45bd9e8b-22f0-4cb7-9cfe-b40847e9715f,0667220767927,Q21558211,Har bild (P18),http://commons.wikimedia.org/wiki/Special:FilePath/Erik%20Ezelius.jpg,,https://data.riksdagen.se/filarkiv/bilder/ledamot/45bd9e8b-22f0-4cb7-9cfe-b40847e9715f_192.jpg,ja,sv: https://sv.wikipedia.org/wiki/Erik_Ezelius; en: https://en.wikipedia.org/wiki/Erik_Ezelius
Eva Lindh,S,Östergötlands län,Tjänstgörande riksdagsledamot,1971,ee86b181-9f3b-4e03-8ef4-b96b1e79cd25,0780214960516,Q30035702,Har bild (P18),http://commons.wikimedia.org/wiki/Special:FilePath/Eva%20Lindh.jpg,,https://data.riksdagen.se/filarkiv/bilder/ledamot/ee86b181-9f3b-4e03-8ef4-b96b1e79cd25_192.jpg,ja,sv: https://sv.wikipedia.org/wiki/Eva_Lindh; en: https://en.wikipedia.org/wiki/Eva_Lindh; pt: https://pt.wikipedia.org/wiki/Eva_Lindh
Ewa Pihl Krabbe,S,Skåne läns norra och östra,Tjänstgörande riksdagsledamot,1947,ce71b03c-18ac-422f-a9e8-30e35b3d5bfa,0405594274208,Q114031234,Saknar bild (P18),,,https://data.riksdagen.se/filarkiv/bilder/ledamot/ce71b03c-18ac-422f-a9e8-30e35b3d5bfa_192.jpg,ja,sv: https://sv.wikipedia.org/wiki/Ewa_Pihl_Krabbe; en: https://en.wikipedia.org/wiki/Ewa_Pihl_Krabbe
Filip Reinhag,S,Gotlands län,Tjänstgörande riksdagsledamot,1984,c0e3b421-f14c-4593-80d0-275d3f3a26cf,0677609280627,,Ingen identifierarmatchning – kontrollera Wikidata,,,https://data.riksdagen.se/filarkiv/bilder/ledamot/c0e3b421-f14c-4593-80d0-275d3f3a26cf_192.jpg,okant,
Fredrik Lundh Sammeli,S,Norrbottens län,Tjänstgörande riksdagsledamot,1977,19d6281a-a1fc-4399-9631-89acf6420f42,0911916463828,Q5966830,Har bild (P18),http://commons.wikimedia.org/wiki/Special:FilePath/Fredrik%20Lundh%20Sammeli%202020.jpg,,https://data.riksdagen.se/filarkiv/bilder/ledamot/19d6281a-a1fc-4399-9631-89acf6420f42_192.jpg,ja,sv: https://sv.wikipedia.org/wiki/Fredrik_Lundh_Sammeli; en: https://en.wikipedia.org/wiki/Fredrik_Lundh_Sammeli; arz: https://arz.wikipedia.org/wiki/%D9%81%D8%B1%D9%8A%D8%AF%D8%B1%D9%8A%D9%83_%D9%84%D9%88%D9%86%D8%AF%D9%87_%D8%B3%D8%A7%D9%85%D9%8A%D9%84%D9%89; no: https://no.wikipedia.org/wiki/Fredrik_Lundh_Sammeli
Fredrik Olovsson,S,Södermanlands län,Tjänstgörande riksdagsledamot,1973,bc5c4354-fca3-4071-8096-acd9b7b1d09a,0653904370212,Q3373667,Har bild (P18),http://commons.wikimedia.org/wiki/Special:FilePath/Fredrik%20Olovsson%20Almedalen%202026.jpg,,https://data.riksdagen.se/filarkiv/bilder/ledamot/bc5c4354-fca3-4071-8096-acd9b7b1d09a_192.jpg,ja,sv: https://sv.wikipedia.org/wiki/Fredrik_Olovsson; en: https://en.wikipedia.org/wiki/Fredrik_Olovsson; arz: https://arz.wikipedia.org/wiki/%D9%81%D8%B1%D9%8A%D8%AF%D8%B1%D9%8A%D9%83_%D8%A7%D9%88%D9%84%D9%88%DA%A4%D8%B3%D9%88%D9%86; no: https://no.wikipedia.org/wiki/Fredrik_Olovsson
Gustaf Lantz,S,Uppsala län,Tjänstgörande riksdagsledamot,1981,82c56b96-b106-4b16-958c-98b153d02639,075747847023,Q30035705,Har bild (P18),http://commons.wikimedia.org/wiki/Special:FilePath/Gustaf%20Lantz.jpg,,https://data.riksdagen.se/filarkiv/bilder/ledamot/82c56b96-b106-4b16-958c-98b153d02639_192.jpg,ja,sv: https://sv.wikipedia.org/wiki/Gustaf_Lantz; en: https://en.wikipedia.org/wiki/Gustaf_Lantz
Heléne Björklund,S,Blekinge län,Tjänstgörande riksdagsledamot,1972,a4581b8d-78fd-41c1-a55d-7fe9ed93c878,0926214745119,Q57168842,Har bild (P18),http://commons.wikimedia.org/wiki/Special:FilePath/Hel%C3%A9ne%20Bj%C3%B6rklund%20-%20Riksdag.jpg,,https://data.riksdagen.se/filarkiv/bilder/ledamot/a4581b8d-78fd-41c1-a55d-7fe9ed93c878_192.jpg,ja,"sv: https://sv.wikipedia.org/wiki/Hel%C3%A9ne_Bj%C3%B6rklund; en: https://en.wikipedia.org/wiki/Hel%C3%A9ne_Bj%C3%B6rklund; be: https://be.wikipedia.org/wiki/%D0%AD%D0%BB%D0%B5%D0%BD_%D0%91%E2%80%99%D1%91%D1%80%D0%BA%D0%BB%D1%83%D0%BD%D0%B4; be-tarask: https://be-tarask.wikipedia.org/wiki/%D0%93%D1%8D%D0%BB%D0%B5%D0%BD_%D0%91%E2%80%99%D1%91%D1%80%D0%BA%D0%BB%D1%8E%D0%BD%D0%B4; de: https://de.wikipedia.org/wiki/Hel%C3%A9ne_Bj%C3%B6rklund; it: https://it.wikipedia.org/wiki/Hel%C3%A9ne_Bj%C3%B6rklund; ru: https://ru.wikipedia.org/wiki/%D0%91%D1%8C%D1%91%D1%80%D0%BA%D0%BB%D1%83%D0%BD%D0%B4,_%D0%AD%D0%BB%D0%B5%D0%BD; simple: https://simple.wikipedia.org/wiki/Hel%C3%A9ne_Bj%C3%B6rklund; uk: https://uk.wikipedia.org/wiki/%D0%A5%D0%B5%D0%BB%D0%B5%D0%BD_%D0%91%27%D1%94%D1%80%D0%BA%D0%BB%D1%83%D0%BD%D0%B4"
Ida Karkiainen,S,Norrbottens län,Tjänstgörande riksdagsledamot,1988,7891a68a-bcbd-43a3-bd8b-90bdbb040f45,0509830681123,Q18451082,Har bild (P18),http://commons.wikimedia.org/wiki/Special:FilePath/Andersson%20Cabinet%2C%20nov%2030%2C%202021%20%28cropped%29.jpg,,https://data.riksdagen.se/filarkiv/bilder/ledamot/7891a68a-bcbd-43a3-bd8b-90bdbb040f45_192.jpg,ja,"sv: https://sv.wikipedia.org/wiki/Ida_Karkiainen; en: https://en.wikipedia.org/wiki/Ida_Karkiainen; arz: https://arz.wikipedia.org/wiki/%D8%A7%D9%8A%D8%AF%D8%A7_%D9%83%D8%A7%D8%B1%D9%83%D9%8A%D8%A7%D9%8A%D9%86%D9%8A%D9%86; et: https://et.wikipedia.org/wiki/Ida_Karkiainen; fi: https://fi.wikipedia.org/wiki/Ida_Karkiainen; fr: https://fr.wikipedia.org/wiki/Ida_Karkiainen; pl: https://pl.wikipedia.org/wiki/Ida_Karkiainen; ru: https://ru.wikipedia.org/wiki/%D0%9A%D0%B0%D1%80%D0%BA%D0%B8%D0%B0%D0%B9%D0%BD%D0%B5%D0%BD,_%D0%98%D0%B4%D0%B0; ur: https://ur.wikipedia.org/wiki/%D8%A7%DB%8C%DA%88%D8%A7_%DA%A9%D8%A7%D8%B1%DA%A9%DB%8C%D8%A7%D8%A6%DB%8C%D9%86%D9%86"
Ilan De Basso,S,Jönköpings län,Tjänstgörande riksdagsledamot,1969,2a0595a4-c4ef-470e-887f-d127e283721b,0742703244417,Q16160202,Har bild (P18),http://commons.wikimedia.org/wiki/Special:FilePath/Member%20of%20European%20Parliament%20Ilan%20de%20Basso.jpg,,https://data.riksdagen.se/filarkiv/bilder/ledamot/2a0595a4-c4ef-470e-887f-d127e283721b_192.jpg,ja,sv: https://sv.wikipedia.org/wiki/Ilan_De_Basso; en: https://en.wikipedia.org/wiki/Ilan_de_Basso; arz: https://arz.wikipedia.org/wiki/%D8%A7%D9%8A%D9%84%D8%A7%D9%86_%D8%AF%D9%89_%D8%A8%D8%A7%D8%B3%D9%88; de: https://de.wikipedia.org/wiki/Ilan_de_Basso; fi: https://fi.wikipedia.org/wiki/Ilan_de_Basso; fr: https://fr.wikipedia.org/wiki/Ilan_De_Basso; pl: https://pl.wikipedia.org/wiki/Ilan_De_Basso; pt: https://pt.wikipedia.org/wiki/Ilan_de_Basso
Ingrid Andreae,S,Göteborgs kommun,Tjänstgörande riksdagsledamot,1961,7a858e5e-548d-4a1e-9c2b-0b243e84c053,0933340739714,Q141527458,Saknar bild (P18),,,https://data.riksdagen.se/filarkiv/bilder/ledamot/7a858e5e-548d-4a1e-9c2b-0b243e84c053_192.jpg,nej,
Isak From,S,Västerbottens län,Tjänstgörande riksdagsledamot,1967,cebc9890-55f1-41ff-acc7-af2de3e4320e,0506482805418,Q5745541,Har bild (P18),http://commons.wikimedia.org/wiki/Special:FilePath/Lars%20Isak%20Anders%20From%202021.jpg,,https://data.riksdagen.se/filarkiv/bilder/ledamot/cebc9890-55f1-41ff-acc7-af2de3e4320e_192.jpg,ja,sv: https://sv.wikipedia.org/wiki/Isak_From; en: https://en.wikipedia.org/wiki/Isak_From; arz: https://arz.wikipedia.org/wiki/%D8%A7%D9%8A%D8%B3%D8%A7%D9%83_%D9%81%D8%B1%D9%88%D9%85; no: https://no.wikipedia.org/wiki/Isak_From
Jennie Nilsson,S,Hallands län,Tjänstgörande riksdagsledamot,1972,4c6f215d-de3a-452d-83b5-f472b8668b7e,0339894357417,Q4563096,Har bild (P18),http://commons.wikimedia.org/wiki/Special:FilePath/Socialdemokrat.Jennie%20Nilsson%201c301%205872.jpg,,https://data.riksdagen.se/filarkiv/bilder/ledamot/4c6f215d-de3a-452d-83b5-f472b8668b7e_192.jpg,ja,"sv: https://sv.wikipedia.org/wiki/Jennie_Nilsson; en: https://en.wikipedia.org/wiki/Jennie_Nilsson; arz: https://arz.wikipedia.org/wiki/%DA%86%D9%8A%D9%86%D9%89_%D9%86%D9%8A%D9%84%D8%B3%D9%88%D9%86; de: https://de.wikipedia.org/wiki/Jennie_Nilsson; fi: https://fi.wikipedia.org/wiki/Jennie_Nilsson; fr: https://fr.wikipedia.org/wiki/Jennie_Nilsson; id: https://id.wikipedia.org/wiki/Jennie_Nilsson; no: https://no.wikipedia.org/wiki/Jennie_Nilsson; pl: https://pl.wikipedia.org/wiki/Jennie_Nilsson; ru: https://ru.wikipedia.org/wiki/%D0%9D%D0%B8%D0%BB%D1%8C%D1%81%D1%81%D0%BE%D0%BD,_%D0%99%D0%B5%D0%BD%D0%BD%D0%B8; tr: https://tr.wikipedia.org/wiki/Jennie_Nilsson; uk: https://uk.wikipedia.org/wiki/%D0%94%D0%B6%D0%B5%D0%BD%D0%BD%D1%96_%D0%9D%D1%96%D0%BB%D1%81%D1%81%D0%BE%D0%BD"
Jessica Rodén,S,Västra Götalands läns södra,Tjänstgörande riksdagsledamot,1976,86ae6051-9a2a-46a7-8a37-730918cdc428,0855286184126,Q106862781,Saknar bild (P18),,,https://data.riksdagen.se/filarkiv/bilder/ledamot/86ae6051-9a2a-46a7-8a37-730918cdc428_192.jpg,ja,sv: https://sv.wikipedia.org/wiki/Jessica_Rod%C3%A9n; en: https://en.wikipedia.org/wiki/Jessica_Rod%C3%A9n
Jimmy Jansson,S,Södermanlands län,Tjänstgörande riksdagsledamot,1978,c41c2f12-8dd7-4cf3-9b73-431c0056fd1e,0805196085522,,Ingen identifierarmatchning – kontrollera Wikidata,,,https://data.riksdagen.se/filarkiv/bilder/ledamot/c41c2f12-8dd7-4cf3-9b73-431c0056fd1e_192.jpg,okant,
Joakim Järrebring,S,Västra Götalands läns västra,Tjänstgörande riksdagsledamot,1976,a6a8678d-8fe2-414c-9dc4-da76ad161d23,0737666060225,Q57297792,Har bild (P18),http://commons.wikimedia.org/wiki/Special:FilePath/Joakim%20J%C3%A4rrebring%20smiling.jpg,,https://data.riksdagen.se/filarkiv/bilder/ledamot/a6a8678d-8fe2-414c-9dc4-da76ad161d23_192.jpg,ja,sv: https://sv.wikipedia.org/wiki/Joakim_J%C3%A4rrebring; en: https://en.wikipedia.org/wiki/Joakim_J%C3%A4rrebring; pt: https://pt.wikipedia.org/wiki/Joakim_J%C3%A4rrebring
Joakim Sandell,S,Malmö kommun,Tjänstgörande riksdagsledamot,1975,4a486ea1-d97c-4393-9ada-2639140cfd46,0376395541120,Q56706633,Har bild (P18),http://commons.wikimedia.org/wiki/Special:FilePath/Joakim%20Sandell%202021.jpg,,https://data.riksdagen.se/filarkiv/bilder/ledamot/4a486ea1-d97c-4393-9ada-2639140cfd46_192.jpg,ja,sv: https://sv.wikipedia.org/wiki/Joakim_Sandell; en: https://en.wikipedia.org/wiki/Joakim_Sandell
Johan Andersson,S,Östergötlands län,Tjänstgörande riksdagsledamot,1961,fff74c6c-fae3-4977-a472-cfe2b6ae257a,0964730940415,Q5554920,Har bild (P18),http://commons.wikimedia.org/wiki/Special:FilePath/Johan%20Anderssosn.jpg,,https://data.riksdagen.se/filarkiv/bilder/ledamot/fff74c6c-fae3-4977-a472-cfe2b6ae257a_192.jpg,ja,sv: https://sv.wikipedia.org/wiki/Johan_Andersson_(socialdemokrat_f%C3%B6dd_1961); en: https://en.wikipedia.org/wiki/Johan_Andersson_(politician); arz: https://arz.wikipedia.org/wiki/%DA%86%D9%88%D9%87%D8%A7%D9%86_%D8%A7%D9%86%D8%AF%D9%8A%D8%B1%D8%B3%D9%88%D9%86; no: https://no.wikipedia.org/wiki/Johan_Andersson_(f%C3%B8dt_1961)
Johan Büser,S,Göteborgs kommun,Tjänstgörande riksdagsledamot,1983,90110ece-022e-4e0f-bb4e-f5102900fa9a,0877778793323,Q20095387,Har bild (P18),http://commons.wikimedia.org/wiki/Special:FilePath/Johan%20Buser%202022.jpg,,https://data.riksdagen.se/filarkiv/bilder/ledamot/90110ece-022e-4e0f-bb4e-f5102900fa9a_192.jpg,ja,sv: https://sv.wikipedia.org/wiki/Johan_B%C3%BCser; en: https://en.wikipedia.org/wiki/Johan_B%C3%BCser; arz: https://arz.wikipedia.org/wiki/%DA%86%D9%88%D9%87%D8%A7%D9%86_%D8%A8%D9%88%D8%B3%D9%8A%D8%B1
Johanna Haraldsson,S,Jönköpings län,Förste vice talman (tjänstgörande riksdagsledamot),1980,a1d94b24-2d7f-4d84-99fb-ca161ba77f78,0652497579621,Q18202412,Har bild (P18),http://commons.wikimedia.org/wiki/Special:FilePath/Johanna%20Haraldsson%20i%20riksdagen..jpg,,https://data.riksdagen.se/filarkiv/bilder/ledamot/a1d94b24-2d7f-4d84-99fb-ca161ba77f78_192.jpg,ja,"sv: https://sv.wikipedia.org/wiki/Johanna_Haraldsson; en: https://en.wikipedia.org/wiki/Johanna_Haraldsson; arz: https://arz.wikipedia.org/wiki/%DA%86%D9%88%D9%87%D8%A7%D9%86%D8%A7_%D9%87%D8%A7%D8%B1%D8%A7%D9%84%D8%AF%D8%B3%D9%88%D9%86; ru: https://ru.wikipedia.org/wiki/%D0%A5%D0%B0%D1%80%D0%B0%D0%BB%D1%8C%D0%B4%D1%81%D1%81%D0%BE%D0%BD,_%D0%AE%D1%85%D0%B0%D0%BD%D0%BD%D0%B0"
Jonas Cronert,S,Västmanlands län,Tjänstgörande riksdagsledamot,1980,a1248027-3c25-44f7-8968-38b655c432c7,0461127104120,Q141538441,Saknar bild (P18),,,https://data.riksdagen.se/filarkiv/bilder/ledamot/a1248027-3c25-44f7-8968-38b655c432c7_192.jpg,nej,
Jonathan Svensson,S,Västra Götalands läns norra,Tjänstgörande riksdagsledamot,2000,cc4afbfd-aaf0-492e-9945-840a796d5eb8,0512645510895,Q121934765,Saknar bild (P18),,,https://data.riksdagen.se/filarkiv/bilder/ledamot/cc4afbfd-aaf0-492e-9945-840a796d5eb8_192.jpg,ja,sv: https://sv.wikipedia.org/wiki/Jonathan_Svensson_(politiker); en: https://en.wikipedia.org/wiki/Jonathan_Svensson
Jytte Guteland,S,Stockholms kommun,Tjänstgörande riksdagsledamot,1979,1c1e2336-5f43-4256-8bc3-01d3a0e9453b,0229627943828,Q4988619,Har bild (P18),http://commons.wikimedia.org/wiki/Special:FilePath/Jytte%20Guteland%20%282014%29.jpg; http://commons.wikimedia.org/wiki/Special:FilePath/Member%20of%20the%20European%20Parliament%20Jytte%20Gunl%C3%B6g%20Elisabeth%20Bengtsson%20Guteland.jpg,,https://data.riksdagen.se/filarkiv/bilder/ledamot/1c1e2336-5f43-4256-8bc3-01d3a0e9453b_192.jpg,ja,"sv: https://sv.wikipedia.org/wiki/Jytte_Guteland; en: https://en.wikipedia.org/wiki/Jytte_Guteland; arz: https://arz.wikipedia.org/wiki/%DA%86%D9%8A%D8%AA_%D8%AC%D9%88%D8%AA%D9%8A%D9%84%D8%A7%D9%86%D8%AF; de: https://de.wikipedia.org/wiki/Jytte_Guteland; fa: https://fa.wikipedia.org/wiki/%DB%8C%D8%AA%D9%87_%DA%AF%D9%88%D8%AA%D9%84%D9%86%D8%AF; fi: https://fi.wikipedia.org/wiki/Jytte_Guteland; fr: https://fr.wikipedia.org/wiki/Jytte_Guteland; nl: https://nl.wikipedia.org/wiki/Jytte_Guteland; no: https://no.wikipedia.org/wiki/Jytte_Guteland; pl: https://pl.wikipedia.org/wiki/Jytte_Guteland; ru: https://ru.wikipedia.org/wiki/%D0%93%D1%83%D1%82%D0%B5%D0%BB%D0%B0%D0%BD%D0%B4,_%D0%AE%D1%82%D1%82%D0%B5"
Kadir Kasirga,S,Stockholms kommun,Tjänstgörande riksdagsledamot,1975,81e7b3dd-c260-45d1-89a7-ddd6cbe6582d,0425115010020,Q56923131,Har bild (P18),http://commons.wikimedia.org/wiki/Special:FilePath/Kadir%20Kasirga.jpg,,https://data.riksdagen.se/filarkiv/bilder/ledamot/81e7b3dd-c260-45d1-89a7-ddd6cbe6582d_192.jpg,ja,sv: https://sv.wikipedia.org/wiki/Kadir_Kasirga; en: https://en.wikipedia.org/wiki/Kadir_Kasirga; arz: https://arz.wikipedia.org/wiki/%D9%82%D8%A7%D8%AF%D8%B1_%D9%83%D8%A7%D8%B3%D9%8A%D8%B1%D8%AC%D8%A7; pt: https://pt.wikipedia.org/wiki/Kadir_Kasirga
Kalle Olsson,S,Jämtlands län,Tjänstgörande riksdagsledamot,1984,f8d1d1b6-f008-446e-a7f8-dd324fbb71d4,0472349361027,Q6027267,Har bild (P18),http://commons.wikimedia.org/wiki/Special:FilePath/Kalle%20Olsson%202021.jpg,,https://data.riksdagen.se/filarkiv/bilder/ledamot/f8d1d1b6-f008-446e-a7f8-dd324fbb71d4_192.jpg,ja,sv: https://sv.wikipedia.org/wiki/Kalle_Olsson_(politiker); en: https://en.wikipedia.org/wiki/Kalle_Olsson_(politician); arz: https://arz.wikipedia.org/wiki/%D9%83%D8%A7%D9%84_%D8%A7%D9%88%D9%84%D8%B3%D9%88%D9%86
Karin Sundin,S,Örebro län,Tjänstgörande riksdagsledamot,1972,d87ac679-3d42-4cc6-ae5f-bb6b7511c9f1,027964311318,Q114133361,Saknar bild (P18),,,https://data.riksdagen.se/filarkiv/bilder/ledamot/d87ac679-3d42-4cc6-ae5f-bb6b7511c9f1_192.jpg,ja,sv: https://sv.wikipedia.org/wiki/Karin_Sundin; en: https://en.wikipedia.org/wiki/Karin_Sundin
Katarina Berggren,S,Stockholms län,Tjänstgörande riksdagsledamot,1968,03661e16-b470-4697-a75e-acb5b9af4344,0400092969612,,Ingen identifierarmatchning – kontrollera Wikidata,,,https://data.riksdagen.se/filarkiv/bilder/ledamot/03661e16-b470-4697-a75e-acb5b9af4344_192.jpg,okant,
Katarina Bosetti-Kristoffersson,S,Västra Götalands läns västra,Tjänstgörande riksdagsledamot,1979,34971ee1-0d94-4ad3-8f40-7f1ad42d1159,0254987712526,Q141527543,Saknar bild (P18),,,https://data.riksdagen.se/filarkiv/bilder/ledamot/34971ee1-0d94-4ad3-8f40-7f1ad42d1159_192.jpg,nej,
Kristoffer Lindberg,S,Gävleborgs län,Tjänstgörande riksdagsledamot,1992,9842d41a-513d-4030-9799-7a44b6d775ce,0433422973328,Q109352589,Har bild (P18),http://commons.wikimedia.org/wiki/Special:FilePath/Kristoffer%20Lindberg.jpg,,https://data.riksdagen.se/filarkiv/bilder/ledamot/9842d41a-513d-4030-9799-7a44b6d775ce_192.jpg,ja,sv: https://sv.wikipedia.org/wiki/Kristoffer_Lindberg; en: https://en.wikipedia.org/wiki/Kristoffer_Lindberg
Lars Isacsson,S,Dalarnas län,Tjänstgörande riksdagsledamot,1970,2db22586-e7ae-4d0a-ac59-6a3a99b8e364,0515213566019,Q106783058,Har bild (P18),http://commons.wikimedia.org/wiki/Special:FilePath/Lars%20Isacsson.jpg,,https://data.riksdagen.se/filarkiv/bilder/ledamot/2db22586-e7ae-4d0a-ac59-6a3a99b8e364_192.jpg,ja,sv: https://sv.wikipedia.org/wiki/Lars_Isacsson; en: https://en.wikipedia.org/wiki/Lars_Isacsson; zh: https://zh.wikipedia.org/wiki/%E6%8B%89%E5%B0%94%E6%96%AF%C2%B7%E8%89%BE%E8%90%A8%E5%85%8B%E6%A3%AE
Lawen Redar,S,Stockholms kommun,Tjänstgörande riksdagsledamot,1989,285a3d5f-cb32-4958-9b7c-1545b2faff18,037561614928,Q18451520,Har bild (P18),http://commons.wikimedia.org/wiki/Special:FilePath/Lawen2021.jpg,,https://data.riksdagen.se/filarkiv/bilder/ledamot/285a3d5f-cb32-4958-9b7c-1545b2faff18_192.jpg,ja,"sv: https://sv.wikipedia.org/wiki/Lawen_Redar; en: https://en.wikipedia.org/wiki/Lawen_Redar; arz: https://arz.wikipedia.org/wiki/%D9%84%D8%A7%D9%88%D9%8A%D9%86_%D8%B1%D9%8A%D8%AF%D8%A7%D8%B1; ckb: https://ckb.wikipedia.org/wiki/%D9%84%D8%A7%D9%88%DB%8C%D9%86_%DA%95%DB%8E%D8%AF%D8%A7%D8%B1; fr: https://fr.wikipedia.org/wiki/Lawen_Redar; ru: https://ru.wikipedia.org/wiki/%D0%A0%D0%B5%D0%B4%D0%B0%D1%80,_%D0%9B%D0%B0%D0%B2%D0%B5%D0%BD; tr: https://tr.wikipedia.org/wiki/Lawen_Redar"
Leif Nysmed,S,Stockholms län,Tjänstgörande riksdagsledamot,1970,bdd26f21-dca7-4e7c-af32-131937aa539b,0376353897112,Q20652878,Har bild (P18),http://commons.wikimedia.org/wiki/Special:FilePath/Leif%20Nysmed%202021.jpg,,https://data.riksdagen.se/filarkiv/bilder/ledamot/bdd26f21-dca7-4e7c-af32-131937aa539b_192.jpg,ja,sv: https://sv.wikipedia.org/wiki/Leif_Nysmed; en: https://en.wikipedia.org/wiki/Leif_Nysmed; arz: https://arz.wikipedia.org/wiki/%D9%84%D9%8A%D9%81_%D9%86%D9%8A%D8%B3%D9%85%D9%8A%D8%AF
Lena Hallengren,S,Kalmar län,Tjänstgörande riksdagsledamot,1973,3c5cc43c-e4cd-11d6-ae81-0004755038ce,0853395328224,Q3431836,Har bild (P18),http://commons.wikimedia.org/wiki/Special:FilePath/Visit%20of%20Swedish%20Minister%20for%20Health%20and%20Social%20Affairs%20%2849468165378%29%20%28cropped%29.jpg,,https://data.riksdagen.se/filarkiv/bilder/ledamot/3c5cc43c-e4cd-11d6-ae81-0004755038ce_192.jpg,ja,"sv: https://sv.wikipedia.org/wiki/Lena_Hallengren; en: https://en.wikipedia.org/wiki/Lena_Hallengren; arz: https://arz.wikipedia.org/wiki/%D9%84%D9%8A%D9%86%D8%A7_%D9%87%D8%A7%D9%84%D9%8A%D9%86%D8%AC%D8%B1%D9%8A%D9%86; de: https://de.wikipedia.org/wiki/Lena_Hallengren; eo: https://eo.wikipedia.org/wiki/Lena_Hallengren; et: https://et.wikipedia.org/wiki/Lena_Hallengren; fi: https://fi.wikipedia.org/wiki/Lena_Hallengren; fr: https://fr.wikipedia.org/wiki/Lena_Hallengren; hy: https://hy.wikipedia.org/wiki/%D4%BC%D5%A5%D5%B6%D5%A1_%D5%80%D5%A1%D5%AC%D5%A5%D5%B6%D5%A3%D6%80%D5%A5%D5%B6; id: https://id.wikipedia.org/wiki/Lena_Hallengren; nl: https://nl.wikipedia.org/wiki/Lena_Hallengren; no: https://no.wikipedia.org/wiki/Lena_Hallengren; pl: https://pl.wikipedia.org/wiki/Lena_Hallengren; ru: https://ru.wikipedia.org/wiki/%D0%A5%D0%B0%D0%BB%D0%BB%D0%B5%D0%BD%D0%B3%D1%80%D0%B5%D0%BD,_%D0%9B%D0%B5%D0%BD%D0%B0; uk: https://uk.wikipedia.org/wiki/%D0%9B%D0%B5%D0%BD%D0%B0_%D0%93%D0%B0%D0%BB%D0%BB%D0%B5%D0%BD%D0%B3%D1%80%D0%B5%D0%BD"
Louise Thunström,S,Västra Götalands läns norra,Tjänstgörande riksdagsledamot,1973,ee34af33-039e-4eaa-b7dc-819721bb8ce9,0905254899611,Q114031249,Saknar bild (P18),,,https://data.riksdagen.se/filarkiv/bilder/ledamot/ee34af33-039e-4eaa-b7dc-819721bb8ce9_192.jpg,ja,sv: https://sv.wikipedia.org/wiki/Louise_Thunstr%C3%B6m; en: https://en.wikipedia.org/wiki/Louise_Thunstr%C3%B6m
Magdalena Andersson,S,Stockholms län,Tjänstgörande riksdagsledamot,1967,dcc2ab7d-3fc1-4a28-b3c7-be1679c047b3,098412828516,Q4935873,Har bild (P18),http://commons.wikimedia.org/wiki/Special:FilePath/Swedish%20Prime%20Minister%20Andersson%20%282021%29.jpg,,https://data.riksdagen.se/filarkiv/bilder/ledamot/dcc2ab7d-3fc1-4a28-b3c7-be1679c047b3_192.jpg,ja,"sv: https://sv.wikipedia.org/wiki/Magdalena_Andersson; en: https://en.wikipedia.org/wiki/Magdalena_Andersson; ar: https://ar.wikipedia.org/wiki/%D9%85%D8%A7%D8%BA%D8%AF%D8%A7%D9%84%D9%8A%D9%86%D8%A7_%D8%A3%D9%86%D8%AF%D8%B1%D8%B3%D9%88%D9%86; arz: https://arz.wikipedia.org/wiki/%D9%85%D8%A7%D8%AC%D8%AF%D8%A7%D9%84%D9%8A%D9%86%D8%A7_%D8%A7%D9%86%D8%AF%D8%B1%D8%B3%D9%88%D9%86; az: https://az.wikipedia.org/wiki/Maqdalena_Anderson; bcl: https://bcl.wikipedia.org/wiki/Magdalena_Anderson; be: https://be.wikipedia.org/wiki/%D0%9C%D0%B0%D0%B3%D0%B4%D0%B0%D0%BB%D0%B5%D0%BD%D0%B0_%D0%90%D0%BD%D0%B4%D1%8D%D1%80%D1%81%D0%B0%D0%BD; br: https://br.wikipedia.org/wiki/Magdalena_Andersson; ca: https://ca.wikipedia.org/wiki/Magdalena_Andersson; ckb: https://ckb.wikipedia.org/wiki/%D9%85%D8%A7%DA%AF%D8%AF%D8%A7%D9%84%DB%8E%D9%86%D8%A7_%D8%A6%D8%A7%D9%86%D8%AF%D8%B1%D8%B3%D9%86; cs: https://cs.wikipedia.org/wiki/Magdalena_Anderssonov%C3%A1; cy: https://cy.wikipedia.org/wiki/Magdalena_Andersson; da: https://da.wikipedia.org/wiki/Magdalena_Andersson; de: https://de.wikipedia.org/wiki/Magdalena_Andersson; dtp: https://dtp.wikipedia.org/wiki/Magdalena_Andersson; el: https://el.wikipedia.org/wiki/%CE%9C%CE%B1%CE%B3%CE%BA%CE%BD%CF%84%CE%B1%CE%BB%CE%AD%CE%BD%CE%B1_%CE%86%CE%BD%CF%84%CE%B5%CF%81%CF%83%CE%BF%CE%BD; eo: https://eo.wikipedia.org/wiki/Magdalena_Andersson; es: https://es.wikipedia.org/wiki/Magdalena_Andersson; et: https://et.wikipedia.org/wiki/Magdalena_Andersson; eu: https://eu.wikipedia.org/wiki/Magdalena_Andersson; fa: https://fa.wikipedia.org/wiki/%D9%85%D8%A7%DA%AF%D8%AF%D8%A7%D9%84%D9%86%D8%A7_%D8%A7%D9%86%D8%AF%D8%B1%D8%B3%D9%88%D9%86; fi: https://fi.wikipedia.org/wiki/Magdalena_Andersson; fo: https://fo.wikipedia.org/wiki/Magdalena_Andersson; fr: https://fr.wikipedia.org/wiki/Magdalena_Andersson; fy: https://fy.wikipedia.org/wiki/Magdalena_Andersson; ha: https://ha.wikipedia.org/wiki/Magdalena_Andersson; he: https://he.wikipedia.org/wiki/%D7%9E%D7%92%D7%93%D7%9C%D7%A0%D7%94_%D7%90%D7%A0%D7%93%D7%A9%D7%95%D7%9F; hu: https://hu.wikipedia.org/wiki/Magdalena_Andersson; hy: https://hy.wikipedia.org/wiki/%D5%84%D5%A1%D5%A3%D5%A4%D5%A1%D5%AC%D5%A5%D5%B6%D5%A1_%D4%B1%D5%B6%D5%A4%D5%A5%D6%80%D5%BD%D5%B8%D5%B6; id: https://id.wikipedia.org/wiki/Magdalena_Andersson; io: https://io.wikipedia.org/wiki/Magdalena_Andersson; is: https://is.wikipedia.org/wiki/Magdalena_Andersson; it: https://it.wikipedia.org/wiki/Magdalena_Andersson; ja: https://ja.wikipedia.org/wiki/%E3%83%9E%E3%82%B0%E3%83%80%E3%83%AC%E3%83%8A%E3%83%BB%E3%82%A2%E3%83%B3%E3%83%87%E3%82%B7%E3%83%A7%E3%83%B3; jv: https://jv.wikipedia.org/wiki/Magdalena_Andersson; ka: https://ka.wikipedia.org/wiki/%E1%83%9B%E1%83%90%E1%83%92%E1%83%93%E1%83%90%E1%83%9A%E1%83%94%E1%83%9C%E1%83%90_%E1%83%90%E1%83%9C%E1%83%93%E1%83%94%E1%83%A0%E1%83%A1%E1%83%9D%E1%83%9C%E1%83%98; ko: https://ko.wikipedia.org/wiki/%EB%A7%88%EA%B7%B8%EB%8B%AC%EB%A0%88%EB%82%98_%EC%95%88%EB%8D%B0%EB%A5%B4%EC%86%90; la: https://la.wikipedia.org/wiki/Magdalena_Andersson; lb: https://lb.wikipedia.org/wiki/Magdalena_Andersson; li: https://li.wikipedia.org/wiki/Magdalena_Andersson; lv: https://lv.wikipedia.org/wiki/Magdal%C4%93na_Ande%C5%A1one; mk: https://mk.wikipedia.org/wiki/%D0%9C%D0%B0%D0%B3%D0%B4%D0%B0%D0%BB%D0%B5%D0%BD%D0%B0_%D0%90%D0%BD%D0%B4%D0%B5%D1%80%D1%81%D0%BE%D0%BD; ml: https://ml.wikipedia.org/wiki/%E0%B4%AE%E0%B4%97%E0%B5%8D%E0%B4%A6%E0%B5%86%E0%B4%B2%E0%B4%A8_%E0%B4%86%E0%B5%BB%E0%B4%A1%E0%B5%87%E0%B4%B4%E0%B5%8D%E0%B4%B8%E0%B5%BA_(%E0%B4%9C%E0%B4%A8%E0%B4%BE%E0%B4%A7%E0%B4%BF%E0%B4%AA%E0%B4%A4%E0%B5%8D%E0%B4%AF%E0%B4%B8%E0%B5%8B%E0%B4%B7%E0%B5%8D%E0%B4%AF%E0%B4%B2%E0%B4%BF%E0%B4%B8%E0%B5%8D%E0%B4%B1%E0%B5%8D%E0%B4%B1%E0%B5%8D); ms: https://ms.wikipedia.org/wiki/Magdalena_Andersson; nl: https://nl.wikipedia.org/wiki/Magdalena_Andersson; nn: https://nn.wikipedia.org/wiki/Magdalena_Andersson; no: https://no.wikipedia.org/wiki/Magdalena_Andersson; pl: https://pl.wikipedia.org/wiki/Magdalena_Andersson; pnb: https://pnb.wikipedia.org/wiki/%D9%85%DA%AF%D8%AF%D8%A7%D9%84%DB%8C%D9%86%D8%A7_%D8%A7%DB%8C%D9%86%D8%AF%D8%B1%D8%B3%D9%86; pt: https://pt.wikipedia.org/wiki/Magdalena_Andersson; ro: https://ro.wikipedia.org/wiki/Magdalena_Andersson; ru: https://ru.wikipedia.org/wiki/%D0%90%D0%BD%D0%B4%D0%B5%D1%80%D1%81%D1%81%D0%BE%D0%BD,_%D0%9C%D0%B0%D0%B3%D0%B4%D0%B0%D0%BB%D0%B5%D0%BD%D0%B0; se: https://se.wikipedia.org/wiki/Magdalena_Andersson; si: https://si.wikipedia.org/wiki/%E0%B6%B8%E0%B7%90%E0%B6%9C%E0%B7%8A%E0%B6%A9%E0%B6%BD%E0%B7%92%E0%B6%BA%E0%B6%B1%E0%B7%8F_%E0%B6%85%E0%B6%B1%E0%B7%8A%E0%B6%A9%E0%B6%BB%E0%B7%8A%E0%B7%83%E0%B7%9C%E0%B6%B1%E0%B7%8A; simple: https://simple.wikipedia.org/wiki/Magdalena_Andersson; skr: https://skr.wikipedia.org/wiki/%D9%85%DA%AF%D8%AF%D8%A7%D9%84%DB%8C%D9%86%D8%A7_%D8%A7%DB%8C%D9%86%D8%AF%D8%B1%D8%B3%D9%86; sl: https://sl.wikipedia.org/wiki/Magdalena_Andersson; smn: https://smn.wikipedia.org/wiki/Magdalena_Andersson; so: https://so.wikipedia.org/wiki/Magdalena_Andersson; sq: https://sq.wikipedia.org/wiki/Magdalena_Andersson; th: https://th.wikipedia.org/wiki/%E0%B8%A1%E0%B8%B1%E0%B8%81%E0%B8%94%E0%B8%B2%E0%B9%80%E0%B8%A5%E0%B8%B5%E0%B8%A2%E0%B8%99%E0%B8%B2_%E0%B8%AD%E0%B8%B1%E0%B8%99%E0%B9%80%E0%B8%94%E0%B8%AD%E0%B8%8A%E0%B9%87%E0%B8%AD%E0%B8%99; tok: https://tok.wikipedia.org/wiki/jan_Matalena_Anteson; tr: https://tr.wikipedia.org/wiki/Magdalena_Andersson; uk: https://uk.wikipedia.org/wiki/%D0%9C%D0%B0%D0%B3%D0%B4%D0%B0%D0%BB%D0%B5%D0%BD%D0%B0_%D0%90%D0%BD%D0%B4%D0%B5%D1%80%D1%81%D1%81%D0%BE%D0%BD; ur: https://ur.wikipedia.org/wiki/%D9%85%DA%AF%D8%AF%D8%A7%D9%84%DB%8C%D9%86%D8%A7_%D8%A7%DB%8C%D9%86%D8%AF%D8%B1%D8%B3%D9%86; uz: https://uz.wikipedia.org/wiki/Magdalena_Andersson; vi: https://vi.wikipedia.org/wiki/Magdalena_Andersson; zea: https://zea.wikipedia.org/wiki/Magdalena_Andersson; zh: https://zh.wikipedia.org/wiki/%E7%8E%9B%E6%A0%BC%E8%BE%BE%E8%8E%B1%E5%A8%9C%C2%B7%E5%AE%89%E5%BE%B7%E6%9D%BE"
Magnus Johansson,S,Blekinge län,Tjänstgörande riksdagsledamot,1967,63a0f142-d671-4b98-beba-3201422f15a6,0471642162218,Q21717750,Har bild (P18),http://commons.wikimedia.org/wiki/Special:FilePath/Magnus%20Johansson%20Blekinge.jpg,,https://data.riksdagen.se/filarkiv/bilder/ledamot/63a0f142-d671-4b98-beba-3201422f15a6_192.jpg,ja,sv: https://sv.wikipedia.org/wiki/Magnus_Johansson_(socialdemokrat); arz: https://arz.wikipedia.org/wiki/%D9%85%D8%A7%D8%AC%D9%86%D9%88%D8%B3_%D8%AC%D9%88%D9%87%D8%A7%D9%86%D8%B3%D9%88%D9%86
Malin Larsson,S,Västernorrlands län,Tjänstgörande riksdagsledamot,1980,39523176-322e-469e-a754-3c46db2b0756,0203877548421,Q60823079,Har bild (P18),http://commons.wikimedia.org/wiki/Special:FilePath/Malin%20Larsson.jpg,,https://data.riksdagen.se/filarkiv/bilder/ledamot/39523176-322e-469e-a754-3c46db2b0756_192.jpg,ja,sv: https://sv.wikipedia.org/wiki/Malin_Larsson_(politiker); en: https://en.wikipedia.org/wiki/Malin_Larsson
Malin Malm,S,Västerbottens län,Tjänstgörande riksdagsledamot,1994,21b6bfb4-6032-41bb-a9eb-04f3d759c1dd,0151793888627,,Ingen identifierarmatchning – kontrollera Wikidata,,,https://data.riksdagen.se/filarkiv/bilder/ledamot/21b6bfb4-6032-41bb-a9eb-04f3d759c1dd_192.jpg,okant,
Marcus Andersson,S,Västra Götalands läns östra,Tjänstgörande riksdagsledamot,1987,7e0f8999-6a4e-4e2c-835b-eaa2c1a526d7,0174490514929,Q115198538,Saknar bild (P18),,,https://data.riksdagen.se/filarkiv/bilder/ledamot/7e0f8999-6a4e-4e2c-835b-eaa2c1a526d7_192.jpg,ja,sv: https://sv.wikipedia.org/wiki/Marcus_Andersson
Marcus Fridlund,S,Kalmar län,Tjänstgörande riksdagsledamot,1992,a2ed28cc-2e94-4541-a9d6-19064b607223,0518502642228,Q141507544,Saknar bild (P18),,,https://data.riksdagen.se/filarkiv/bilder/ledamot/a2ed28cc-2e94-4541-a9d6-19064b607223_192.jpg,ja,sv: https://sv.wikipedia.org/wiki/Marcus_Fridlund
Marie Olsson,S,Dalarnas län,Tjänstgörande riksdagsledamot,1967,f1f00905-525e-43fb-bbd2-e15aa3ff1be1,010392780417,Q29059638,Saknar bild (P18),,,https://data.riksdagen.se/filarkiv/bilder/ledamot/f1f00905-525e-43fb-bbd2-e15aa3ff1be1_192.jpg,ja,sv: https://sv.wikipedia.org/wiki/Marie_Olsson; en: https://en.wikipedia.org/wiki/Marie_Olsson
Markus Kallifatides,S,Stockholms kommun,Tjänstgörande riksdagsledamot,1972,cf706551-1349-419e-bae8-c9947f280868,0283284978818,Q105928301,Har bild (P18),http://commons.wikimedia.org/wiki/Special:FilePath/Markus%20Kallifatides%2C%20Reformisternas%20h%C3%B6stkonferens%202022.jpg,,https://data.riksdagen.se/filarkiv/bilder/ledamot/cf706551-1349-419e-bae8-c9947f280868_192.jpg,ja,sv: https://sv.wikipedia.org/wiki/Markus_Kallifatides; en: https://en.wikipedia.org/wiki/Markus_Kallifatides
Markus Selin,S,Stockholms län,Tjänstgörande riksdagsledamot,1978,4da8bb6b-fc06-4f3a-ba25-f70dfe5eb5a7,0497217816024,Q72922068,Har bild (P18),http://commons.wikimedia.org/wiki/Special:FilePath/Markus%20Selin%202022.jpg,,https://data.riksdagen.se/filarkiv/bilder/ledamot/4da8bb6b-fc06-4f3a-ba25-f70dfe5eb5a7_192.jpg,ja,sv: https://sv.wikipedia.org/wiki/Markus_Selin; en: https://en.wikipedia.org/wiki/Markus_Selin_(politician)
Mathias Tegnér,S,Stockholms län,Tjänstgörande riksdagsledamot,1979,2091e357-e195-430b-8dab-7e13732ffa41,0613297818326,Q24701062,Har bild (P18),http://commons.wikimedia.org/wiki/Special:FilePath/Mathias%20Tegn%C3%A9r.jpg,,https://data.riksdagen.se/filarkiv/bilder/ledamot/2091e357-e195-430b-8dab-7e13732ffa41_192.jpg,ja,sv: https://sv.wikipedia.org/wiki/Mathias_Tegn%C3%A9r; en: https://en.wikipedia.org/wiki/Mathias_Tegn%C3%A9r
Matilda Ernkrans,S,Örebro län,Tjänstgörande riksdagsledamot,1973,8166bd73-bf10-4ef8-8e01-1975ca921c12,0983984918111,Q3373058,Har bild (P18),http://commons.wikimedia.org/wiki/Special:FilePath/Matilda%20ernkrans.22g403.1322224.jpg,,https://data.riksdagen.se/filarkiv/bilder/ledamot/8166bd73-bf10-4ef8-8e01-1975ca921c12_192.jpg,ja,"sv: https://sv.wikipedia.org/wiki/Matilda_Ernkrans; en: https://en.wikipedia.org/wiki/Matilda_Ernkrans; arz: https://arz.wikipedia.org/wiki/%D9%85%D8%A7%D8%AA%D9%8A%D9%84%D8%AF%D8%A7_%D8%A7%D8%B1%D9%86%D9%83%D8%B1%D8%A7%D9%86%D8%B3; be: https://be.wikipedia.org/wiki/%D0%9C%D0%B0%D1%86%D1%96%D0%BB%D1%8C%D0%B4%D0%B0_%D0%AD%D1%80%D0%BD%D0%BA%D1%80%D0%B0%D0%BD%D1%81; de: https://de.wikipedia.org/wiki/Matilda_Ernkrans; eo: https://eo.wikipedia.org/wiki/Matilda_Ernkrans; et: https://et.wikipedia.org/wiki/Matilda_Ernkrans; fi: https://fi.wikipedia.org/wiki/Matilda_Ernkrans; fr: https://fr.wikipedia.org/wiki/Matilda_Ernkrans; hy: https://hy.wikipedia.org/wiki/%D5%84%D5%A1%D5%A9%D5%AB%D5%AC%D5%A4%D5%A1_%D4%B7%D6%80%D5%B6%D5%AF%D6%80%D5%A1%D5%B6%D5%BD; id: https://id.wikipedia.org/wiki/Matilda_Ernkrans; ja: https://ja.wikipedia.org/wiki/%E3%83%9E%E3%83%86%E3%82%A3%E3%83%AB%E3%83%80%E3%83%BB%E3%82%A8%E3%83%BC%E3%83%B3%E3%82%AF%E3%83%A9%E3%83%B3%E3%82%B9; no: https://no.wikipedia.org/wiki/Matilda_Ernkrans; pl: https://pl.wikipedia.org/wiki/Matilda_Ernkrans; ru: https://ru.wikipedia.org/wiki/%D0%AD%D1%80%D0%BD%D0%BA%D1%80%D0%B0%D0%BD%D1%81,_%D0%9C%D0%B0%D1%82%D0%B8%D0%BB%D1%8C%D0%B4%D0%B0; tr: https://tr.wikipedia.org/wiki/Matilda_Ernkrans; uk: https://uk.wikipedia.org/wiki/%D0%9C%D0%B0%D1%82%D0%B8%D0%BB%D1%8C%D0%B4%D0%B0_%D0%95%D1%80%D0%BD%D0%BA%D1%80%D0%B0%D0%BD%D1%81; ur: https://ur.wikipedia.org/wiki/%D9%85%D9%B9%D9%84%DA%88%D8%A7_%D8%A7%DB%8C%D8%B1%D9%86%DA%A9%D8%B1%D8%A7%D9%86%D8%B2"
Mattias Jonsson,S,Göteborgs kommun,Tjänstgörande riksdagsledamot,1974,9ae916dd-799d-4d2b-80c4-f00bc5a7344d,0499755198526,Q5891875,Har bild (P18),http://commons.wikimedia.org/wiki/Special:FilePath/9B0A9303.jpg,,https://data.riksdagen.se/filarkiv/bilder/ledamot/9ae916dd-799d-4d2b-80c4-f00bc5a7344d_192.jpg,ja,sv: https://sv.wikipedia.org/wiki/Mattias_Jonsson; en: https://en.wikipedia.org/wiki/Mattias_Jonsson; arz: https://arz.wikipedia.org/wiki/%D9%85%D8%A7%D8%AA%D9%8A%D8%A7%D8%B3_%DA%86%D9%88%D9%86%D8%B3%D9%88%D9%86; no: https://no.wikipedia.org/wiki/Mattias_Jonsson
Mattias Vepsä,S,Stockholms kommun,Tjänstgörande riksdagsledamot,1980,b20fb0ab-e161-4d7a-acc9-57c3923d5456,0911067396229,Q6223773,Har bild (P18),http://commons.wikimedia.org/wiki/Special:FilePath/Mattias%20veps%C3%A4.jpg,,https://data.riksdagen.se/filarkiv/bilder/ledamot/b20fb0ab-e161-4d7a-acc9-57c3923d5456_192.jpg,ja,sv: https://sv.wikipedia.org/wiki/Mattias_Veps%C3%A4; en: https://en.wikipedia.org/wiki/Mattias_Veps%C3%A4
Michael Melby,S,Västra Götalands läns norra,Tjänstgörande riksdagsledamot,1969,9974ce9c-f8a9-41c9-8f43-224854516cfc,0443963997818,Q141527618,Saknar bild (P18),,,https://data.riksdagen.se/filarkiv/bilder/ledamot/9974ce9c-f8a9-41c9-8f43-224854516cfc_192.jpg,nej,
Mikael Dahlkvist,S,Värmlands län,Tjänstgörande riksdagsledamot,1967,4db15792-072c-456e-a46c-6d0cee07889e,0554852839719,Q18649252,Har bild (P18),http://commons.wikimedia.org/wiki/Special:FilePath/Mikael%20Dahlqvist.jpg,,https://data.riksdagen.se/filarkiv/bilder/ledamot/4db15792-072c-456e-a46c-6d0cee07889e_192.jpg,ja,sv: https://sv.wikipedia.org/wiki/Mikael_Dahlqvist; en: https://en.wikipedia.org/wiki/Mikael_Dahlqvist; arz: https://arz.wikipedia.org/wiki/%D9%85%D9%8A%D9%83%D8%A7%D9%8A%D9%84_%D8%AF%D8%A7%D9%87%D9%84%D9%83%DA%A4%D9%8A%D8%B3%D8%AA; no: https://no.wikipedia.org/wiki/Mikael_Dahlqvist; pt: https://pt.wikipedia.org/wiki/Mikael_Dahlqvist
Mikael Damberg,S,Stockholms län,Tjänstgörande riksdagsledamot,1971,70b5dfce-7871-4e6e-b0bf-a0d482fa4c6b,014744660015,Q3372917,Har bild (P18),http://commons.wikimedia.org/wiki/Special:FilePath/Mikael%20damberg.riksmotet2016.16d759.1340379.jpg,,https://data.riksdagen.se/filarkiv/bilder/ledamot/70b5dfce-7871-4e6e-b0bf-a0d482fa4c6b_192.jpg,ja,sv: https://sv.wikipedia.org/wiki/Mikael_Damberg; en: https://en.wikipedia.org/wiki/Mikael_Damberg; arz: https://arz.wikipedia.org/wiki/%D9%85%D9%8A%D9%83%D8%A7%D9%8A%D9%84_%D8%AF%D8%A7%D9%85%D8%A8%D9%8A%D8%B1%D8%AC; da: https://da.wikipedia.org/wiki/Mikael_Damberg; de: https://de.wikipedia.org/wiki/Mikael_Damberg; eo: https://eo.wikipedia.org/wiki/Mikael_Damberg; et: https://et.wikipedia.org/wiki/Mikael_Damberg; fi: https://fi.wikipedia.org/wiki/Mikael_Damberg; fr: https://fr.wikipedia.org/wiki/Mikael_Damberg; id: https://id.wikipedia.org/wiki/Mikael_Damberg; la: https://la.wikipedia.org/wiki/Michael_Damberg; no: https://no.wikipedia.org/wiki/Mikael_Damberg; pl: https://pl.wikipedia.org/wiki/Mikael_Damberg; pt: https://pt.wikipedia.org/wiki/Mikael_Damberg; uk: https://uk.wikipedia.org/wiki/%D0%9C%D1%96%D0%BA%D0%B0%D0%B5%D0%BB_%D0%94%D0%B0%D0%BC%D0%B1%D0%B5%D1%80%D0%B3; ur: https://ur.wikipedia.org/wiki/%D9%85%D8%A7%D8%A6%DB%8C%DA%A9%D9%84_%DA%88%DB%8C%D9%85%D8%A8%D8%B1%DA%AF
Mirja Räihä,S,Stockholms kommun,Tjänstgörande riksdagsledamot,1959,04f42c2c-9467-4900-ae83-068c93492e09,0783069490115,Q114029317,Saknar bild (P18),,,https://data.riksdagen.se/filarkiv/bilder/ledamot/04f42c2c-9467-4900-ae83-068c93492e09_192.jpg,ja,sv: https://sv.wikipedia.org/wiki/Mirja_R%C3%A4ih%C3%A4; en: https://en.wikipedia.org/wiki/Mirja_R%C3%A4ih%C3%A4
Monica Haider,S,Kronobergs län,Tjänstgörande riksdagsledamot,1963,6f818cd1-9a97-412f-bc59-1d1e8a2ceb19,0760500234712,Q18202340,Har bild (P18),http://commons.wikimedia.org/wiki/Special:FilePath/Monica%20Haider.jpg,,https://data.riksdagen.se/filarkiv/bilder/ledamot/6f818cd1-9a97-412f-bc59-1d1e8a2ceb19_192.jpg,ja,sv: https://sv.wikipedia.org/wiki/Monica_Haider; en: https://en.wikipedia.org/wiki/Monica_Haider; arz: https://arz.wikipedia.org/wiki/%D9%85%D9%88%D9%86%D9%8A%D9%83%D8%A7_%D9%87%D8%A7%D9%8A%D8%AF%D9%8A%D8%B1
Morgan Johansson,S,Skåne läns södra,Tjänstgörande riksdagsledamot,1970,d7c32690-83e4-11d4-ae60-0050040c9b55,0473783431010,Q5887217,Har bild (P18),http://commons.wikimedia.org/wiki/Special:FilePath/Morgan%20Johansson%20Almedalen%202026.jpg,,https://data.riksdagen.se/filarkiv/bilder/ledamot/d7c32690-83e4-11d4-ae60-0050040c9b55_192.jpg,ja,"sv: https://sv.wikipedia.org/wiki/Morgan_Johansson; en: https://en.wikipedia.org/wiki/Morgan_Johansson; ar: https://ar.wikipedia.org/wiki/%D9%85%D9%88%D8%B1%D8%BA%D8%A7%D9%86_%D9%8A%D9%88%D9%87%D8%A7%D9%86%D8%B3%D9%88%D9%86; arz: https://arz.wikipedia.org/wiki/%D9%85%D9%88%D8%B1%D8%AC%D8%A7%D9%86_%D8%AC%D9%88%D9%87%D8%A7%D9%86%D8%B3%D9%88%D9%86; da: https://da.wikipedia.org/wiki/Morgan_Johansson; de: https://de.wikipedia.org/wiki/Morgan_Johansson_(Politiker); eo: https://eo.wikipedia.org/wiki/Morgan_Johansson; es: https://es.wikipedia.org/wiki/Morgan_Johansson; et: https://et.wikipedia.org/wiki/Morgan_Johansson; fi: https://fi.wikipedia.org/wiki/Morgan_Johansson; fr: https://fr.wikipedia.org/wiki/Morgan_Johansson; id: https://id.wikipedia.org/wiki/Morgan_Johansson; it: https://it.wikipedia.org/wiki/Morgan_Johansson; nl: https://nl.wikipedia.org/wiki/Morgan_Johansson; no: https://no.wikipedia.org/wiki/Morgan_Johansson; pl: https://pl.wikipedia.org/wiki/Morgan_Johansson; pt: https://pt.wikipedia.org/wiki/Morgan_Johansson; ru: https://ru.wikipedia.org/wiki/%D0%AE%D1%85%D0%B0%D0%BD%D1%81%D1%81%D0%BE%D0%BD,_%D0%9C%D0%BE%D1%80%D0%B3%D0%B0%D0%BD; simple: https://simple.wikipedia.org/wiki/Morgan_Johansson; uk: https://uk.wikipedia.org/wiki/%D0%9C%D0%BE%D1%80%D0%B3%D0%B0%D0%BD_%D0%99%D0%BE%D0%B3%D0%B0%D0%BD%D1%81%D1%81%D0%BE%D0%BD; ur: https://ur.wikipedia.org/wiki/%D9%85%D9%88%D8%B1%DA%AF%D9%86_%D8%AC%D9%88%DB%81%D8%A7%D9%86%D8%B3%D9%86"
My Rosell,S,Skåne läns västra,Tjänstgörande riksdagsledamot,1984,71891c7e-5cb9-48cc-8d25-a35645c6d40c,0821049469728,Q141507883,Saknar bild (P18),,,https://data.riksdagen.se/filarkiv/bilder/ledamot/71891c7e-5cb9-48cc-8d25-a35645c6d40c_192.jpg,nej,
Niklas Karlsson,S,Skåne läns västra,Tjänstgörande riksdagsledamot,1974,b20fb574-b44c-42af-ae93-064dfabbffaf,065105536026,Q16633140,Har bild (P18),http://commons.wikimedia.org/wiki/Special:FilePath/Niklas%20Karlsson.jpg,,https://data.riksdagen.se/filarkiv/bilder/ledamot/b20fb574-b44c-42af-ae93-064dfabbffaf_192.jpg,ja,sv: https://sv.wikipedia.org/wiki/Niklas_Karlsson_(politiker); en: https://en.wikipedia.org/wiki/Niklas_Karlsson; arz: https://arz.wikipedia.org/wiki/%D9%86%D9%8A%D9%83%D9%84%D8%A7%D8%B3_%D9%83%D8%A7%D8%B1%D9%84%D8%B3%D9%88%D9%86
Ola Möller,S,Skåne läns västra,Tjänstgörande riksdagsledamot,1983,002ed7e8-1202-46df-a87c-8585e5b92012,0271338654822,Q19977055,Har bild (P18),http://commons.wikimedia.org/wiki/Special:FilePath/Ola%20M%C3%B6ller%202021.jpg,,https://data.riksdagen.se/filarkiv/bilder/ledamot/002ed7e8-1202-46df-a87c-8585e5b92012_192.jpg,ja,sv: https://sv.wikipedia.org/wiki/Ola_M%C3%B6ller_(politiker); en: https://en.wikipedia.org/wiki/Ola_M%C3%B6ller_(politician); no: https://no.wikipedia.org/wiki/Ola_M%C3%B6ller
Patrik Lundqvist,S,Gävleborgs län,Tjänstgörande riksdagsledamot,1984,41f3a07f-57ba-4d0c-b737-e05aa04ec023,0418929039326,Q21561347,Har bild (P18),http://commons.wikimedia.org/wiki/Special:FilePath/Patrik%20Lundqvist.jpg,,https://data.riksdagen.se/filarkiv/bilder/ledamot/41f3a07f-57ba-4d0c-b737-e05aa04ec023_192.jpg,ja,sv: https://sv.wikipedia.org/wiki/Patrik_Lundqvist; en: https://en.wikipedia.org/wiki/Patrik_Lundqvist; arz: https://arz.wikipedia.org/wiki/%D9%BE%D8%A7%D8%AA%D8%B1%D9%8A%D9%83_%D9%84%D9%88%D9%86%D8%AF%D9%83%DA%A4%D9%8A%D8%B3%D8%AA
Per-Arne Håkansson,S,Skåne läns norra och östra,Tjänstgörande riksdagsledamot,1963,0ba9f702-555f-419f-89fb-7e1234ae1171,0630820052511,Q21531339,Har bild (P18),http://commons.wikimedia.org/wiki/Special:FilePath/Per-Arne%20H%C3%A5kansson.jpg,,https://data.riksdagen.se/filarkiv/bilder/ledamot/0ba9f702-555f-419f-89fb-7e1234ae1171_192.jpg,ja,sv: https://sv.wikipedia.org/wiki/Per-Arne_H%C3%A5kansson; en: https://en.wikipedia.org/wiki/Per-Arne_H%C3%A5kansson; arz: https://arz.wikipedia.org/wiki/%D9%BE%D9%8A%D8%B1_%D8%A7%D8%B1%D9%86_%D9%87%D9%88%D9%83%D8%A7%D9%86%D8%B3%D9%88%D9%86
Peter Hedberg,S,Västernorrlands län,Tjänstgörande riksdagsledamot,1990,162c225d-c946-4fde-ae8b-69bf837f2a64,0589561178823,Q114031268,Saknar bild (P18),,,https://data.riksdagen.se/filarkiv/bilder/ledamot/162c225d-c946-4fde-ae8b-69bf837f2a64_192.jpg,ja,sv: https://sv.wikipedia.org/wiki/Peter_Hedberg; en: https://en.wikipedia.org/wiki/Peter_Hedberg
Peter Hultqvist,S,Dalarnas län,Tjänstgörande riksdagsledamot,1958,8fdcd2db-91db-4cba-ae0c-258061f5ed59,0937688366013,Q3370162,Har bild (P18),http://commons.wikimedia.org/wiki/Special:FilePath/Peter%20Hultqvist%20in%202016%20%28cropped%29.jpg,,https://data.riksdagen.se/filarkiv/bilder/ledamot/8fdcd2db-91db-4cba-ae0c-258061f5ed59_192.jpg,ja,sv: https://sv.wikipedia.org/wiki/Peter_Hultqvist; en: https://en.wikipedia.org/wiki/Peter_Hultqvist; arz: https://arz.wikipedia.org/wiki/%D9%BE%D9%8A%D8%AA%D9%8A%D8%B1_%D9%87%D9%88%D9%84%D8%AA%D9%83%DA%A4%D9%8A%D8%B3%D8%AA; de: https://de.wikipedia.org/wiki/Peter_Hultqvist; eo: https://eo.wikipedia.org/wiki/Peter_Hultqvist; et: https://et.wikipedia.org/wiki/Peter_Hultqvist; fa: https://fa.wikipedia.org/wiki/%D9%BE%DB%8C%D8%AA%D8%B1_%D9%87%D9%88%D9%84%D8%AA%DA%A9%D9%88%DB%8C%D8%B3%D8%AA; fi: https://fi.wikipedia.org/wiki/Peter_Hultqvist; fr: https://fr.wikipedia.org/wiki/Peter_Hultqvist; he: https://he.wikipedia.org/wiki/%D7%A4%D7%99%D7%98%D7%A8_%D7%94%D7%95%D7%9C%D7%98%D7%A7%D7%95%D7%95%D7%99%D7%A1%D7%98; no: https://no.wikipedia.org/wiki/Peter_Hultqvist; pl: https://pl.wikipedia.org/wiki/Peter_Hultqvist; pt: https://pt.wikipedia.org/wiki/Peter_Hultqvist; tr: https://tr.wikipedia.org/wiki/Peter_Hultqvist; uk: https://uk.wikipedia.org/wiki/%D0%9F%D0%B5%D1%82%D0%B5%D1%80_%D0%93%D1%83%D0%BB%D1%8C%D0%BA%D0%B2%D1%96%D1%81%D1%82
Peter Söderström,S,Värmlands län,Tjänstgörande riksdagsledamot,1975,0b5e4648-5c1c-4273-8049-bef32b8f7ae5,064205084029,,Ingen identifierarmatchning – kontrollera Wikidata,,,https://data.riksdagen.se/filarkiv/bilder/ledamot/0b5e4648-5c1c-4273-8049-bef32b8f7ae5_192.jpg,okant,
Petter Löberg,S,Västra Götalands läns södra,Tjänstgörande riksdagsledamot,1968,7826c819-d0da-4e4a-a16b-ffa3d8e9b155,0274462857213,Q5969317,Har bild (P18),http://commons.wikimedia.org/wiki/Special:FilePath/Petter%20L%C3%B6berg%20%28cropped%29.jpg,,https://data.riksdagen.se/filarkiv/bilder/ledamot/7826c819-d0da-4e4a-a16b-ffa3d8e9b155_192.jpg,ja,sv: https://sv.wikipedia.org/wiki/Petter_L%C3%B6berg; en: https://en.wikipedia.org/wiki/Petter_L%C3%B6berg; arz: https://arz.wikipedia.org/wiki/%D9%BE%D9%8A%D8%AA%D9%8A%D8%B1_%D9%84%D9%88%D8%A8%D9%8A%D8%B1%D8%AC
Robert Andersson Hammarstrand,S,Göteborgs kommun,Tjänstgörande riksdagsledamot,1972,071ef3e6-6e98-466b-9a6f-5c7bbb428ae2,0176574413717,Q141527502,Saknar bild (P18),,,https://data.riksdagen.se/filarkiv/bilder/ledamot/071ef3e6-6e98-466b-9a6f-5c7bbb428ae2_192.jpg,nej,
Robert Olesen,S,Kronobergs län,Tjänstgörande riksdagsledamot,1975,636bf682-393b-4ceb-a1d2-3172d8562627,0440225263920,Q6024765,Saknar bild (P18),,,https://data.riksdagen.se/filarkiv/bilder/ledamot/636bf682-393b-4ceb-a1d2-3172d8562627_192.jpg,ja,sv: https://sv.wikipedia.org/wiki/Robert_Olesen; en: https://en.wikipedia.org/wiki/Robert_Olesen_(politician); arz: https://arz.wikipedia.org/wiki/%D8%B1%D9%88%D8%A8%D9%8A%D8%B1%D8%AA_%D8%A7%D9%88%D9%84%D9%8A%D8%B3%D9%8A%D9%86
Samuel Pettersson,S,Norrbottens län,Tjänstgörande riksdagsledamot,2001,81d58995-d87f-4560-8013-8af6a0d768f9,0139595721190,Q141511357,Saknar bild (P18),,,https://data.riksdagen.se/filarkiv/bilder/ledamot/81d58995-d87f-4560-8013-8af6a0d768f9_192.jpg,ja,sv: https://sv.wikipedia.org/wiki/Samuel_Pettersson_Frank; en: https://en.wikipedia.org/wiki/Samuel_Pettersson
Sanna Backeskog,S,Gävleborgs län,Tjänstgörande riksdagsledamot,1985,c201c018-27e1-4f3f-88b1-4ab748edf883,0859909330720,Q114031263,Saknar bild (P18),,,https://data.riksdagen.se/filarkiv/bilder/ledamot/c201c018-27e1-4f3f-88b1-4ab748edf883_192.jpg,ja,sv: https://sv.wikipedia.org/wiki/Sanna_Backeskog; en: https://en.wikipedia.org/wiki/Sanna_Backeskog; no: https://no.wikipedia.org/wiki/Sanna_Backeskog
Sarkis Khatchadourian,S,Stockholms län,Tjänstgörande riksdagsledamot,1997,dc30b795-1b73-4974-baf6-391aa04a123d,0242094381121,Q141503007,Saknar bild (P18),,,https://data.riksdagen.se/filarkiv/bilder/ledamot/dc30b795-1b73-4974-baf6-391aa04a123d_192.jpg,nej,en: https://en.wikipedia.org/wiki/Sarkis_Khatchadourian
Sofia Amloh,S,Södermanlands län,Tjänstgörande riksdagsledamot,1986,359e75f3-519e-49d7-b155-ada488e621ea,0521260619925,Q108525852,Har bild (P18),http://commons.wikimedia.org/wiki/Special:FilePath/Sofia%20Amloh.jpg,,https://data.riksdagen.se/filarkiv/bilder/ledamot/359e75f3-519e-49d7-b155-ada488e621ea_192.jpg,ja,sv: https://sv.wikipedia.org/wiki/Sofia_Amloh; en: https://en.wikipedia.org/wiki/Sofia_Amloh; de: https://de.wikipedia.org/wiki/Sofia_Amloh
Sofia Skönnbrink,S,Värmlands län,Tjänstgörande riksdagsledamot,1991,61011e4f-56d9-4eba-8071-3831cd36137b,0369212790927,Q114031254,Saknar bild (P18),,,https://data.riksdagen.se/filarkiv/bilder/ledamot/61011e4f-56d9-4eba-8071-3831cd36137b_192.jpg,ja,sv: https://sv.wikipedia.org/wiki/Sofia_Sk%C3%B6nnbrink; en: https://en.wikipedia.org/wiki/Sofia_Sk%C3%B6nnbrink
Talla Alkurdi,S,Stockholms kommun,Tjänstgörande riksdagsledamot,1984,ea0be65f-a0f2-4c37-8824-471e9fcf6fcd,0613869444326,,Ingen identifierarmatchning – kontrollera Wikidata,,,https://data.riksdagen.se/filarkiv/bilder/ledamot/ea0be65f-a0f2-4c37-8824-471e9fcf6fcd_192.jpg,okant,
Teresa Carvalho,S,Östergötlands län,Tjänstgörande riksdagsledamot,1984,3d764cf6-705b-460b-8226-df8f1226b27b,0315499690028,Q18202339,Har bild (P18),http://commons.wikimedia.org/wiki/Special:FilePath/Teresa%20Carvalho%202022.jpg,,https://data.riksdagen.se/filarkiv/bilder/ledamot/3d764cf6-705b-460b-8226-df8f1226b27b_192.jpg,ja,sv: https://sv.wikipedia.org/wiki/Teresa_Carvalho; en: https://en.wikipedia.org/wiki/Teresa_Carvalho; arz: https://arz.wikipedia.org/wiki/%D8%AA%D9%8A%D8%B1%D9%8A%D8%B3%D8%A7_%D9%83%D8%A7%D8%B1%DA%A4%D8%A7%D9%84%D9%87%D9%88; pt: https://pt.wikipedia.org/wiki/Teresa_Carvalho
Therese Kristiansson,S,Västra Götalands läns östra,Tjänstgörande riksdagsledamot,1995,51618e1f-5680-46a2-b778-4f93c6d8bb44,0642243049322,Q141527873,Saknar bild (P18),,,https://data.riksdagen.se/filarkiv/bilder/ledamot/51618e1f-5680-46a2-b778-4f93c6d8bb44_192.jpg,nej,en: https://en.wikipedia.org/wiki/Therese_Kristiansson
Ylva Stadell,S,Uppsala län,Tjänstgörande riksdagsledamot,1982,20196cf0-b6e1-4814-b7a1-c306d46900c4,0471368553320,Q141503663,Saknar bild (P18),,,https://data.riksdagen.se/filarkiv/bilder/ledamot/20196cf0-b6e1-4814-b7a1-c306d46900c4_192.jpg,ja,sv: https://sv.wikipedia.org/wiki/Ylva_Stadell
Zinaida Kajevic,S,Malmö kommun,Tjänstgörande ersättare,1979,e46ed7dc-8aaa-44d1-bcc6-a62fc23d9ae3,0990587970528,Q116996454,Saknar bild (P18),,,https://data.riksdagen.se/filarkiv/bilder/ledamot/e46ed7dc-8aaa-44d1-bcc6-a62fc23d9ae3_192.jpg,ja,sv: https://sv.wikipedia.org/wiki/Zinaida_Kajevic; en: https://en.wikipedia.org/wiki/Zinaida_Kajevic
Åsa Andersson,S,Uppsala län,Tjänstgörande riksdagsledamot,1971,6063efea-7494-4636-bd85-f1eeb28f0b23,0288073636613,Q141503752,Saknar bild (P18),,,https://data.riksdagen.se/filarkiv/bilder/ledamot/6063efea-7494-4636-bd85-f1eeb28f0b23_192.jpg,nej,
Åsa Eriksson,S,Västmanlands län,Tjänstgörande riksdagsledamot,1972,473cc883-b475-42fe-8553-4f1a6bd17a54,0296384583518,Q9393603,Har bild (P18),http://commons.wikimedia.org/wiki/Special:FilePath/%C3%85sa%20Eriksson.jpg,,https://data.riksdagen.se/filarkiv/bilder/ledamot/473cc883-b475-42fe-8553-4f1a6bd17a54_192.jpg,ja,sv: https://sv.wikipedia.org/wiki/%C3%85sa_Eriksson_(politiker); en: https://en.wikipedia.org/wiki/%C3%85sa_Eriksson_(politician)
Åsa Westlund,S,Stockholms län,Tjänstgörande riksdagsledamot,1976,73281fee-b276-4150-8cf0-fd3368b3c5c6,0802546764724,Q269859,Har bild (P18),http://commons.wikimedia.org/wiki/Special:FilePath/%C3%85sa%20Westlund%2002.JPG,,https://data.riksdagen.se/filarkiv/bilder/ledamot/73281fee-b276-4150-8cf0-fd3368b3c5c6_192.jpg,ja,"sv: https://sv.wikipedia.org/wiki/%C3%85sa_Westlund; en: https://en.wikipedia.org/wiki/%C3%85sa_Westlund; arz: https://arz.wikipedia.org/wiki/%D8%A7%D9%88%D8%B3%D8%A7_%D9%88%D9%8A%D8%B3%D8%AA%D9%84%D9%88%D9%86%D8%AF; da: https://da.wikipedia.org/wiki/%C3%85sa_Westlund; de: https://de.wikipedia.org/wiki/%C3%85sa_Westlund; eo: https://eo.wikipedia.org/wiki/%C3%85sa_Westlund; es: https://es.wikipedia.org/wiki/%C3%85sa_Westlund; fi: https://fi.wikipedia.org/wiki/%C3%85sa_Westlund; fr: https://fr.wikipedia.org/wiki/%C3%85sa_Westlund; it: https://it.wikipedia.org/wiki/%C3%85sa_Westlund; pl: https://pl.wikipedia.org/wiki/%C3%85sa_Westlund; ro: https://ro.wikipedia.org/wiki/%C3%85sa_Westlund; ru: https://ru.wikipedia.org/wiki/%D0%92%D0%B5%D1%81%D1%82%D0%BB%D1%83%D0%BD%D0%B4,_%D0%9E%D1%81%D0%B0; tr: https://tr.wikipedia.org/wiki/%C3%85sa_Westlund"
Adam Marttinen,SD,Södermanlands län,Tjänstgörande riksdagsledamot,1983,db2ca6ff-5620-4ece-8d31-97777f2efb48,0831039938224,Q15963975,Har bild (P18),http://commons.wikimedia.org/wiki/Special:FilePath/Adam%20Marttinen.jpg,,https://data.riksdagen.se/filarkiv/bilder/ledamot/db2ca6ff-5620-4ece-8d31-97777f2efb48_192.jpg,ja,sv: https://sv.wikipedia.org/wiki/Adam_Marttinen; en: https://en.wikipedia.org/wiki/Adam_Marttinen; pt: https://pt.wikipedia.org/wiki/Adam_Marttinen
Alexander Christiansson,SD,Västra Götalands läns västra,Tjänstgörande riksdagsledamot,1981,300c041c-1f7e-4daa-97e0-4d2ec8e6f4f5,0279488554424,Q65499866,Har bild (P18),http://commons.wikimedia.org/wiki/Special:FilePath/Alexander%20Christiansson.png,,https://data.riksdagen.se/filarkiv/bilder/ledamot/300c041c-1f7e-4daa-97e0-4d2ec8e6f4f5_192.jpg,ja,sv: https://sv.wikipedia.org/wiki/Alexander_Christiansson; en: https://en.wikipedia.org/wiki/Alexander_Christiansson; arz: https://arz.wikipedia.org/wiki/%D8%A7%D9%84%D9%8A%D9%83%D8%B3%D8%A7%D9%86%D8%AF%D8%B1_%D9%83%D8%B1%D9%8A%D8%B3%D8%AA%D9%8A%D8%A7%D9%86%D8%B3%D9%88%D9%86
Anders Alftberg,SD,Västra Götalands läns södra,Tjänstgörande riksdagsledamot,1973,f0d945f3-9449-458e-ba40-1a0da1a72303,0469384565811,Q114031250,Saknar bild (P18),,,https://data.riksdagen.se/filarkiv/bilder/ledamot/f0d945f3-9449-458e-ba40-1a0da1a72303_192.jpg,ja,sv: https://sv.wikipedia.org/wiki/Anders_Alftberg; en: https://en.wikipedia.org/wiki/Anders_Alftberg
Andrea Kronvall,SD,Stockholms län,Tjänstgörande riksdagsledamot,1985,820d6a20-1170-4915-bdff-e6175011bf0b,0109529900621,Q131382039,Har bild (P18),http://commons.wikimedia.org/wiki/Special:FilePath/Andrea%20Kronvall.jpg,,https://data.riksdagen.se/filarkiv/bilder/ledamot/820d6a20-1170-4915-bdff-e6175011bf0b_192.jpg,ja,sv: https://sv.wikipedia.org/wiki/Andrea_Kronvall; en: https://en.wikipedia.org/wiki/Andrea_Kronvall
Andreas Ahlqvist,SD,Hallands län,Tjänstgörande riksdagsledamot,1973,ba3a8074-f7f8-4794-a062-e116da4458ed,0203115394824,Q141510321,Saknar bild (P18),,,https://data.riksdagen.se/filarkiv/bilder/ledamot/ba3a8074-f7f8-4794-a062-e116da4458ed_192.jpg,nej,
Ann-Christine Frohm,SD,Kronobergs län,Tjänstgörande riksdagsledamot,1972,3298ed49-917f-4230-8cf5-e10a70a93727,0148424181819,Q71133291,Saknar bild (P18),,,https://data.riksdagen.se/filarkiv/bilder/ledamot/3298ed49-917f-4230-8cf5-e10a70a93727_192.jpg,ja,sv: https://sv.wikipedia.org/wiki/Ann-Christine_Frohm; en: https://en.wikipedia.org/wiki/Ann-Christine_From_Utterstedt
Aron Emilsson,SD,Östergötlands län,Tjänstgörande riksdagsledamot,1990,fc43f0dc-4fc1-4e6e-ba11-5b74b20a12b2,0861521539920,Q18238607,Har bild (P18),http://commons.wikimedia.org/wiki/Special:FilePath/Aron%20Emilsson%20%28SD%29%20in%202018.jpg,,https://data.riksdagen.se/filarkiv/bilder/ledamot/fc43f0dc-4fc1-4e6e-ba11-5b74b20a12b2_192.jpg,ja,sv: https://sv.wikipedia.org/wiki/Aron_Emilsson; en: https://en.wikipedia.org/wiki/Aron_Emilsson; fi: https://fi.wikipedia.org/wiki/Aron_Emilsson; pt: https://pt.wikipedia.org/wiki/Aron_Emilsson
Björn Söder,SD,Skåne läns norra och östra,Tjänstgörande riksdagsledamot,1976,06d7c195-c170-4103-bcc6-1d9c0d43b169,0452755722723,Q4919772,Har bild (P18),http://commons.wikimedia.org/wiki/Special:FilePath/Bj%C3%B6rn%20S%C3%B6der.jpg,,https://data.riksdagen.se/filarkiv/bilder/ledamot/06d7c195-c170-4103-bcc6-1d9c0d43b169_192.jpg,ja,sv: https://sv.wikipedia.org/wiki/Bj%C3%B6rn_S%C3%B6der; en: https://en.wikipedia.org/wiki/Bj%C3%B6rn_S%C3%B6der; arz: https://arz.wikipedia.org/wiki/%D8%A8%DA%86%D9%88%D8%B1%D9%86_%D8%B3%D9%88%D8%AF%D9%8A%D8%B1; fi: https://fi.wikipedia.org/wiki/Bj%C3%B6rn_S%C3%B6der; mg: https://mg.wikipedia.org/wiki/Bj%C3%B6rn_S%C3%B6der; no: https://no.wikipedia.org/wiki/Bj%C3%B6rn_S%C3%B6der
Bo Broman,SD,Skåne läns västra,Tjänstgörande riksdagsledamot,1969,24c753af-11ea-4c6f-90f9-f4142fc71e19,0333193598116,Q70912742,Har bild (P18),http://commons.wikimedia.org/wiki/Special:FilePath/Bo%20Broman.jpg,,https://data.riksdagen.se/filarkiv/bilder/ledamot/24c753af-11ea-4c6f-90f9-f4142fc71e19_192.jpg,ja,sv: https://sv.wikipedia.org/wiki/Bo_Broman; en: https://en.wikipedia.org/wiki/Bo_Broman; vi: https://vi.wikipedia.org/wiki/Bo_Broman
Clara Aranda,SD,Östergötlands län,Tjänstgörande riksdagsledamot,1988,6977f22f-363b-40fb-8f8f-8163b4492345,0130640724922,Q70886056,Har bild (P18),http://commons.wikimedia.org/wiki/Special:FilePath/Clara%20Aranda.jpg,,https://data.riksdagen.se/filarkiv/bilder/ledamot/6977f22f-363b-40fb-8f8f-8163b4492345_192.jpg,ja,sv: https://sv.wikipedia.org/wiki/Clara_Aranda; en: https://en.wikipedia.org/wiki/Clara_Aranda; pt: https://pt.wikipedia.org/wiki/Clara_Aranda
David Perez,SD,Uppsala län,Tjänstgörande riksdagsledamot,1990,c5cc2c67-3638-430e-bccb-a04db799a9f0,0119851690521,Q96323621,Saknar bild (P18),,,https://data.riksdagen.se/filarkiv/bilder/ledamot/c5cc2c67-3638-430e-bccb-a04db799a9f0_192.jpg,ja,sv: https://sv.wikipedia.org/wiki/David_Perez; en: https://en.wikipedia.org/wiki/David_Perez_(Swedish_politician)
Denice Westerberg,SD,Västra Götalands läns södra,Tjänstgörande riksdagsledamot,2002,f64c3c4d-c6d3-484e-bd60-7a94db842278,0555046239394,Q125932004,Har bild (P18),http://commons.wikimedia.org/wiki/Special:FilePath/Denice%20Westerberg%20in%202026.jpg,,https://data.riksdagen.se/filarkiv/bilder/ledamot/f64c3c4d-c6d3-484e-bd60-7a94db842278_192.jpg,ja,sv: https://sv.wikipedia.org/wiki/Denice_Westerberg; en: https://en.wikipedia.org/wiki/Denice_Westerberg; no: https://no.wikipedia.org/wiki/Denice_Westerberg
Dennis Dioukarev,SD,Göteborgs kommun,Tjänstgörande riksdagsledamot,1993,13a59e93-95fe-45fb-b7b5-a76f8181cb4f,0344222203323,Q18238432,Har bild (P18),http://commons.wikimedia.org/wiki/Special:FilePath/Dennis%20Dioukarev%202019.jpg,,https://data.riksdagen.se/filarkiv/bilder/ledamot/13a59e93-95fe-45fb-b7b5-a76f8181cb4f_192.jpg,ja,sv: https://sv.wikipedia.org/wiki/Dennis_Dioukarev; en: https://en.wikipedia.org/wiki/Dennis_Dioukarev
Emil Eneblad,SD,Uppsala län,Tjänstgörande riksdagsledamot,2001,775221f5-378f-4d93-ac12-0ed0e69d43f4,02125451399,,Ingen identifierarmatchning – kontrollera Wikidata,,,https://data.riksdagen.se/filarkiv/bilder/ledamot/775221f5-378f-4d93-ac12-0ed0e69d43f4_192.jpg,okant,
Emma Altenhammar,SD,Göteborgs kommun,Tjänstgörande riksdagsledamot,1998,061e6449-40fe-4361-ae21-2d069eb596a0,0296585987334,Q141506170,Saknar bild (P18),,,https://data.riksdagen.se/filarkiv/bilder/ledamot/061e6449-40fe-4361-ae21-2d069eb596a0_192.jpg,ja,sv: https://sv.wikipedia.org/wiki/Emma_Ylivallo_Altenhammar; en: https://en.wikipedia.org/wiki/Emma_Altenhammar
Eric Palmqvist,SD,Norrbottens län,Tjänstgörande riksdagsledamot,1970,fc3b3864-8e29-4fd4-ae65-fe387f3f6f4b,091303475611,Q60144183,Saknar bild (P18),,,https://data.riksdagen.se/filarkiv/bilder/ledamot/fc3b3864-8e29-4fd4-ae65-fe387f3f6f4b_192.jpg,ja,sv: https://sv.wikipedia.org/wiki/Eric_Palmqvist; en: https://en.wikipedia.org/wiki/Eric_Palmqvist; arz: https://arz.wikipedia.org/wiki/%D8%A7%D8%B1%D9%8A%D9%83_%D8%A8%D8%A7%D9%84%D9%85%D9%83%D9%81%D9%8A%D8%B3%D8%AA
Eric Westroth,SD,Jönköpings län,Tjänstgörande riksdagsledamot,1971,a7390cef-27c2-4068-800d-ee21b1a94c69,010643534813,Q71059733,Har bild (P18),http://commons.wikimedia.org/wiki/Special:FilePath/Eric%20Westroth.jpg,,https://data.riksdagen.se/filarkiv/bilder/ledamot/a7390cef-27c2-4068-800d-ee21b1a94c69_192.jpg,ja,sv: https://sv.wikipedia.org/wiki/Eric_Westroth; en: https://en.wikipedia.org/wiki/Eric_Westroth; pt: https://pt.wikipedia.org/wiki/Eric_Westroth
Fredrik Lindahl,SD,Stockholms län,Tjänstgörande riksdagsledamot,1987,08bb4baa-24ca-4395-baf7-c907a4d5b776,0557180142229,Q71132556,Saknar bild (P18),,,https://data.riksdagen.se/filarkiv/bilder/ledamot/08bb4baa-24ca-4395-baf7-c907a4d5b776_192.jpg,ja,sv: https://sv.wikipedia.org/wiki/Fredrik_Lindahl_(politiker); en: https://en.wikipedia.org/wiki/Fredrik_Lindahl_(politician); pt: https://pt.wikipedia.org/wiki/Fredrik_Lindahl_(pol%C3%ADtico)
Gunilla Gomér,SD,Västra Götalands läns västra,Tjänstgörande riksdagsledamot,1960,07de8abb-4cf2-4fc4-af7c-353d2b674bf3,0870629548818,Q141515155,Saknar bild (P18),,,https://data.riksdagen.se/filarkiv/bilder/ledamot/07de8abb-4cf2-4fc4-af7c-353d2b674bf3_192.jpg,ja,sv: https://sv.wikipedia.org/wiki/Gunilla_Gom%C3%A9r
Henrik Vinge,SD,Stockholms kommun,Tjänstgörande riksdagsledamot,1988,1d7d8c9a-7879-4be3-8554-745991b615d2,0406831930624,Q56164156,Har bild (P18),http://commons.wikimedia.org/wiki/Special:FilePath/Henrik%20Vinge.jpg,,https://data.riksdagen.se/filarkiv/bilder/ledamot/1d7d8c9a-7879-4be3-8554-745991b615d2_192.jpg,ja,sv: https://sv.wikipedia.org/wiki/Henrik_Vinge; en: https://en.wikipedia.org/wiki/Henrik_Vinge
Ida Kors,SD,Jönköpings län,Tjänstgörande riksdagsledamot,1982,fce2f47c-f8ed-415b-adce-103a7d9b98d4,0174658004428,Q141507053,Saknar bild (P18),,,https://data.riksdagen.se/filarkiv/bilder/ledamot/fce2f47c-f8ed-415b-adce-103a7d9b98d4_192.jpg,ja,sv: https://sv.wikipedia.org/wiki/Ida_Kors
Jessica Stegrud,SD,Skåne läns södra,Tjänstgörande riksdagsledamot,1970,32b8d916-3679-4cee-9235-759fff057b09,0717363246311,Q63975366,Har bild (P18),http://commons.wikimedia.org/wiki/Special:FilePath/Jessica%20Stegrud.jpg,,https://data.riksdagen.se/filarkiv/bilder/ledamot/32b8d916-3679-4cee-9235-759fff057b09_192.jpg,ja,sv: https://sv.wikipedia.org/wiki/Jessica_Stegrud; en: https://en.wikipedia.org/wiki/Jessica_Stegrud; de: https://de.wikipedia.org/wiki/Jessica_Stegrud; fi: https://fi.wikipedia.org/wiki/Jessica_Stegrud; fr: https://fr.wikipedia.org/wiki/Jessica_Stegrud; no: https://no.wikipedia.org/wiki/Jessica_Stegrud; pl: https://pl.wikipedia.org/wiki/Jessica_Stegrud
Jimmie Åkesson,SD,Jönköpings län,Tjänstgörande riksdagsledamot,1979,5ecb17ba-ebbe-4958-a142-a5134aff9808,051207517226,Q518776,Har bild (P18),http://commons.wikimedia.org/wiki/Special:FilePath/Almedalen%207%20July%202016%2068%20%2827907007150%29%20%28cropped%29.jpg,,https://data.riksdagen.se/filarkiv/bilder/ledamot/5ecb17ba-ebbe-4958-a142-a5134aff9808_192.jpg,ja,"sv: https://sv.wikipedia.org/wiki/Jimmie_%C3%85kesson; en: https://en.wikipedia.org/wiki/Jimmie_%C3%85kesson; ar: https://ar.wikipedia.org/wiki/%D8%AC%D9%8A%D9%85%D9%8A_%D8%A3%D9%88%D9%83%D8%B3%D9%88%D9%86; arz: https://arz.wikipedia.org/wiki/%D8%AC%D9%8A%D9%85%D9%89_%D8%A7%D9%88%D9%83%D8%B3%D9%88%D9%86; bg: https://bg.wikipedia.org/wiki/%D0%99%D0%B8%D0%BC%D0%B8_%D0%9E%D0%BA%D0%B5%D1%81%D0%BE%D0%BD; cs: https://cs.wikipedia.org/wiki/Jimmie_%C3%85kesson; da: https://da.wikipedia.org/wiki/Jimmie_%C3%85kesson; de: https://de.wikipedia.org/wiki/Jimmie_%C3%85kesson; es: https://es.wikipedia.org/wiki/Jimmie_%C3%85kesson; et: https://et.wikipedia.org/wiki/Jimmie_%C3%85kesson; fa: https://fa.wikipedia.org/wiki/%D8%AC%DB%8C%D9%85%DB%8C_%D8%A7%DA%A9%D8%B3%D9%88%D9%86; fi: https://fi.wikipedia.org/wiki/Jimmie_%C3%85kesson; fr: https://fr.wikipedia.org/wiki/Jimmie_%C3%85kesson; he: https://he.wikipedia.org/wiki/%D7%99%D7%99%D7%9E%D7%99_%D7%90%D7%95%D7%A7%D7%A1%D7%95%D7%9F; hu: https://hu.wikipedia.org/wiki/Jimmie_%C3%85kesson; ie: https://ie.wikipedia.org/wiki/Jimmie_%C3%85kesson; is: https://is.wikipedia.org/wiki/Jimmie_%C3%85kesson; it: https://it.wikipedia.org/wiki/Jimmie_%C3%85kesson; ko: https://ko.wikipedia.org/wiki/%EC%9E%84%EB%AF%B8_%EC%98%A4%EC%BC%80%EC%86%90; nl: https://nl.wikipedia.org/wiki/Jimmie_%C3%85kesson; nn: https://nn.wikipedia.org/wiki/Jimmie_%C3%85kesson; no: https://no.wikipedia.org/wiki/Jimmie_%C3%85kesson; pl: https://pl.wikipedia.org/wiki/Jimmie_%C3%85kesson; ro: https://ro.wikipedia.org/wiki/Jimmie_%C3%85kesson; ru: https://ru.wikipedia.org/wiki/%D0%9E%D0%BA%D0%B5%D1%81%D1%81%D0%BE%D0%BD,_%D0%99%D0%B8%D0%BC%D0%BC%D0%B8; simple: https://simple.wikipedia.org/wiki/Jimmie_%C3%85kesson; sr: https://sr.wikipedia.org/wiki/%D0%88%D0%B8%D0%BC%D0%B8_%D0%9E%D0%BA%D0%B5%D1%81%D0%BE%D0%BD; uk: https://uk.wikipedia.org/wiki/%D0%87%D0%BC%D0%BC%D1%96_%D0%9E%D0%BA%D0%B5%D1%81%D1%81%D0%BE%D0%BD; ur: https://ur.wikipedia.org/wiki/%DB%8C%D9%85%DB%8C_%D8%A7%D9%88%DA%A9%DB%8C%D8%B3%D9%88%D9%86; zh: https://zh.wikipedia.org/wiki/%E4%BC%8A%E7%B1%B3%C2%B7%E5%A5%A5%E5%85%8B%E6%9D%BE; zh-min-nan: https://zh-min-nan.wikipedia.org/wiki/Jimmie_%C3%85kesson"
Johan Tireland,SD,Stockholms kommun,Tjänstgörande riksdagsledamot,1988,51c0f6d3-7022-4021-9817-bad55c9a41c4,0915390084323,,Ingen identifierarmatchning – kontrollera Wikidata,,,https://data.riksdagen.se/filarkiv/bilder/ledamot/51c0f6d3-7022-4021-9817-bad55c9a41c4_192.jpg,okant,
Johnny Svedin,SD,Kalmar län,Tjänstgörande riksdagsledamot,1969,ac31f20a-3134-4fc2-9345-99131f4a2ec9,0178323535715,Q114031274,Saknar bild (P18),,,https://data.riksdagen.se/filarkiv/bilder/ledamot/ac31f20a-3134-4fc2-9345-99131f4a2ec9_192.jpg,ja,sv: https://sv.wikipedia.org/wiki/Johnny_Svedin; en: https://en.wikipedia.org/wiki/Johnny_Svedin
Jonas Andersson,SD,Östergötlands län,Tjänstgörande riksdagsledamot,1989,9944df03-e946-4046-aeef-c49117503a0c,025931369428,Q58837098,Har bild (P18),http://commons.wikimedia.org/wiki/Special:FilePath/Jonas%20andersson.riksdagen2018.18d952.1660241.jpg,,https://data.riksdagen.se/filarkiv/bilder/ledamot/9944df03-e946-4046-aeef-c49117503a0c_192.jpg,ja,"sv: https://sv.wikipedia.org/wiki/Jonas_Andersson_i_Linghem; en: https://en.wikipedia.org/wiki/Jonas_Andersson_(politician,_born_1989)"
Josef Fransson,SD,Västra Götalands läns östra,Tjänstgörande riksdagsledamot,1978,2131f2eb-348c-4b92-8e76-52c134d79919,0211757295524,Q5740653,Saknar bild (P18),,,https://data.riksdagen.se/filarkiv/bilder/ledamot/2131f2eb-348c-4b92-8e76-52c134d79919_192.jpg,ja,sv: https://sv.wikipedia.org/wiki/Josef_Fransson; en: https://en.wikipedia.org/wiki/Josef_Fransson; pt: https://pt.wikipedia.org/wiki/Josef_Fransson
Julia Kronlid,SD,Stockholms län,Andre vice talman (tjänstgörande riksdagsledamot),1980,04727b66-64cd-4880-be85-dc8fe873bf8d,0638497389621,Q4959972,Har bild (P18),http://commons.wikimedia.org/wiki/Special:FilePath/Julia%20Kronlid%20%28cropped%29.png,,https://data.riksdagen.se/filarkiv/bilder/ledamot/04727b66-64cd-4880-be85-dc8fe873bf8d_192.jpg,ja,"sv: https://sv.wikipedia.org/wiki/Julia_Kronlid; en: https://en.wikipedia.org/wiki/Julia_Kronlid; pl: https://pl.wikipedia.org/wiki/Julia_Kronlid; ru: https://ru.wikipedia.org/wiki/%D0%9A%D1%80%D0%BE%D0%BD%D0%BB%D0%B8%D0%B4,_%D0%AE%D0%BB%D0%B8%D1%8F"
Karolina Widerberg,SD,Blekinge län,Tjänstgörande riksdagsledamot,1984,35fb5605-2afe-4fa2-8646-00706306f5e9,0315109717927,Q141507650,Saknar bild (P18),,,https://data.riksdagen.se/filarkiv/bilder/ledamot/35fb5605-2afe-4fa2-8646-00706306f5e9_192.jpg,ja,sv: https://sv.wikipedia.org/wiki/Karolina_Widerberg
Kevin Sahlin,SD,Västernorrlands län,Tjänstgörande riksdagsledamot,2001,e287ee77-0f36-4c34-9e98-3e4d3ba00551,0623225425598,Q131732963,Saknar bild (P18),,,https://data.riksdagen.se/filarkiv/bilder/ledamot/e287ee77-0f36-4c34-9e98-3e4d3ba00551_192.jpg,ja,sv: https://sv.wikipedia.org/wiki/Kevin_Sahlin; en: https://en.wikipedia.org/wiki/Kevin_Sahlin
Leonid Yurkovskiy,SD,Norrbottens län,Tjänstgörande riksdagsledamot,1995,57476cc3-4db3-4fad-8ec7-e30f317f83a4,0966063008623,Q114031216,Saknar bild (P18),,,https://data.riksdagen.se/filarkiv/bilder/ledamot/57476cc3-4db3-4fad-8ec7-e30f317f83a4_192.jpg,ja,sv: https://sv.wikipedia.org/wiki/Leonid_Yurkovskiy; en: https://en.wikipedia.org/wiki/Leonid_Yurkovskiy; arz: https://arz.wikipedia.org/wiki/%D9%84%D9%8A%D9%88%D9%86%D9%8A%D8%AF_%D9%8A%D9%88%D8%B1%D9%83%D9%88%D9%81%D8%B3%D9%83%D9%89
Linda Lindberg,SD,Skåne läns västra,Tjänstgörande riksdagsledamot,1974,669411b1-9abf-48dd-86c3-628cc7c5d137,0430865615328,Q71137014,Saknar bild (P18),,,https://data.riksdagen.se/filarkiv/bilder/ledamot/669411b1-9abf-48dd-86c3-628cc7c5d137_192.jpg,ja,sv: https://sv.wikipedia.org/wiki/Linda_Lindberg; en: https://en.wikipedia.org/wiki/Linda_Lindberg; pl: https://pl.wikipedia.org/wiki/Linda_Lindberg
Linus Bylund,SD,Stockholms kommun,Tjänstgörande riksdagsledamot,1978,c97b1897-90bf-4e3d-b9bb-97887b022661,0506806850221,Q15992158,Har bild (P18),http://commons.wikimedia.org/wiki/Special:FilePath/Linus%20Bylund.jpg,,https://data.riksdagen.se/filarkiv/bilder/ledamot/c97b1897-90bf-4e3d-b9bb-97887b022661_192.jpg,ja,sv: https://sv.wikipedia.org/wiki/Linus_Bylund; en: https://en.wikipedia.org/wiki/Linus_Bylund; zh: https://zh.wikipedia.org/wiki/%E5%88%A9%E5%8A%AA%E6%96%AF%C2%B7%E6%AF%94%E5%80%AB%E5%BE%B7
Liselotte Forsberg,SD,Dalarnas län,Tjänstgörande riksdagsledamot,1972,2278b312-463a-41a2-a98f-27b1a2171b24,043324610819,Q141545161,Saknar bild (P18),,,https://data.riksdagen.se/filarkiv/bilder/ledamot/2278b312-463a-41a2-a98f-27b1a2171b24_192.jpg,nej,en: https://en.wikipedia.org/wiki/Liselotte_Forsberg
Ludvig Aspling,SD,Stockholms län,Tjänstgörande riksdagsledamot,1983,5b6bef5c-75ce-4f53-894d-e89afd3b6799,0526748040023,Q71131688,Saknar bild (P18),,,https://data.riksdagen.se/filarkiv/bilder/ledamot/5b6bef5c-75ce-4f53-894d-e89afd3b6799_192.jpg,ja,sv: https://sv.wikipedia.org/wiki/Ludvig_Aspling; en: https://en.wikipedia.org/wiki/Ludvig_Aspling
Magnus Persson,SD,Skåne läns norra och östra,Tjänstgörande riksdagsledamot,1970,de52ae16-706b-4138-a194-aec42fd28aab,0641953830512,Q18245020,Har bild (P18),http://commons.wikimedia.org/wiki/Special:FilePath/Magnus%20Persson.png,,https://data.riksdagen.se/filarkiv/bilder/ledamot/de52ae16-706b-4138-a194-aec42fd28aab_192.jpg,ja,sv: https://sv.wikipedia.org/wiki/Magnus_Persson_(sverigedemokrat); en: https://en.wikipedia.org/wiki/Magnus_Persson_(politician); pt: https://pt.wikipedia.org/wiki/Magnus_Persson_(pol%C3%ADtico)
Martin Kinnunen,SD,Stockholms län,Tjänstgörande riksdagsledamot,1983,57cbe134-829b-4fb8-9cc1-ce2f1cd02f3b,0294138886823,Q5910434,Har bild (P18),http://commons.wikimedia.org/wiki/Special:FilePath/Martin%20Kinnunen%202022.jpg,,https://data.riksdagen.se/filarkiv/bilder/ledamot/57cbe134-829b-4fb8-9cc1-ce2f1cd02f3b_192.jpg,ja,sv: https://sv.wikipedia.org/wiki/Martin_Kinnunen; en: https://en.wikipedia.org/wiki/Martin_Kinnunen; arz: https://arz.wikipedia.org/wiki/%D9%85%D8%A7%D8%B1%D8%AA%D9%8A%D9%86_%D9%83%D9%8A%D9%86%D9%88%D9%86%D9%8A%D9%86; es: https://es.wikipedia.org/wiki/Martin_Kinnunen; fi: https://fi.wikipedia.org/wiki/Martin_Kinnunen
Martin Westmont,SD,Stockholms län,Tjänstgörande riksdagsledamot,1978,8fd0a93e-226a-4fb5-ae65-bdecf1387a0c,0678597762924,Q114659286,Har bild (P18),http://commons.wikimedia.org/wiki/Special:FilePath/Martin%20Westmont%20sept%202018.jpg,,https://data.riksdagen.se/filarkiv/bilder/ledamot/8fd0a93e-226a-4fb5-ae65-bdecf1387a0c_192.jpg,ja,sv: https://sv.wikipedia.org/wiki/Martin_Westmont; en: https://en.wikipedia.org/wiki/Martin_Westmont
Matheus Enholm,SD,Västra Götalands läns norra,Tjänstgörande riksdagsledamot,1979,8c4af927-7bb6-4012-9b46-12adb641f556,0202577142527,Q70899253,Har bild (P18),http://commons.wikimedia.org/wiki/Special:FilePath/Matheus%20Enholm.jpg,,https://data.riksdagen.se/filarkiv/bilder/ledamot/8c4af927-7bb6-4012-9b46-12adb641f556_192.jpg,ja,sv: https://sv.wikipedia.org/wiki/Matheus_Enholm; en: https://en.wikipedia.org/wiki/Matheus_Enholm; pt: https://pt.wikipedia.org/wiki/Matheus_Enholm
Mats Hellhoff,SD,Västernorrlands län,Tjänstgörande ersättare,1954,817a9e2d-db07-44d6-9d9a-abd9f7fc2a86,0360187680814,Q127691730,Saknar bild (P18),,,https://data.riksdagen.se/filarkiv/bilder/ledamot/817a9e2d-db07-44d6-9d9a-abd9f7fc2a86_192.jpg,ja,sv: https://sv.wikipedia.org/wiki/Mats_Hellhoff; en: https://en.wikipedia.org/wiki/Mats_Hellhoff
Mattias Bäckström Johansson,SD,Kalmar län,Tjänstgörande riksdagsledamot,1985,cb0336b4-54a8-4384-abe3-8d6cbebc63fa,0130789484021,Q5887149,Har bild (P18),http://commons.wikimedia.org/wiki/Special:FilePath/Mattias%20B%C3%A4ckstr%C3%B6m%20Johansson.jpg,,https://data.riksdagen.se/filarkiv/bilder/ledamot/cb0336b4-54a8-4384-abe3-8d6cbebc63fa_192.jpg,ja,sv: https://sv.wikipedia.org/wiki/Mattias_B%C3%A4ckstr%C3%B6m_Johansson; en: https://en.wikipedia.org/wiki/Mattias_B%C3%A4ckstr%C3%B6m_Johansson
Mattias Eriksson Falk,SD,Gävleborgs län,Tjänstgörande riksdagsledamot,1990,fc08ef89-9166-4a91-bf69-0bfb4effae05,0671571847522,Q110793999,Saknar bild (P18),,,https://data.riksdagen.se/filarkiv/bilder/ledamot/fc08ef89-9166-4a91-bf69-0bfb4effae05_192.jpg,ja,sv: https://sv.wikipedia.org/wiki/Mattias_Eriksson_Falk; en: https://en.wikipedia.org/wiki/Mattias_Eriksson_Falk
Mattias Karlsson Bergman,SD,Kronobergs län,Tjänstgörande riksdagsledamot,1977,727e2213-ac97-4ceb-bfab-f228debd8074,0831636664429,Q5901848,Har bild (P18),http://commons.wikimedia.org/wiki/Special:FilePath/Mattias%20Karlsson.jpg,,https://data.riksdagen.se/filarkiv/bilder/ledamot/727e2213-ac97-4ceb-bfab-f228debd8074_192.jpg,ja,"sv: https://sv.wikipedia.org/wiki/Mattias_Karlsson_(sverigedemokrat); en: https://en.wikipedia.org/wiki/Mattias_Karlsson_(politician,_born_1977); arz: https://arz.wikipedia.org/wiki/%D9%85%D8%A7%D8%AA%D9%8A%D8%A7%D8%B3_%D9%83%D8%A7%D8%B1%D9%84%D8%B3%D9%88%D9%86; fi: https://fi.wikipedia.org/wiki/Mattias_Karlsson_(poliitikko); fo: https://fo.wikipedia.org/wiki/Mattias_Karlsson; fr: https://fr.wikipedia.org/wiki/Mattias_Karlsson_(homme_politique); ko: https://ko.wikipedia.org/wiki/%EB%A7%88%ED%8B%B0%EC%95%84%EC%8A%A4_%EC%B9%BC%EC%86%90; no: https://no.wikipedia.org/wiki/Mattias_Karlsson"
Mikael Eskilandersson,SD,Skåne läns norra och östra,Tjänstgörande riksdagsledamot,1977,cf98df89-2103-40cc-8524-b2df33125a3f,0468956880528,Q18238731,Har bild (P18),http://commons.wikimedia.org/wiki/Special:FilePath/Mikael%20Eskilandersson.jpg,,https://data.riksdagen.se/filarkiv/bilder/ledamot/cf98df89-2103-40cc-8524-b2df33125a3f_192.jpg,ja,sv: https://sv.wikipedia.org/wiki/Mikael_Eskilandersson; en: https://en.wikipedia.org/wiki/Mikael_Eskilandersson; pt: https://pt.wikipedia.org/wiki/Mikael_Eskilandersson
Mikael Strömberg,SD,Södermanlands län,Tjänstgörande riksdagsledamot,1979,fcd7c003-78f6-408d-8f70-d8b2ea2b0361,0966157104128,Q141503807,Saknar bild (P18),,,https://data.riksdagen.se/filarkiv/bilder/ledamot/fcd7c003-78f6-408d-8f70-d8b2ea2b0361_192.jpg,nej,
Oscar Sjöstedt,SD,Västmanlands län,Tjänstgörande riksdagsledamot,1981,78e41c66-0d03-4914-9369-f03b795217e5,055257333723,Q18617010,Har bild (P18),http://commons.wikimedia.org/wiki/Special:FilePath/Oscar%20Sj%C3%B6stedt.jpg,,https://data.riksdagen.se/filarkiv/bilder/ledamot/78e41c66-0d03-4914-9369-f03b795217e5_192.jpg,ja,sv: https://sv.wikipedia.org/wiki/Oscar_Sj%C3%B6stedt; en: https://en.wikipedia.org/wiki/Oscar_Sj%C3%B6stedt; fr: https://fr.wikipedia.org/wiki/Oscar_Sj%C3%B6stedt; uz: https://uz.wikipedia.org/wiki/Oskar_Sj%C3%B6stedt
Patrick Reslow,SD,Malmö kommun,Tjänstgörande riksdagsledamot,1970,6aa5f2eb-568a-4853-a925-65fee736b037,0545733815610,Q6068516,Har bild (P18),http://commons.wikimedia.org/wiki/Special:FilePath/Patrick%20Reslow.jpg,,https://data.riksdagen.se/filarkiv/bilder/ledamot/6aa5f2eb-568a-4853-a925-65fee736b037_192.jpg,ja,sv: https://sv.wikipedia.org/wiki/Patrick_Reslow; en: https://en.wikipedia.org/wiki/Patrick_Reslow; arz: https://arz.wikipedia.org/wiki/%D9%BE%D8%A7%D8%AA%D8%B1%D9%8A%D9%83_%D8%B1%D9%8A%D8%B3%D9%84%D9%88
Patrik Jönsson,SD,Hallands län,Tjänstgörande riksdagsledamot,1972,0007cc9d-247c-4136-80d1-0bae44bd20ba,0183544538819,Q18243181,Har bild (P18),http://commons.wikimedia.org/wiki/Special:FilePath/Patrik%20J%C3%B6nsson.jpg,,https://data.riksdagen.se/filarkiv/bilder/ledamot/0007cc9d-247c-4136-80d1-0bae44bd20ba_192.jpg,ja,sv: https://sv.wikipedia.org/wiki/Patrik_J%C3%B6nsson_(politiker); en: https://en.wikipedia.org/wiki/Patrik_J%C3%B6nsson; pl: https://pl.wikipedia.org/wiki/Patrik_J%C3%B6nsson; pt: https://pt.wikipedia.org/wiki/Patrik_J%C3%B6nsson_(pol%C3%ADtico)
Per Söderlund,SD,Örebro län,Tjänstgörande riksdagsledamot,1972,f3da7403-18a0-454d-bcac-9a0a36783d38,0492644357418,Q71546781,Saknar bild (P18),,,https://data.riksdagen.se/filarkiv/bilder/ledamot/f3da7403-18a0-454d-bcac-9a0a36783d38_192.jpg,ja,sv: https://sv.wikipedia.org/wiki/Per_S%C3%B6derlund; en: https://en.wikipedia.org/wiki/Per_S%C3%B6derlund; pt: https://pt.wikipedia.org/wiki/Per_S%C3%B6derlund
Peter Eriksson,SD,Jämtlands län,Tjänstgörande riksdagsledamot,1959,803bd91d-4fa3-4607-9fd8-88cbdd28ea80,0618259964316,Q141545206,Saknar bild (P18),,,https://data.riksdagen.se/filarkiv/bilder/ledamot/803bd91d-4fa3-4607-9fd8-88cbdd28ea80_192.jpg,nej,
Pontus Andersson Garpvall,SD,Skåne läns västra,Tjänstgörande riksdagsledamot,1992,cec98313-41c4-4274-993a-939aa4859766,0926002991620,Q19976333,Har bild (P18),http://commons.wikimedia.org/wiki/Special:FilePath/Landsdagarna%20Foto%201.jpg,,https://data.riksdagen.se/filarkiv/bilder/ledamot/cec98313-41c4-4274-993a-939aa4859766_192.jpg,ja,sv: https://sv.wikipedia.org/wiki/Pontus_Andersson_Garpvall; en: https://en.wikipedia.org/wiki/Pontus_Andersson
Rasmus Giertz,SD,Dalarnas län,Tjänstgörande riksdagsledamot,1994,bab0f33c-507a-4e6f-a3f7-7239c46732a2,0112333043027,Q114240008,Har bild (P18),http://commons.wikimedia.org/wiki/Special:FilePath/Rasmus%20Giertz%20%28SD%29%2C%20Sveriges%20riksdag.jpg,,https://data.riksdagen.se/filarkiv/bilder/ledamot/bab0f33c-507a-4e6f-a3f7-7239c46732a2_192.jpg,ja,sv: https://sv.wikipedia.org/wiki/Rasmus_Giertz; en: https://en.wikipedia.org/wiki/Rasmus_Giertz
Richard Jomshof,SD,Blekinge län,Tjänstgörande riksdagsledamot,1969,ea8bae0d-0db4-4c68-b59f-3ba83d5f445d,0803753212716,Q5890031,Har bild (P18),http://commons.wikimedia.org/wiki/Special:FilePath/Almedalen%207%20July%202016%2053%20%2828110259431%29%20%28cropped%29.jpg,,https://data.riksdagen.se/filarkiv/bilder/ledamot/ea8bae0d-0db4-4c68-b59f-3ba83d5f445d_192.jpg,ja,sv: https://sv.wikipedia.org/wiki/Richard_Jomshof; en: https://en.wikipedia.org/wiki/Richard_Jomshof; fi: https://fi.wikipedia.org/wiki/Richard_Jomshof; ko: https://ko.wikipedia.org/wiki/%EB%A6%AC%EC%B9%B4%EB%A5%B4%EB%93%9C_%EC%9A%A4%EC%8A%A4%ED%98%B8%ED%94%84
Robin Lennartsson,SD,Värmlands län,Tjänstgörande riksdagsledamot,1994,250b87f9-0aa2-434e-9865-fc198948788a,0312613056828,Q141502899,Saknar bild (P18),,,https://data.riksdagen.se/filarkiv/bilder/ledamot/250b87f9-0aa2-434e-9865-fc198948788a_192.jpg,ja,sv: https://sv.wikipedia.org/wiki/Robin_Lennartsson; en: https://en.wikipedia.org/wiki/Robin_Lennartsson
Roger Hedlund,SD,Gävleborgs län,Tjänstgörande riksdagsledamot,1979,dd0d47ea-5e71-4ec9-b987-3261320ac857,0773497241728,Q18274557,Saknar bild (P18),,,https://data.riksdagen.se/filarkiv/bilder/ledamot/dd0d47ea-5e71-4ec9-b987-3261320ac857_192.jpg,ja,sv: https://sv.wikipedia.org/wiki/Roger_Hedlund; en: https://en.wikipedia.org/wiki/Roger_Hedlund_(politician); arz: https://arz.wikipedia.org/wiki/%D8%B1%D9%88%D8%AC%D9%8A%D8%B1_%D9%87%D9%8A%D8%AF%D9%84%D9%88%D9%86%D8%AF; pt: https://pt.wikipedia.org/wiki/Roger_Hedlund_(pol%C3%ADtico)
Runar Filper,SD,Värmlands län,Tjänstgörande riksdagsledamot,1964,49cb272f-9347-407a-bac0-06403fbec5b5,065701062615,Q18238847,Saknar bild (P18),,,https://data.riksdagen.se/filarkiv/bilder/ledamot/49cb272f-9347-407a-bac0-06403fbec5b5_192.jpg,ja,sv: https://sv.wikipedia.org/wiki/Runar_Filper; en: https://en.wikipedia.org/wiki/Runar_Filper; pt: https://pt.wikipedia.org/wiki/Runar_Filper
Sara Gille,SD,Västerbottens län,Tjänstgörande riksdagsledamot,1981,235255cd-cf3b-4b45-906d-5ffe21195683,0338088431726,Q56925588,Saknar bild (P18),,,https://data.riksdagen.se/filarkiv/bilder/ledamot/235255cd-cf3b-4b45-906d-5ffe21195683_192.jpg,ja,sv: https://sv.wikipedia.org/wiki/Sara_Gille; en: https://en.wikipedia.org/wiki/Sara_Gille; fi: https://fi.wikipedia.org/wiki/Sara_Gille; pt: https://pt.wikipedia.org/wiki/Sara_Gille
Terje Skaarnes,SD,Västra Götalands läns norra,Tjänstgörande riksdagsledamot,1972,cd31a65e-f39f-4c0a-af72-8db19b2f84e2,0357184489817,Q141527856,Saknar bild (P18),,,https://data.riksdagen.se/filarkiv/bilder/ledamot/cd31a65e-f39f-4c0a-af72-8db19b2f84e2_192.jpg,ja,sv: https://sv.wikipedia.org/wiki/Terje_Skaarnes
Tobias Andersson,SD,Västra Götalands läns östra,Tjänstgörande riksdagsledamot,1996,5763c159-5105-47b3-82fb-9cc7dc20dc7d,086684470825,Q26211839,Har bild (P18),http://commons.wikimedia.org/wiki/Special:FilePath/Almedalen%202017%20%2835557535003%29%20%28cropped%29.jpg,,https://data.riksdagen.se/filarkiv/bilder/ledamot/5763c159-5105-47b3-82fb-9cc7dc20dc7d_192.jpg,ja,sv: https://sv.wikipedia.org/wiki/Tobias_Andersson_(politiker); en: https://en.wikipedia.org/wiki/Tobias_Andersson_(politician); ar: https://ar.wikipedia.org/wiki/%D8%AA%D9%88%D8%A8%D9%8A%D8%A7%D8%B3_%D8%A3%D9%86%D8%AF%D8%B1%D8%B3%D9%88%D9%86; fr: https://fr.wikipedia.org/wiki/Tobias_Andersson
Tomas Brandberg,SD,Västmanlands län,Tjänstgörande riksdagsledamot,1972,69fb078d-e6b7-4ed2-948e-97d37739f131,0421274796317,,Ingen identifierarmatchning – kontrollera Wikidata,,,https://data.riksdagen.se/filarkiv/bilder/ledamot/69fb078d-e6b7-4ed2-948e-97d37739f131_192.jpg,okant,
Victoria Tiblom,SD,Skåne läns södra,Tjänstgörande riksdagsledamot,1969,9538493f-67cc-4713-9b97-94cc2e32c4db,0985943148917,Q114031232,Har bild (P18),http://commons.wikimedia.org/wiki/Special:FilePath/Victoria%20Tiblom.jpg,,https://data.riksdagen.se/filarkiv/bilder/ledamot/9538493f-67cc-4713-9b97-94cc2e32c4db_192.jpg,ja,sv: https://sv.wikipedia.org/wiki/Victoria_Tiblom; en: https://en.wikipedia.org/wiki/Victoria_Tiblom
Yasmine Eriksson,SD,Jönköpings län,Tjänstgörande riksdagsledamot,1989,ae22d593-d382-40dc-918c-df30916b6d9e,0331791853028,Q70906950,Saknar bild (P18),,,https://data.riksdagen.se/filarkiv/bilder/ledamot/ae22d593-d382-40dc-918c-df30916b6d9e_192.jpg,ja,sv: https://sv.wikipedia.org/wiki/Yasmine_Eriksson; en: https://en.wikipedia.org/wiki/Yasmine_Eriksson
Agnes Hultén,V,Hallands län,Tjänstgörande riksdagsledamot,1973,1fcc4d73-c1c2-4380-9942-7d56beb64e96,0953214365911,,Ingen identifierarmatchning – kontrollera Wikidata,,,https://data.riksdagen.se/filarkiv/bilder/ledamot/1fcc4d73-c1c2-4380-9942-7d56beb64e96_192.jpg,okant,
Andrea Andersson Tay,V,Stockholms län,Tjänstgörande riksdagsledamot,1988,352b875d-e44d-43f5-bf93-e507770c12de,0802091197024,Q114031213,Saknar bild (P18),,,https://data.riksdagen.se/filarkiv/bilder/ledamot/352b875d-e44d-43f5-bf93-e507770c12de_192.jpg,ja,sv: https://sv.wikipedia.org/wiki/Andrea_Andersson-Tay; en: https://en.wikipedia.org/wiki/Andrea_Andersson-Tay
Andreas Lennkvist Manriquez,V,Stockholms kommun,Tjänstgörande riksdagsledamot,1994,edd967aa-9d04-4bc1-946a-708955b2a17d,0146133946627,Q64684689,Saknar bild (P18),,,https://data.riksdagen.se/filarkiv/bilder/ledamot/edd967aa-9d04-4bc1-946a-708955b2a17d_192.jpg,ja,sv: https://sv.wikipedia.org/wiki/Andreas_Lennkvist_Manriquez; en: https://en.wikipedia.org/wiki/Andreas_Lennkvist_Manriquez
Anfal Mahdi,V,Malmö kommun,Tjänstgörande riksdagsledamot,1989,9532f73d-bfcb-4215-a1f4-9884ecb995aa,0305221682227,Q141505205,Saknar bild (P18),,,https://data.riksdagen.se/filarkiv/bilder/ledamot/9532f73d-bfcb-4215-a1f4-9884ecb995aa_192.jpg,ja,sv: https://sv.wikipedia.org/wiki/Anfal_Mahdi; en: https://en.wikipedia.org/wiki/Anfal_Mahdi
Banesa Martinez Roldán,V,Malmö kommun,Tjänstgörande riksdagsledamot,1982,b3abbdc2-f144-4eec-a4aa-f98ae89c46a7,0812008415929,Q141507832,Saknar bild (P18),,,https://data.riksdagen.se/filarkiv/bilder/ledamot/b3abbdc2-f144-4eec-a4aa-f98ae89c46a7_192.jpg,ja,sv: https://sv.wikipedia.org/wiki/Banesa_Martinez_Roldan
Birger Lahti,V,Norrbottens län,Tjänstgörande riksdagsledamot,1964,a2c4e9f3-6d4a-4994-9351-66ce4c752905,0825441263617,Q18243576,Har bild (P18),http://commons.wikimedia.org/wiki/Special:FilePath/Birger%20Lahti.jpg,,https://data.riksdagen.se/filarkiv/bilder/ledamot/a2c4e9f3-6d4a-4994-9351-66ce4c752905_192.jpg,ja,sv: https://sv.wikipedia.org/wiki/Birger_Lahti; en: https://en.wikipedia.org/wiki/Birger_Lahti; arz: https://arz.wikipedia.org/wiki/%D8%A8%D9%8A%D8%B1%D8%AC%D8%B1_%D9%84%D8%A7%D8%AA%D9%89; fr: https://fr.wikipedia.org/wiki/Birger_Lahti
Carina Örgård,V,Västra Götalands läns västra,Tjänstgörande riksdagsledamot,1970,76d1a3eb-9f15-4be3-960a-45da20f61273,0942653287010,Q109610564,Har bild (P18),http://commons.wikimedia.org/wiki/Special:FilePath/Carina%20%C3%96rg%C3%A5rd.jpg,,https://data.riksdagen.se/filarkiv/bilder/ledamot/76d1a3eb-9f15-4be3-960a-45da20f61273_192.jpg,ja,sv: https://sv.wikipedia.org/wiki/Carina_%C3%96rg%C3%A5rd; en: https://en.wikipedia.org/wiki/Carina_%C3%96rg%C3%A5rd
Caroline Täljeblad,V,Västerbottens län,Tjänstgörande riksdagsledamot,1986,36fcc68e-95ae-476d-9991-63f079c876b3,030110584526,Q137212471,Saknar bild (P18),,,https://data.riksdagen.se/filarkiv/bilder/ledamot/36fcc68e-95ae-476d-9991-63f079c876b3_192.jpg,ja,sv: https://sv.wikipedia.org/wiki/Caroline_T%C3%A4ljeblad
Ciczie Weidby,V,Jönköpings län,Tjänstgörande riksdagsledamot,1974,b34f05f5-d73a-428c-88a1-4e112c650498,0776705932527,Q57168740,Har bild (P18),http://commons.wikimedia.org/wiki/Special:FilePath/Ciczie%20Weidby.jpg,,https://data.riksdagen.se/filarkiv/bilder/ledamot/b34f05f5-d73a-428c-88a1-4e112c650498_192.jpg,ja,sv: https://sv.wikipedia.org/wiki/Ciczie_Weidby; en: https://en.wikipedia.org/wiki/Ciczie_Weidby
Daniel Bernmar,V,Göteborgs kommun,Tjänstgörande riksdagsledamot,1982,3c398721-fd40-4112-ade6-0510c00f4d02,061508745820,,Ingen identifierarmatchning – kontrollera Wikidata,,,https://data.riksdagen.se/filarkiv/bilder/ledamot/3c398721-fd40-4112-ade6-0510c00f4d02_192.jpg,okant,
David Höglund Velasquez,V,Västra Götalands läns norra,Tjänstgörande riksdagsledamot,1989,d57a4eeb-f61d-411b-88a1-4553484c39a6,058441394428,Q141510796,Saknar bild (P18),,,https://data.riksdagen.se/filarkiv/bilder/ledamot/d57a4eeb-f61d-411b-88a1-4553484c39a6_192.jpg,ja,sv: https://sv.wikipedia.org/wiki/David_H%C3%B6glund_Velasquez
Frida Tånghag,V,Göteborgs kommun,Tjänstgörande riksdagsledamot,1989,9d99df27-bae2-45b7-b31f-c69aca91b024,0398471271026,Q116141921,Saknar bild (P18),,,https://data.riksdagen.se/filarkiv/bilder/ledamot/9d99df27-bae2-45b7-b31f-c69aca91b024_192.jpg,ja,sv: https://sv.wikipedia.org/wiki/Frida_T%C3%A5nghag
Hanna Gunnarsson,V,Skåne läns södra,Tjänstgörande riksdagsledamot,1983,8880da78-8ec1-41f7-96c7-f007375352ac,0411459873625,Q57168756,Har bild (P18),http://commons.wikimedia.org/wiki/Special:FilePath/Hanna%20Gunnarsson.jpg,,https://data.riksdagen.se/filarkiv/bilder/ledamot/8880da78-8ec1-41f7-96c7-f007375352ac_192.jpg,ja,sv: https://sv.wikipedia.org/wiki/Hanna_Gunnarsson; en: https://en.wikipedia.org/wiki/Hanna_Gunnarsson
Hawar Asaiesh,V,Västmanlands län,Tjänstgörande riksdagsledamot,1985,6773e208-9dba-4566-880a-87dccdacbb73,0739249519522,Q141513067,Saknar bild (P18),,,https://data.riksdagen.se/filarkiv/bilder/ledamot/6773e208-9dba-4566-880a-87dccdacbb73_192.jpg,ja,sv: https://sv.wikipedia.org/wiki/Hawar_Asaiesh; en: https://en.wikipedia.org/wiki/Hawar_Asaiesh
Håkan Svenneling,V,Värmlands län,Tjänstgörande riksdagsledamot,1985,de1f77c9-338c-4547-a223-9898cd8ed084,0682989845822,Q18246258,Har bild (P18),http://commons.wikimedia.org/wiki/Special:FilePath/H%C3%A5kan%20Svenneling.jpg,,https://data.riksdagen.se/filarkiv/bilder/ledamot/de1f77c9-338c-4547-a223-9898cd8ed084_192.jpg,ja,sv: https://sv.wikipedia.org/wiki/H%C3%A5kan_Svenneling; en: https://en.wikipedia.org/wiki/H%C3%A5kan_Svenneling; arz: https://arz.wikipedia.org/wiki/%D9%87%D9%88%D9%83%D8%A7%D9%86_%D8%B3%DA%A4%D9%8A%D9%86%D9%8A%D9%84%D9%8A%D9%86%D8%AC; pt: https://pt.wikipedia.org/wiki/H%C3%A5kan_Svenneling
Ida Gabrielsson,V,Stockholms kommun,Tjänstgörande riksdagsledamot,1981,964e3aff-b4df-4f49-acc1-3bba2afc2f80,025158809026,Q4949356,Har bild (P18),http://commons.wikimedia.org/wiki/Special:FilePath/Ida%20Gabrielsson.jpg,,https://data.riksdagen.se/filarkiv/bilder/ledamot/964e3aff-b4df-4f49-acc1-3bba2afc2f80_192.jpg,ja,sv: https://sv.wikipedia.org/wiki/Ida_Gabrielsson; en: https://en.wikipedia.org/wiki/Ida_Gabrielsson; no: https://no.wikipedia.org/wiki/Ida_Gabrielsson
Ilyas Hassan,V,Stockholms kommun,Tjänstgörande riksdagsledamot,1992,57ac2f92-7d56-48bc-9afb-c2325636a3a6,0995202822028,,Ingen identifierarmatchning – kontrollera Wikidata,,,https://data.riksdagen.se/filarkiv/bilder/ledamot/57ac2f92-7d56-48bc-9afb-c2325636a3a6_192.jpg,okant,
Jennifer Merelaid Hankins,V,Göteborgs kommun,Tjänstgörande riksdagsledamot,1985,219160ef-a220-4b6f-9d5c-98eaa6b419c8,041849602329,Q141527519,Saknar bild (P18),,,https://data.riksdagen.se/filarkiv/bilder/ledamot/219160ef-a220-4b6f-9d5c-98eaa6b419c8_192.jpg,ja,sv: https://sv.wikipedia.org/wiki/Jennifer_Merelaid_Hankins; en: https://en.wikipedia.org/wiki/Jennifer_Merelaid_Hankins
Jonas Lindberg,V,Stockholms län,Tjänstgörande riksdagsledamot,1983,1aebf5f5-229b-4544-b70c-b25fffb203ac,0842088470022,Q141503052,Saknar bild (P18),,,https://data.riksdagen.se/filarkiv/bilder/ledamot/1aebf5f5-229b-4544-b70c-b25fffb203ac_192.jpg,ja,sv: https://sv.wikipedia.org/wiki/Jonas_Lindberg_(politiker)
Linnea Bengtsson,V,Skåne läns norra och östra,Tjänstgörande riksdagsledamot,2000,e8295ced-e12e-4f81-9f7b-3158023966ce,0424875227496,Q141509926,Saknar bild (P18),,,https://data.riksdagen.se/filarkiv/bilder/ledamot/e8295ced-e12e-4f81-9f7b-3158023966ce_192.jpg,ja,sv: https://sv.wikipedia.org/wiki/Linnea_Bengtsson; en: https://en.wikipedia.org/wiki/Linnea_Bengtsson
Malin Björk,V,Stockholms kommun,Tjänstgörande riksdagsledamot,1972,cdd4a052-94fb-4914-b969-baf607a4a7a0,0651284526718,,Ingen identifierarmatchning – kontrollera Wikidata,,,https://data.riksdagen.se/filarkiv/bilder/ledamot/cdd4a052-94fb-4914-b969-baf607a4a7a0_192.jpg,okant,
Malin Östh,V,Östergötlands län,Tjänstgörande riksdagsledamot,1972,213706b8-3269-48df-a5b5-8b9b466e2786,0388994689418,Q130297807,Saknar bild (P18),,,https://data.riksdagen.se/filarkiv/bilder/ledamot/213706b8-3269-48df-a5b5-8b9b466e2786_192.jpg,ja,sv: https://sv.wikipedia.org/wiki/Malin_%C3%96sth; en: https://en.wikipedia.org/wiki/Malin_%C3%96sth
Maria Forsberg,V,Södermanlands län,Tjänstgörande riksdagsledamot,1974,1863c4cb-5c71-4b33-ab3a-b5d0b5d7c949,0530395429228,,Ingen identifierarmatchning – kontrollera Wikidata,,,https://data.riksdagen.se/filarkiv/bilder/ledamot/1863c4cb-5c71-4b33-ab3a-b5d0b5d7c949_192.jpg,okant,
Mohamed Ali,V,Dalarnas län,Tjänstgörande riksdagsledamot,1996,0a35ecd0-5249-4da9-be21-5be84cb3faa1,0929594210324,Q141510736,Saknar bild (P18),,,https://data.riksdagen.se/filarkiv/bilder/ledamot/0a35ecd0-5249-4da9-be21-5be84cb3faa1_192.jpg,ja,sv: https://sv.wikipedia.org/wiki/Mohamed_Abdukardir_Ali; en: https://en.wikipedia.org/wiki/Mohamed_Abdukardir_Ali
Nadja Awad,V,Örebro län,Tjänstgörande riksdagsledamot,1991,dc9b8a2d-c038-4add-a103-c810a0890f80,0890152141226,Q114031255,Saknar bild (P18),,,https://data.riksdagen.se/filarkiv/bilder/ledamot/dc9b8a2d-c038-4add-a103-c810a0890f80_192.jpg,ja,sv: https://sv.wikipedia.org/wiki/Nadja_Awad; en: https://en.wikipedia.org/wiki/Nadja_Awad
Nooshi Dadgostar,V,Stockholms län,Tjänstgörande riksdagsledamot,1985,78d79a96-956f-4ac3-bbf7-2b15b3d86ce7,0721509806321,Q18238235,Har bild (P18),http://commons.wikimedia.org/wiki/Special:FilePath/Nooshi%20Dadgostar%20-%2042794852001%20%28cropped%29.jpg,,https://data.riksdagen.se/filarkiv/bilder/ledamot/78d79a96-956f-4ac3-bbf7-2b15b3d86ce7_192.jpg,ja,"sv: https://sv.wikipedia.org/wiki/Nooshi_Dadgostar; en: https://en.wikipedia.org/wiki/Nooshi_Dadgostar; ar: https://ar.wikipedia.org/wiki/%D9%86%D9%88%D8%B4%D9%8A_%D8%AF%D8%A7%D8%AF%D8%AC%D9%88%D8%B3%D8%AA%D8%A7%D8%B1; arz: https://arz.wikipedia.org/wiki/%D9%86%D9%88%D8%B4%D9%89_%D8%AF%D8%A7%D8%AF%D8%AC%D9%88%D8%B3%D8%AA%D8%A7%D8%B1; ca: https://ca.wikipedia.org/wiki/Nooshi_Dadgostar; cs: https://cs.wikipedia.org/wiki/Nooshi_Dadgostarov%C3%A1; da: https://da.wikipedia.org/wiki/Nooshi_Dadgostar; de: https://de.wikipedia.org/wiki/Nooshi_Dadgostar; es: https://es.wikipedia.org/wiki/Nooshi_Dadgostar; et: https://et.wikipedia.org/wiki/Nooshi_Dadgostar; fa: https://fa.wikipedia.org/wiki/%D9%86%D9%88%D8%B4%DB%8C_%D8%AF%D8%A7%D8%AF%DA%AF%D8%B3%D8%AA%D8%B1; fi: https://fi.wikipedia.org/wiki/Nooshi_Dadgostar; fr: https://fr.wikipedia.org/wiki/Nooshi_Dadgostar; it: https://it.wikipedia.org/wiki/Nooshi_Dadgostar; nl: https://nl.wikipedia.org/wiki/Nooshi_Dadgostar; no: https://no.wikipedia.org/wiki/Nooshi_Dadgostar; pl: https://pl.wikipedia.org/wiki/Nooshi_Dadgostar; pt: https://pt.wikipedia.org/wiki/Nooshi_Dadgostar; ru: https://ru.wikipedia.org/wiki/%D0%94%D0%B0%D0%B4%D0%B3%D0%BE%D1%81%D1%82%D0%B0%D1%80,_%D0%9D%D1%83%D1%88%D0%B8; simple: https://simple.wikipedia.org/wiki/Nooshi_Dadgostar; tr: https://tr.wikipedia.org/wiki/Nooshi_Dadgostar; uk: https://uk.wikipedia.org/wiki/%D0%9D%D1%83%D1%88%D1%96_%D0%94%D0%B0%D0%B4%D0%B3%D0%BE%D1%81%D1%82%D0%B0%D1%80; zh: https://zh.wikipedia.org/wiki/%E5%8A%AA%E5%B8%8C%C2%B7%E8%BE%BE%E5%BE%B7%E6%88%88%E6%96%AF%E5%A1%94%E5%B0%94"
Samuel Gonzalez Westling,V,Gävleborgs län,Tjänstgörande riksdagsledamot,1983,f4d32014-bd1a-4983-8ab3-83b327d2fd2e,0939158389321,Q114031265,Har bild (P18),http://commons.wikimedia.org/wiki/Special:FilePath/Samuel%20Gonzalez%20Westling.JPG,,https://data.riksdagen.se/filarkiv/bilder/ledamot/f4d32014-bd1a-4983-8ab3-83b327d2fd2e_192.jpg,ja,sv: https://sv.wikipedia.org/wiki/Samuel_Gonzalez_Westling; en: https://en.wikipedia.org/wiki/Samuel_Gonzalez_Westling
Sandra Sönnergren,V,Stockholms län,Tjänstgörande riksdagsledamot,1990,0203a9cd-99b3-4508-82d6-77fd3b8fba0f,0898131508523,,Ingen identifierarmatchning – kontrollera Wikidata,,,https://data.riksdagen.se/filarkiv/bilder/ledamot/0203a9cd-99b3-4508-82d6-77fd3b8fba0f_192.jpg,okant,
Tobias Smedberg,V,Uppsala län,Tjänstgörande riksdagsledamot,1978,fefcbd47-b06c-41e4-99e7-b4a2ad0e1fda,0477456392722,,Ingen identifierarmatchning – kontrollera Wikidata,,,https://data.riksdagen.se/filarkiv/bilder/ledamot/fefcbd47-b06c-41e4-99e7-b4a2ad0e1fda_192.jpg,okant,
Umihana Rasovic,V,Skåne läns västra,Tjänstgörande riksdagsledamot,1986,a5128673-eb1b-4aa4-8309-3ffb0a079786,0907540133326,Q141507891,Saknar bild (P18),,,https://data.riksdagen.se/filarkiv/bilder/ledamot/a5128673-eb1b-4aa4-8309-3ffb0a079786_192.jpg,ja,sv: https://sv.wikipedia.org/wiki/Umihana_Rasovic
