namn,parti,valkrets,riksdagsstatus,fodd_ar,sourceid,intressent_id,qid,status,bilder,p1214_bildstatus,riksdagen_bild,epost,mejl_amne,mejl_text,sv_wikipedia,illustrationsbehov_status,illustrationsbehov_kontrollerad,illustrationsbehov_artikel,auktoritetsdata_status,auktoritetsdata_kontrollerad,auktoritetsdata_artikel,lan,fri_commons_bild,wikipedia_lankar,commons_licens,commons_fotograf,commons_kallor
Anders Ådahl,C,Västra Götalands läns västra,Tjänstgörande riksdagsledamot,1972,59b84d84-3bc8-4175-a3b7-16f5ed8f6b25,0837394708917,Q114031247,Saknar bild (P18),,,https://data.riksdagen.se/filarkiv/bilder/ledamot/59b84d84-3bc8-4175-a3b7-16f5ed8f6b25_192.jpg,anders.adahl@riksdagen.se,Porträttbild till Wikipedia under fri licens,"Hej Anders Ådahl,

Jag bidrar till Wikipedia och vill gärna att artikeln om dig ska kunna illustreras med en aktuell porträttbild. Skulle du kunna hjälpa oss genom att ladda upp en bild till Wikimedia Commons under en fri licens, exempelvis CC BY 4.0?

Här finns Wikipedia-artiklarna om dig:
- sv: Anders Ådahl – https://sv.wikipedia.org/wiki/Anders_%C3%85dahl
- en: Anders Ådahl – https://en.wikipedia.org/wiki/Anders_%C3%85dahl

Det kräver att fotografen eller den som äger rättigheterna godkänner licensen. Fotografen anges vid användning, och bilden får återanvändas och bearbetas, även i kommersiella sammanhang.

Digg och PRV rekommenderar öppna licenser för offentlig information, som ett komplement till EU öppna data-direktiv från 2019 (https://eur-lex.europa.eu/legal-content/SV/TXT/?uri=CELEX%3A32019L1024). Riksdagens nuvarande bildvillkor anger däremot ingen sådan tydlig fri licens för ledamöternas porträtt trots begäran om det.

En bild från dig vore ett konkret steg framåt. Jag hjälper gärna till med uppladdningen och uppgifter om fotograf och licens.
Du får också gärna lyfta frågan inom riksdagen: varför inte publicera ledamöternas porträtt som ett samlat dataset med tydliga fria licenser?
Hjälp oss att komma vidare och göra våra folkvalda lättare att presentera på Wikipedia.

Vänliga hälsningar,
<ange ditt namn>",ja,finns,2026-10-08T18:55:40Z,Anders Ådahl,finns,2026-10-08T18:55:42Z,Anders Ådahl,Västra Götalands län,False,sv: https://sv.wikipedia.org/wiki/Anders_%C3%85dahl; en: https://en.wikipedia.org/wiki/Anders_%C3%85dahl,,,
Anna Lasses,C,Stockholms län,Tjänstgörande riksdagsledamot,1977,b2b99439-43f1-4b95-8aec-9f1e83044e76,0985426914829,Q114031212,Har bild (P18),http://commons.wikimedia.org/wiki/Special:FilePath/Anna%20Lasses%202025.jpg,,https://data.riksdagen.se/filarkiv/bilder/ledamot/b2b99439-43f1-4b95-8aec-9f1e83044e76_192.jpg,anna.lasses@riksdagen.se,Porträttbild till Wikipedia under fri licens,"Hej Anna Lasses,

Jag bidrar till Wikipedia och vill gärna att artikeln om dig ska kunna illustreras med en aktuell porträttbild. Skulle du kunna hjälpa oss genom att ladda upp en bild till Wikimedia Commons under en fri licens, exempelvis CC BY 4.0?

Här finns Wikipedia-artiklarna om dig:
- sv: Anna Lasses – https://sv.wikipedia.org/wiki/Anna_Lasses
- en: Anna Lasses – https://en.wikipedia.org/wiki/Anna_Lasses

Det kräver att fotografen eller den som äger rättigheterna godkänner licensen. Fotografen anges vid användning, och bilden får återanvändas och bearbetas, även i kommersiella sammanhang.

Digg och PRV rekommenderar öppna licenser för offentlig information, som ett komplement till EU öppna data-direktiv från 2019 (https://eur-lex.europa.eu/legal-content/SV/TXT/?uri=CELEX%3A32019L1024). Riksdagens nuvarande bildvillkor anger däremot ingen sådan tydlig fri licens för ledamöternas porträtt trots begäran om det.

En bild från dig vore ett konkret steg framåt. Jag hjälper gärna till med uppladdningen och uppgifter om fotograf och licens.
Du får också gärna lyfta frågan inom riksdagen: varför inte publicera ledamöternas porträtt som ett samlat dataset med tydliga fria licenser?
Hjälp oss att komma vidare och göra våra folkvalda lättare att presentera på Wikipedia.

Vänliga hälsningar,
<ange ditt namn>",ja,ej_aktuell,,,finns,2026-10-08T18:55:42Z,Anna Lasses,Stockholms län,True,sv: https://sv.wikipedia.org/wiki/Anna_Lasses; en: https://en.wikipedia.org/wiki/Anna_Lasses,CC BY 4.0,Frankie Fouganthin,https://commons.wikimedia.org/wiki/File:Anna_Lasses_2025.jpg
Anne-Li Sjölund,C,Västernorrlands län,Tjänstgörande riksdagsledamot,1966,4777adeb-0a0f-4154-ace9-0c5f149f228b,0947572086414,Q99541757,Saknar bild (P18),,,https://data.riksdagen.se/filarkiv/bilder/ledamot/4777adeb-0a0f-4154-ace9-0c5f149f228b_192.jpg,anne-li.sjolund@riksdagen.se,Porträttbild till Wikipedia under fri licens,"Hej Anne-Li Sjölund,

Jag bidrar till Wikipedia och vill gärna att artikeln om dig ska kunna illustreras med en aktuell porträttbild. Skulle du kunna hjälpa oss genom att ladda upp en bild till Wikimedia Commons under en fri licens, exempelvis CC BY 4.0?

Här finns Wikipedia-artiklarna om dig:
- sv: Anne-Li Sjölund – https://sv.wikipedia.org/wiki/Anne-Li_Sj%C3%B6lund
- en: Anne-Li Sjölund – https://en.wikipedia.org/wiki/Anne-Li_Sj%C3%B6lund
- pt: Anne-Li Sjölund – https://pt.wikipedia.org/wiki/Anne-Li_Sj%C3%B6lund

Det kräver att fotografen eller den som äger rättigheterna godkänner licensen. Fotografen anges vid användning, och bilden får återanvändas och bearbetas, även i kommersiella sammanhang.

Digg och PRV rekommenderar öppna licenser för offentlig information, som ett komplement till EU öppna data-direktiv från 2019 (https://eur-lex.europa.eu/legal-content/SV/TXT/?uri=CELEX%3A32019L1024). Riksdagens nuvarande bildvillkor anger däremot ingen sådan tydlig fri licens för ledamöternas porträtt trots begäran om det.

En bild från dig vore ett konkret steg framåt. Jag hjälper gärna till med uppladdningen och uppgifter om fotograf och licens.
Du får också gärna lyfta frågan inom riksdagen: varför inte publicera ledamöternas porträtt som ett samlat dataset med tydliga fria licenser?
Hjälp oss att komma vidare och göra våra folkvalda lättare att presentera på Wikipedia.

Vänliga hälsningar,
<ange ditt namn>",ja,finns,2026-10-08T18:55:40Z,Anne-Li Sjölund,finns,2026-10-08T18:55:42Z,Anne-Li Sjölund,Västernorrlands län,False,sv: https://sv.wikipedia.org/wiki/Anne-Li_Sj%C3%B6lund; en: https://en.wikipedia.org/wiki/Anne-Li_Sj%C3%B6lund; pt: https://pt.wikipedia.org/wiki/Anne-Li_Sj%C3%B6lund,,,
Birgitta Ohlsson,C,Stockholms kommun,Tjänstgörande riksdagsledamot,1975,49cbfff2-68fa-4c19-8fa3-631093384cd2,0404025497421,Q429001,Har bild (P18),http://commons.wikimedia.org/wiki/Special:FilePath/Birgitta%20Ohlsson.EU-dagen2011%201c379%206285.jpg,,https://data.riksdagen.se/filarkiv/bilder/ledamot/49cbfff2-68fa-4c19-8fa3-631093384cd2_192.jpg,birgitta.ohlsson@riksdagen.se,Porträttbild till Wikipedia under fri licens,"Hej Birgitta Ohlsson,

Jag bidrar till Wikipedia och vill gärna att artikeln om dig ska kunna illustreras med en aktuell porträttbild. Skulle du kunna hjälpa oss genom att ladda upp en bild till Wikimedia Commons under en fri licens, exempelvis CC BY 4.0?

Här finns Wikipedia-artiklarna om dig:
- sv: Birgitta Ohlsson – https://sv.wikipedia.org/wiki/Birgitta_Ohlsson
- en: Birgitta Ohlsson – https://en.wikipedia.org/wiki/Birgitta_Ohlsson
- arz: بيرجيتا اوهلسون – https://arz.wikipedia.org/wiki/%D8%A8%D9%8A%D8%B1%D8%AC%D9%8A%D8%AA%D8%A7_%D8%A7%D9%88%D9%87%D9%84%D8%B3%D9%88%D9%86
- de: Birgitta Ohlsson – https://de.wikipedia.org/wiki/Birgitta_Ohlsson
- es: Birgitta Ohlsson – https://es.wikipedia.org/wiki/Birgitta_Ohlsson
- fa: بیرگیتا اولسون – https://fa.wikipedia.org/wiki/%D8%A8%DB%8C%D8%B1%DA%AF%DB%8C%D8%AA%D8%A7_%D8%A7%D9%88%D9%84%D8%B3%D9%88%D9%86
- fi: Birgitta Ohlsson – https://fi.wikipedia.org/wiki/Birgitta_Ohlsson
- fr: Birgitta Ohlsson – https://fr.wikipedia.org/wiki/Birgitta_Ohlsson
- id: Birgitta Ohlsson – https://id.wikipedia.org/wiki/Birgitta_Ohlsson
- jv: Birgitta Ohlsson – https://jv.wikipedia.org/wiki/Birgitta_Ohlsson
- pl: Birgitta Ohlsson – https://pl.wikipedia.org/wiki/Birgitta_Ohlsson
- pt: Birgitta Ohlsson – https://pt.wikipedia.org/wiki/Birgitta_Ohlsson
- uk: Біргітта Олссон – https://uk.wikipedia.org/wiki/%D0%91%D1%96%D1%80%D0%B3%D1%96%D1%82%D1%82%D0%B0_%D0%9E%D0%BB%D1%81%D1%81%D0%BE%D0%BD

Det kräver att fotografen eller den som äger rättigheterna godkänner licensen. Fotografen anges vid användning, och bilden får återanvändas och bearbetas, även i kommersiella sammanhang.

Digg och PRV rekommenderar öppna licenser för offentlig information, som ett komplement till EU öppna data-direktiv från 2019 (https://eur-lex.europa.eu/legal-content/SV/TXT/?uri=CELEX%3A32019L1024). Riksdagens nuvarande bildvillkor anger däremot ingen sådan tydlig fri licens för ledamöternas porträtt trots begäran om det.

En bild från dig vore ett konkret steg framåt. Jag hjälper gärna till med uppladdningen och uppgifter om fotograf och licens.
Du får också gärna lyfta frågan inom riksdagen: varför inte publicera ledamöternas porträtt som ett samlat dataset med tydliga fria licenser?
Hjälp oss att komma vidare och göra våra folkvalda lättare att presentera på Wikipedia.

Vänliga hälsningar,
<ange ditt namn>",ja,ej_aktuell,,,finns,2026-10-08T18:55:42Z,Birgitta Ohlsson,Stockholms län,True,sv: https://sv.wikipedia.org/wiki/Birgitta_Ohlsson; en: https://en.wikipedia.org/wiki/Birgitta_Ohlsson; arz: https://arz.wikipedia.org/wiki/%D8%A8%D9%8A%D8%B1%D8%AC%D9%8A%D8%AA%D8%A7_%D8%A7%D9%88%D9%87%D9%84%D8%B3%D9%88%D9%86; de: https://de.wikipedia.org/wiki/Birgitta_Ohlsson; es: https://es.wikipedia.org/wiki/Birgitta_Ohlsson; fa: https://fa.wikipedia.org/wiki/%D8%A8%DB%8C%D8%B1%DA%AF%DB%8C%D8%AA%D8%A7_%D8%A7%D9%88%D9%84%D8%B3%D9%88%D9%86; fi: https://fi.wikipedia.org/wiki/Birgitta_Ohlsson; fr: https://fr.wikipedia.org/wiki/Birgitta_Ohlsson; id: https://id.wikipedia.org/wiki/Birgitta_Ohlsson; jv: https://jv.wikipedia.org/wiki/Birgitta_Ohlsson; pl: https://pl.wikipedia.org/wiki/Birgitta_Ohlsson; pt: https://pt.wikipedia.org/wiki/Birgitta_Ohlsson; uk: https://uk.wikipedia.org/wiki/%D0%91%D1%96%D1%80%D0%B3%D1%96%D1%82%D1%82%D0%B0_%D0%9E%D0%BB%D1%81%D1%81%D0%BE%D0%BD,CC BY-SA 3.0,Janwikifoto,https://commons.wikimedia.org/wiki/File:Birgitta_Ohlsson.EU-dagen2011_1c379_6285.jpg
Birte Sandberg,C,Skåne läns norra och östra,Tjänstgörande riksdagsledamot,1965,8d25c8ef-fb97-43eb-9004-27b216f4c066,0970341267319,Q141509786,Saknar bild (P18),,,https://data.riksdagen.se/filarkiv/bilder/ledamot/8d25c8ef-fb97-43eb-9004-27b216f4c066_192.jpg,birte.sandberg@riksdagen.se,Porträttbild till Wikipedia under fri licens,"Hej Birte Sandberg,

Jag bidrar till Wikipedia och vill gärna att artikeln om dig ska kunna illustreras med en aktuell porträttbild. Skulle du kunna hjälpa oss genom att ladda upp en bild till Wikimedia Commons under en fri licens, exempelvis CC BY 4.0?

Här finns Wikipedia-artiklarna om dig:
- sv: Birte Sandberg – https://sv.wikipedia.org/wiki/Birte_Sandberg
- en: Birte Sandberg – https://en.wikipedia.org/wiki/Birte_Sandberg

Det kräver att fotografen eller den som äger rättigheterna godkänner licensen. Fotografen anges vid användning, och bilden får återanvändas och bearbetas, även i kommersiella sammanhang.

Digg och PRV rekommenderar öppna licenser för offentlig information, som ett komplement till EU öppna data-direktiv från 2019 (https://eur-lex.europa.eu/legal-content/SV/TXT/?uri=CELEX%3A32019L1024). Riksdagens nuvarande bildvillkor anger däremot ingen sådan tydlig fri licens för ledamöternas porträtt trots begäran om det.

En bild från dig vore ett konkret steg framåt. Jag hjälper gärna till med uppladdningen och uppgifter om fotograf och licens.
Du får också gärna lyfta frågan inom riksdagen: varför inte publicera ledamöternas porträtt som ett samlat dataset med tydliga fria licenser?
Hjälp oss att komma vidare och göra våra folkvalda lättare att presentera på Wikipedia.

Vänliga hälsningar,
<ange ditt namn>",ja,finns,2026-10-08T18:55:41Z,Birte Sandberg,finns,2026-10-08T18:55:42Z,Birte Sandberg,Skåne län,False,sv: https://sv.wikipedia.org/wiki/Birte_Sandberg; en: https://en.wikipedia.org/wiki/Birte_Sandberg,,,
Caroline Schmidt,C,Gävleborgs län,Tjänstgörande riksdagsledamot,1960,e0dc114d-4a84-456f-9992-fb8d2ecfb73c,0236799560811,Q16467579,Saknar bild (P18),,,https://data.riksdagen.se/filarkiv/bilder/ledamot/e0dc114d-4a84-456f-9992-fb8d2ecfb73c_192.jpg,caroline.schmidt@riksdagen.se,Porträttbild till Wikipedia under fri licens,"Hej Caroline Schmidt,

Jag bidrar till Wikipedia och vill gärna att artikeln om dig ska kunna illustreras med en aktuell porträttbild. Skulle du kunna hjälpa oss genom att ladda upp en bild till Wikimedia Commons under en fri licens, exempelvis CC BY 4.0?

Här finns Wikipedia-artiklarna om dig:
- sv: Caroline Schmidt – https://sv.wikipedia.org/wiki/Caroline_Schmidt
- en: Caroline Schmidt – https://en.wikipedia.org/wiki/Caroline_Schmidt

Det kräver att fotografen eller den som äger rättigheterna godkänner licensen. Fotografen anges vid användning, och bilden får återanvändas och bearbetas, även i kommersiella sammanhang.

Digg och PRV rekommenderar öppna licenser för offentlig information, som ett komplement till EU öppna data-direktiv från 2019 (https://eur-lex.europa.eu/legal-content/SV/TXT/?uri=CELEX%3A32019L1024). Riksdagens nuvarande bildvillkor anger däremot ingen sådan tydlig fri licens för ledamöternas porträtt trots begäran om det.

En bild från dig vore ett konkret steg framåt. Jag hjälper gärna till med uppladdningen och uppgifter om fotograf och licens.
Du får också gärna lyfta frågan inom riksdagen: varför inte publicera ledamöternas porträtt som ett samlat dataset med tydliga fria licenser?
Hjälp oss att komma vidare och göra våra folkvalda lättare att presentera på Wikipedia.

Vänliga hälsningar,
<ange ditt namn>",ja,finns,2026-10-08T18:55:41Z,Caroline Schmidt,finns,2026-10-08T18:55:43Z,Caroline Schmidt,Gävleborgs län,False,sv: https://sv.wikipedia.org/wiki/Caroline_Schmidt; en: https://en.wikipedia.org/wiki/Caroline_Schmidt,,,
Catarina Deremar,C,Uppsala län,Tjänstgörande riksdagsledamot,1965,0f4ba90a-2db5-4fa8-b583-3f96edca5028,0986091320811,Q104215904,Saknar bild (P18),,,https://data.riksdagen.se/filarkiv/bilder/ledamot/0f4ba90a-2db5-4fa8-b583-3f96edca5028_192.jpg,catarina.deremar@riksdagen.se,Porträttbild till Wikipedia under fri licens,"Hej Catarina Deremar,

Jag bidrar till Wikipedia och vill gärna att artikeln om dig ska kunna illustreras med en aktuell porträttbild. Skulle du kunna hjälpa oss genom att ladda upp en bild till Wikimedia Commons under en fri licens, exempelvis CC BY 4.0?

Här finns Wikipedia-artiklarna om dig:
- sv: Catarina Deremar – https://sv.wikipedia.org/wiki/Catarina_Deremar
- en: Catarina Deremar – https://en.wikipedia.org/wiki/Catarina_Deremar
- pt: Catarina Deremar – https://pt.wikipedia.org/wiki/Catarina_Deremar

Det kräver att fotografen eller den som äger rättigheterna godkänner licensen. Fotografen anges vid användning, och bilden får återanvändas och bearbetas, även i kommersiella sammanhang.

Digg och PRV rekommenderar öppna licenser för offentlig information, som ett komplement till EU öppna data-direktiv från 2019 (https://eur-lex.europa.eu/legal-content/SV/TXT/?uri=CELEX%3A32019L1024). Riksdagens nuvarande bildvillkor anger däremot ingen sådan tydlig fri licens för ledamöternas porträtt trots begäran om det.

En bild från dig vore ett konkret steg framåt. Jag hjälper gärna till med uppladdningen och uppgifter om fotograf och licens.
Du får också gärna lyfta frågan inom riksdagen: varför inte publicera ledamöternas porträtt som ett samlat dataset med tydliga fria licenser?
Hjälp oss att komma vidare och göra våra folkvalda lättare att presentera på Wikipedia.

Vänliga hälsningar,
<ange ditt namn>",ja,finns,2026-10-08T18:55:41Z,Catarina Deremar,finns,2026-10-08T18:55:43Z,Catarina Deremar,Uppsala län,False,sv: https://sv.wikipedia.org/wiki/Catarina_Deremar; en: https://en.wikipedia.org/wiki/Catarina_Deremar; pt: https://pt.wikipedia.org/wiki/Catarina_Deremar,,,
Christofer Bergenblock,C,Hallands län,Tjänstgörande riksdagsledamot,1974,84cd5a15-44cb-48ed-8433-b907f2d8b8bf,0951905661227,Q112075255,Saknar bild (P18),,,https://data.riksdagen.se/filarkiv/bilder/ledamot/84cd5a15-44cb-48ed-8433-b907f2d8b8bf_192.jpg,christofer.bergenblock@riksdagen.se,Porträttbild till Wikipedia under fri licens,"Hej Christofer Bergenblock,

Jag bidrar till Wikipedia och vill gärna att artikeln om dig ska kunna illustreras med en aktuell porträttbild. Skulle du kunna hjälpa oss genom att ladda upp en bild till Wikimedia Commons under en fri licens, exempelvis CC BY 4.0?

Här finns Wikipedia-artiklarna om dig:
- sv: Christofer Bergenblock – https://sv.wikipedia.org/wiki/Christofer_Bergenblock
- en: Christofer Bergenblock – https://en.wikipedia.org/wiki/Christofer_Bergenblock

Det kräver att fotografen eller den som äger rättigheterna godkänner licensen. Fotografen anges vid användning, och bilden får återanvändas och bearbetas, även i kommersiella sammanhang.

Digg och PRV rekommenderar öppna licenser för offentlig information, som ett komplement till EU öppna data-direktiv från 2019 (https://eur-lex.europa.eu/legal-content/SV/TXT/?uri=CELEX%3A32019L1024). Riksdagens nuvarande bildvillkor anger däremot ingen sådan tydlig fri licens för ledamöternas porträtt trots begäran om det.

En bild från dig vore ett konkret steg framåt. Jag hjälper gärna till med uppladdningen och uppgifter om fotograf och licens.
Du får också gärna lyfta frågan inom riksdagen: varför inte publicera ledamöternas porträtt som ett samlat dataset med tydliga fria licenser?
Hjälp oss att komma vidare och göra våra folkvalda lättare att presentera på Wikipedia.

Vänliga hälsningar,
<ange ditt namn>",ja,finns,2026-10-08T18:55:41Z,Christofer Bergenblock,finns,2026-10-08T18:55:43Z,Christofer Bergenblock,Hallands län,False,sv: https://sv.wikipedia.org/wiki/Christofer_Bergenblock; en: https://en.wikipedia.org/wiki/Christofer_Bergenblock,,,
Daniel Bäckström,C,Värmlands län,Tjänstgörande riksdagsledamot,1975,d9b65520-dba2-4ec1-a124-d89d667ebf37,0665485817222,Q18600515,Har bild (P18),http://commons.wikimedia.org/wiki/Special:FilePath/Daniel%20B%C3%A4ckstr%C3%B6m%20%2840209149212%29.jpg,,https://data.riksdagen.se/filarkiv/bilder/ledamot/d9b65520-dba2-4ec1-a124-d89d667ebf37_192.jpg,daniel.backstrom@riksdagen.se,Porträttbild till Wikipedia under fri licens,"Hej Daniel Bäckström,

Jag bidrar till Wikipedia och vill gärna att artikeln om dig ska kunna illustreras med en aktuell porträttbild. Skulle du kunna hjälpa oss genom att ladda upp en bild till Wikimedia Commons under en fri licens, exempelvis CC BY 4.0?

Här finns Wikipedia-artiklarna om dig:
- sv: Daniel Bäckström – https://sv.wikipedia.org/wiki/Daniel_B%C3%A4ckstr%C3%B6m
- en: Daniel Bäckström (politician) – https://en.wikipedia.org/wiki/Daniel_B%C3%A4ckstr%C3%B6m_(politician)
- arz: دانيل باكستروم – https://arz.wikipedia.org/wiki/%D8%AF%D8%A7%D9%86%D9%8A%D9%84_%D8%A8%D8%A7%D9%83%D8%B3%D8%AA%D8%B1%D9%88%D9%85
- pt: Daniel Bäckström – https://pt.wikipedia.org/wiki/Daniel_B%C3%A4ckstr%C3%B6m

Det kräver att fotografen eller den som äger rättigheterna godkänner licensen. Fotografen anges vid användning, och bilden får återanvändas och bearbetas, även i kommersiella sammanhang.

Digg och PRV rekommenderar öppna licenser för offentlig information, som ett komplement till EU öppna data-direktiv från 2019 (https://eur-lex.europa.eu/legal-content/SV/TXT/?uri=CELEX%3A32019L1024). Riksdagens nuvarande bildvillkor anger däremot ingen sådan tydlig fri licens för ledamöternas porträtt trots begäran om det.

En bild från dig vore ett konkret steg framåt. Jag hjälper gärna till med uppladdningen och uppgifter om fotograf och licens.
Du får också gärna lyfta frågan inom riksdagen: varför inte publicera ledamöternas porträtt som ett samlat dataset med tydliga fria licenser?
Hjälp oss att komma vidare och göra våra folkvalda lättare att presentera på Wikipedia.

Vänliga hälsningar,
<ange ditt namn>",ja,ej_aktuell,,,finns,2026-10-08T18:55:43Z,Daniel Bäckström,Värmlands län,True,sv: https://sv.wikipedia.org/wiki/Daniel_B%C3%A4ckstr%C3%B6m; en: https://en.wikipedia.org/wiki/Daniel_B%C3%A4ckstr%C3%B6m_(politician); arz: https://arz.wikipedia.org/wiki/%D8%AF%D8%A7%D9%86%D9%8A%D9%84_%D8%A8%D8%A7%D9%83%D8%B3%D8%AA%D8%B1%D9%88%D9%85; pt: https://pt.wikipedia.org/wiki/Daniel_B%C3%A4ckstr%C3%B6m,CC BY 2.0,Centerpartiet (official),https://commons.wikimedia.org/wiki/File:Daniel_B%C3%A4ckstr%C3%B6m_(40209149212).jpg
Elisabeth Thand Ringqvist,C,Stockholms kommun,Tjänstgörande riksdagsledamot,1972,0a3d47e0-9e04-4726-b141-966d1ba8064d,0602744999917,Q4974920,Har bild (P18),http://commons.wikimedia.org/wiki/Special:FilePath/ElisabethTR2.jpg,,https://data.riksdagen.se/filarkiv/bilder/ledamot/0a3d47e0-9e04-4726-b141-966d1ba8064d_192.jpg,elisabeth.thand.ringqvist@riksdagen.se,Porträttbild till Wikipedia under fri licens,"Hej Elisabeth Thand Ringqvist,

Jag bidrar till Wikipedia och vill gärna att artikeln om dig ska kunna illustreras med en aktuell porträttbild. Skulle du kunna hjälpa oss genom att ladda upp en bild till Wikimedia Commons under en fri licens, exempelvis CC BY 4.0?

Här finns Wikipedia-artiklarna om dig:
- sv: Elisabeth Thand Ringqvist – https://sv.wikipedia.org/wiki/Elisabeth_Thand_Ringqvist
- en: Elisabeth Thand Ringqvist – https://en.wikipedia.org/wiki/Elisabeth_Thand_Ringqvist
- es: Elisabeth Thand Ringqvist – https://es.wikipedia.org/wiki/Elisabeth_Thand_Ringqvist
- fi: Elisabeth Thand Ringqvist – https://fi.wikipedia.org/wiki/Elisabeth_Thand_Ringqvist
- fr: Elisabeth Thand Ringqvist – https://fr.wikipedia.org/wiki/Elisabeth_Thand_Ringqvist
- it: Elisabeth Thand Ringqvist – https://it.wikipedia.org/wiki/Elisabeth_Thand_Ringqvist
- pl: Elisabeth Thand Ringqvist – https://pl.wikipedia.org/wiki/Elisabeth_Thand_Ringqvist
- ru: Танд Рингквист, Элизабет – https://ru.wikipedia.org/wiki/%D0%A2%D0%B0%D0%BD%D0%B4_%D0%A0%D0%B8%D0%BD%D0%B3%D0%BA%D0%B2%D0%B8%D1%81%D1%82,_%D0%AD%D0%BB%D0%B8%D0%B7%D0%B0%D0%B1%D0%B5%D1%82
- simple: Elisabeth Thand Ringqvist – https://simple.wikipedia.org/wiki/Elisabeth_Thand_Ringqvist

Det kräver att fotografen eller den som äger rättigheterna godkänner licensen. Fotografen anges vid användning, och bilden får återanvändas och bearbetas, även i kommersiella sammanhang.

Digg och PRV rekommenderar öppna licenser för offentlig information, som ett komplement till EU öppna data-direktiv från 2019 (https://eur-lex.europa.eu/legal-content/SV/TXT/?uri=CELEX%3A32019L1024). Riksdagens nuvarande bildvillkor anger däremot ingen sådan tydlig fri licens för ledamöternas porträtt trots begäran om det.

En bild från dig vore ett konkret steg framåt. Jag hjälper gärna till med uppladdningen och uppgifter om fotograf och licens.
Du får också gärna lyfta frågan inom riksdagen: varför inte publicera ledamöternas porträtt som ett samlat dataset med tydliga fria licenser?
Hjälp oss att komma vidare och göra våra folkvalda lättare att presentera på Wikipedia.

Vänliga hälsningar,
<ange ditt namn>",ja,ej_aktuell,,,finns,2026-10-08T18:55:43Z,Elisabeth Thand Ringqvist,Stockholms län,True,"sv: https://sv.wikipedia.org/wiki/Elisabeth_Thand_Ringqvist; en: https://en.wikipedia.org/wiki/Elisabeth_Thand_Ringqvist; es: https://es.wikipedia.org/wiki/Elisabeth_Thand_Ringqvist; fi: https://fi.wikipedia.org/wiki/Elisabeth_Thand_Ringqvist; fr: https://fr.wikipedia.org/wiki/Elisabeth_Thand_Ringqvist; it: https://it.wikipedia.org/wiki/Elisabeth_Thand_Ringqvist; pl: https://pl.wikipedia.org/wiki/Elisabeth_Thand_Ringqvist; ru: https://ru.wikipedia.org/wiki/%D0%A2%D0%B0%D0%BD%D0%B4_%D0%A0%D0%B8%D0%BD%D0%B3%D0%BA%D0%B2%D0%B8%D1%81%D1%82,_%D0%AD%D0%BB%D0%B8%D0%B7%D0%B0%D0%B1%D0%B5%D1%82; simple: https://simple.wikipedia.org/wiki/Elisabeth_Thand_Ringqvist",CC0,DonLovis,https://commons.wikimedia.org/wiki/File:ElisabethTR2.jpg
Emma Brihall,C,Jönköpings län,Tjänstgörande riksdagsledamot,1997,d3c14c78-bca9-4563-97e6-c89a21cbf325,0809334009920,Q141503826,Saknar bild (P18),,,https://data.riksdagen.se/filarkiv/bilder/ledamot/d3c14c78-bca9-4563-97e6-c89a21cbf325_192.jpg,emma.brihall@riksdagen.se,Porträttbild till Wikipedia under fri licens,"Hej Emma Brihall,

Jag bidrar till Wikipedia och vill gärna att artikeln om dig ska kunna illustreras med en aktuell porträttbild. Skulle du kunna hjälpa oss genom att ladda upp en bild till Wikimedia Commons under en fri licens, exempelvis CC BY 4.0?

Här finns Wikipedia-artiklarna om dig:
- sv: Emma Brihall – https://sv.wikipedia.org/wiki/Emma_Brihall
- en: Emma Brihall – https://en.wikipedia.org/wiki/Emma_Brihall

Det kräver att fotografen eller den som äger rättigheterna godkänner licensen. Fotografen anges vid användning, och bilden får återanvändas och bearbetas, även i kommersiella sammanhang.

Digg och PRV rekommenderar öppna licenser för offentlig information, som ett komplement till EU öppna data-direktiv från 2019 (https://eur-lex.europa.eu/legal-content/SV/TXT/?uri=CELEX%3A32019L1024). Riksdagens nuvarande bildvillkor anger däremot ingen sådan tydlig fri licens för ledamöternas porträtt trots begäran om det.

En bild från dig vore ett konkret steg framåt. Jag hjälper gärna till med uppladdningen och uppgifter om fotograf och licens.
Du får också gärna lyfta frågan inom riksdagen: varför inte publicera ledamöternas porträtt som ett samlat dataset med tydliga fria licenser?
Hjälp oss att komma vidare och göra våra folkvalda lättare att presentera på Wikipedia.

Vänliga hälsningar,
<ange ditt namn>",ja,finns,2026-10-08T18:55:41Z,Emma Brihall,finns,2026-10-08T18:55:43Z,Emma Brihall,Jönköpings län,False,sv: https://sv.wikipedia.org/wiki/Emma_Brihall; en: https://en.wikipedia.org/wiki/Emma_Brihall,,,
Emmy Ahlstedt,C,Kalmar län,Tjänstgörande riksdagsledamot,1981,af9f93ac-4126-49ee-a2d7-a5b863456f85,079417294123,Q141507450,Saknar bild (P18),,,https://data.riksdagen.se/filarkiv/bilder/ledamot/af9f93ac-4126-49ee-a2d7-a5b863456f85_192.jpg,emmy.ahlstedt@riksdagen.se,Porträttbild till Wikipedia under fri licens,"Hej Emmy Ahlstedt,

Jag bidrar till Wikipedia och vill gärna att artikeln om dig ska kunna illustreras med en aktuell porträttbild. Skulle du kunna hjälpa oss genom att ladda upp en bild till Wikimedia Commons under en fri licens, exempelvis CC BY 4.0?

Här finns Wikipedia-artiklarna om dig:
- sv: Emmy Ahlstedt – https://sv.wikipedia.org/wiki/Emmy_Ahlstedt
- en: Emmy Ahlstedt – https://en.wikipedia.org/wiki/Emmy_Ahlstedt

Det kräver att fotografen eller den som äger rättigheterna godkänner licensen. Fotografen anges vid användning, och bilden får återanvändas och bearbetas, även i kommersiella sammanhang.

Digg och PRV rekommenderar öppna licenser för offentlig information, som ett komplement till EU öppna data-direktiv från 2019 (https://eur-lex.europa.eu/legal-content/SV/TXT/?uri=CELEX%3A32019L1024). Riksdagens nuvarande bildvillkor anger däremot ingen sådan tydlig fri licens för ledamöternas porträtt trots begäran om det.

En bild från dig vore ett konkret steg framåt. Jag hjälper gärna till med uppladdningen och uppgifter om fotograf och licens.
Du får också gärna lyfta frågan inom riksdagen: varför inte publicera ledamöternas porträtt som ett samlat dataset med tydliga fria licenser?
Hjälp oss att komma vidare och göra våra folkvalda lättare att presentera på Wikipedia.

Vänliga hälsningar,
<ange ditt namn>",ja,finns,2026-10-08T18:55:41Z,Emmy Ahlstedt,finns,2026-10-08T18:55:43Z,Emmy Ahlstedt,Kalmar län,False,sv: https://sv.wikipedia.org/wiki/Emmy_Ahlstedt; en: https://en.wikipedia.org/wiki/Emmy_Ahlstedt,,,
Helena Vilhelmsson,C,Örebro län,Tjänstgörande riksdagsledamot,1965,bcf8f6dc-7be4-46d3-bb3e-df793b2c5256,0903081277919,Q57168726,Saknar bild (P18),,,https://data.riksdagen.se/filarkiv/bilder/ledamot/bcf8f6dc-7be4-46d3-bb3e-df793b2c5256_192.jpg,helena.vilhelmsson@riksdagen.se,Porträttbild till Wikipedia under fri licens,"Hej Helena Vilhelmsson,

Jag bidrar till Wikipedia och vill gärna att artikeln om dig ska kunna illustreras med en aktuell porträttbild. Skulle du kunna hjälpa oss genom att ladda upp en bild till Wikimedia Commons under en fri licens, exempelvis CC BY 4.0?

Här finns Wikipedia-artiklarna om dig:
- sv: Helena Vilhelmsson – https://sv.wikipedia.org/wiki/Helena_Vilhelmsson
- en: Helena Vilhelmsson – https://en.wikipedia.org/wiki/Helena_Vilhelmsson
- pt: Helena Vilhelmsson – https://pt.wikipedia.org/wiki/Helena_Vilhelmsson

Det kräver att fotografen eller den som äger rättigheterna godkänner licensen. Fotografen anges vid användning, och bilden får återanvändas och bearbetas, även i kommersiella sammanhang.

Digg och PRV rekommenderar öppna licenser för offentlig information, som ett komplement till EU öppna data-direktiv från 2019 (https://eur-lex.europa.eu/legal-content/SV/TXT/?uri=CELEX%3A32019L1024). Riksdagens nuvarande bildvillkor anger däremot ingen sådan tydlig fri licens för ledamöternas porträtt trots begäran om det.

En bild från dig vore ett konkret steg framåt. Jag hjälper gärna till med uppladdningen och uppgifter om fotograf och licens.
Du får också gärna lyfta frågan inom riksdagen: varför inte publicera ledamöternas porträtt som ett samlat dataset med tydliga fria licenser?
Hjälp oss att komma vidare och göra våra folkvalda lättare att presentera på Wikipedia.

Vänliga hälsningar,
<ange ditt namn>",ja,finns,2026-10-08T18:55:41Z,Helena Vilhelmsson,finns,2026-10-08T18:55:43Z,Helena Vilhelmsson,Örebro län,False,sv: https://sv.wikipedia.org/wiki/Helena_Vilhelmsson; en: https://en.wikipedia.org/wiki/Helena_Vilhelmsson; pt: https://pt.wikipedia.org/wiki/Helena_Vilhelmsson,,,
Julia Algotsson,C,Västerbottens län,Tjänstgörande riksdagsledamot,1996,144764cf-441a-4d9f-b6e7-ca5a35d3d17a,031744450126,Q141505026,Saknar bild (P18),,,https://data.riksdagen.se/filarkiv/bilder/ledamot/144764cf-441a-4d9f-b6e7-ca5a35d3d17a_192.jpg,julia.algotsson@riksdagen.se,Porträttbild till Wikipedia under fri licens,"Hej Julia Algotsson,

Jag bidrar till Wikipedia och vill gärna att artikeln om dig ska kunna illustreras med en aktuell porträttbild. Skulle du kunna hjälpa oss genom att ladda upp en bild till Wikimedia Commons under en fri licens, exempelvis CC BY 4.0?

Här finns Wikipedia-artiklarna om dig:
- sv: Julia Algotsson – https://sv.wikipedia.org/wiki/Julia_Algotsson
- en: Julia Algotsson – https://en.wikipedia.org/wiki/Julia_Algotsson

Det kräver att fotografen eller den som äger rättigheterna godkänner licensen. Fotografen anges vid användning, och bilden får återanvändas och bearbetas, även i kommersiella sammanhang.

Digg och PRV rekommenderar öppna licenser för offentlig information, som ett komplement till EU öppna data-direktiv från 2019 (https://eur-lex.europa.eu/legal-content/SV/TXT/?uri=CELEX%3A32019L1024). Riksdagens nuvarande bildvillkor anger däremot ingen sådan tydlig fri licens för ledamöternas porträtt trots begäran om det.

En bild från dig vore ett konkret steg framåt. Jag hjälper gärna till med uppladdningen och uppgifter om fotograf och licens.
Du får också gärna lyfta frågan inom riksdagen: varför inte publicera ledamöternas porträtt som ett samlat dataset med tydliga fria licenser?
Hjälp oss att komma vidare och göra våra folkvalda lättare att presentera på Wikipedia.

Vänliga hälsningar,
<ange ditt namn>",ja,finns,2026-10-08T18:55:41Z,Julia Algotsson,finns,2026-10-08T18:55:43Z,Julia Algotsson,Västerbottens län,False,sv: https://sv.wikipedia.org/wiki/Julia_Algotsson; en: https://en.wikipedia.org/wiki/Julia_Algotsson,,,
Kerstin Lundgren,C,Stockholms län,Tredje vice talman (tjänstgörande riksdagsledamot),1955,4a514760-f0a7-47a7-8a51-91bd46693df7,0155487380917,Q4964100,Har bild (P18),http://commons.wikimedia.org/wiki/Special:FilePath/Kerstin%20Lundgren%202013-10-21%20001.jpg,,https://data.riksdagen.se/filarkiv/bilder/ledamot/4a514760-f0a7-47a7-8a51-91bd46693df7_192.jpg,kerstin.lundgren@riksdagen.se,Porträttbild till Wikipedia under fri licens,"Hej Kerstin Lundgren,

Jag bidrar till Wikipedia och vill gärna att artikeln om dig ska kunna illustreras med en aktuell porträttbild. Skulle du kunna hjälpa oss genom att ladda upp en bild till Wikimedia Commons under en fri licens, exempelvis CC BY 4.0?

Här finns Wikipedia-artiklarna om dig:
- sv: Kerstin Lundgren – https://sv.wikipedia.org/wiki/Kerstin_Lundgren
- en: Kerstin Lundgren – https://en.wikipedia.org/wiki/Kerstin_Lundgren
- arz: كيرستين لوندجرين – https://arz.wikipedia.org/wiki/%D9%83%D9%8A%D8%B1%D8%B3%D8%AA%D9%8A%D9%86_%D9%84%D9%88%D9%86%D8%AF%D8%AC%D8%B1%D9%8A%D9%86
- no: Kerstin Lundgren – https://no.wikipedia.org/wiki/Kerstin_Lundgren
- pl: Kerstin Lundgren – https://pl.wikipedia.org/wiki/Kerstin_Lundgren
- ru: Лундгрен, Керстин – https://ru.wikipedia.org/wiki/%D0%9B%D1%83%D0%BD%D0%B4%D0%B3%D1%80%D0%B5%D0%BD,_%D0%9A%D0%B5%D1%80%D1%81%D1%82%D0%B8%D0%BD
- uk: Керстін Лундгрен – https://uk.wikipedia.org/wiki/%D0%9A%D0%B5%D1%80%D1%81%D1%82%D1%96%D0%BD_%D0%9B%D1%83%D0%BD%D0%B4%D0%B3%D1%80%D0%B5%D0%BD
- zh: 呂謝婷 – https://zh.wikipedia.org/wiki/%E5%91%82%E8%AC%9D%E5%A9%B7

Det kräver att fotografen eller den som äger rättigheterna godkänner licensen. Fotografen anges vid användning, och bilden får återanvändas och bearbetas, även i kommersiella sammanhang.

Digg och PRV rekommenderar öppna licenser för offentlig information, som ett komplement till EU öppna data-direktiv från 2019 (https://eur-lex.europa.eu/legal-content/SV/TXT/?uri=CELEX%3A32019L1024). Riksdagens nuvarande bildvillkor anger däremot ingen sådan tydlig fri licens för ledamöternas porträtt trots begäran om det.

En bild från dig vore ett konkret steg framåt. Jag hjälper gärna till med uppladdningen och uppgifter om fotograf och licens.
Du får också gärna lyfta frågan inom riksdagen: varför inte publicera ledamöternas porträtt som ett samlat dataset med tydliga fria licenser?
Hjälp oss att komma vidare och göra våra folkvalda lättare att presentera på Wikipedia.

Vänliga hälsningar,
<ange ditt namn>",ja,ej_aktuell,,,finns,2026-10-08T18:55:43Z,Kerstin Lundgren,Stockholms län,True,"sv: https://sv.wikipedia.org/wiki/Kerstin_Lundgren; en: https://en.wikipedia.org/wiki/Kerstin_Lundgren; arz: https://arz.wikipedia.org/wiki/%D9%83%D9%8A%D8%B1%D8%B3%D8%AA%D9%8A%D9%86_%D9%84%D9%88%D9%86%D8%AF%D8%AC%D8%B1%D9%8A%D9%86; no: https://no.wikipedia.org/wiki/Kerstin_Lundgren; pl: https://pl.wikipedia.org/wiki/Kerstin_Lundgren; ru: https://ru.wikipedia.org/wiki/%D0%9B%D1%83%D0%BD%D0%B4%D0%B3%D1%80%D0%B5%D0%BD,_%D0%9A%D0%B5%D1%80%D1%81%D1%82%D0%B8%D0%BD; uk: https://uk.wikipedia.org/wiki/%D0%9A%D0%B5%D1%80%D1%81%D1%82%D1%96%D0%BD_%D0%9B%D1%83%D0%BD%D0%B4%D0%B3%D1%80%D0%B5%D0%BD; zh: https://zh.wikipedia.org/wiki/%E5%91%82%E8%AC%9D%E5%A9%B7",CC BY 2.0,Anna Simonsson / Centerpartiet,https://commons.wikimedia.org/wiki/File:Kerstin_Lundgren_2013-10-21_001.jpg
Magnus Haara,C,Skåne läns västra,Tjänstgörande riksdagsledamot,1972,97ebfc7e-1079-4fe4-88a1-94e472eff638,0775164379410,Q141507876,Saknar bild (P18),,,https://data.riksdagen.se/filarkiv/bilder/ledamot/97ebfc7e-1079-4fe4-88a1-94e472eff638_192.jpg,magnus.haara@riksdagen.se,Porträttbild till Wikipedia under fri licens,"Hej Magnus Haara,

Jag bidrar till Wikipedia och vill gärna att artikeln om dig ska kunna illustreras med en aktuell porträttbild. Skulle du kunna hjälpa oss genom att ladda upp en bild till Wikimedia Commons under en fri licens, exempelvis CC BY 4.0?

Här finns Wikipedia-artiklarna om dig:
- sv: Magnus Haara – https://sv.wikipedia.org/wiki/Magnus_Haara

Det kräver att fotografen eller den som äger rättigheterna godkänner licensen. Fotografen anges vid användning, och bilden får återanvändas och bearbetas, även i kommersiella sammanhang.

Digg och PRV rekommenderar öppna licenser för offentlig information, som ett komplement till EU öppna data-direktiv från 2019 (https://eur-lex.europa.eu/legal-content/SV/TXT/?uri=CELEX%3A32019L1024). Riksdagens nuvarande bildvillkor anger däremot ingen sådan tydlig fri licens för ledamöternas porträtt trots begäran om det.

En bild från dig vore ett konkret steg framåt. Jag hjälper gärna till med uppladdningen och uppgifter om fotograf och licens.
Du får också gärna lyfta frågan inom riksdagen: varför inte publicera ledamöternas porträtt som ett samlat dataset med tydliga fria licenser?
Hjälp oss att komma vidare och göra våra folkvalda lättare att presentera på Wikipedia.

Vänliga hälsningar,
<ange ditt namn>",ja,finns,2026-10-08T18:55:41Z,Magnus Haara,finns,2026-10-08T18:55:43Z,Magnus Haara,Skåne län,False,sv: https://sv.wikipedia.org/wiki/Magnus_Haara,,,
Martin Ådahl,C,Stockholms kommun,Tjänstgörande riksdagsledamot,1969,1e70f7df-dd11-410b-941a-bcac14e919a8,0494843794418,Q6254715,Har bild (P18),http://commons.wikimedia.org/wiki/Special:FilePath/Martin%20%C3%85dahl%202018%20001.jpg,,https://data.riksdagen.se/filarkiv/bilder/ledamot/1e70f7df-dd11-410b-941a-bcac14e919a8_192.jpg,martin.adahl@riksdagen.se,Porträttbild till Wikipedia under fri licens,"Hej Martin Ådahl,

Jag bidrar till Wikipedia och vill gärna att artikeln om dig ska kunna illustreras med en aktuell porträttbild. Skulle du kunna hjälpa oss genom att ladda upp en bild till Wikimedia Commons under en fri licens, exempelvis CC BY 4.0?

Här finns Wikipedia-artiklarna om dig:
- sv: Martin Ådahl – https://sv.wikipedia.org/wiki/Martin_%C3%85dahl
- en: Martin Ådahl – https://en.wikipedia.org/wiki/Martin_%C3%85dahl
- fr: Martin Ådahl – https://fr.wikipedia.org/wiki/Martin_%C3%85dahl

Det kräver att fotografen eller den som äger rättigheterna godkänner licensen. Fotografen anges vid användning, och bilden får återanvändas och bearbetas, även i kommersiella sammanhang.

Digg och PRV rekommenderar öppna licenser för offentlig information, som ett komplement till EU öppna data-direktiv från 2019 (https://eur-lex.europa.eu/legal-content/SV/TXT/?uri=CELEX%3A32019L1024). Riksdagens nuvarande bildvillkor anger däremot ingen sådan tydlig fri licens för ledamöternas porträtt trots begäran om det.

En bild från dig vore ett konkret steg framåt. Jag hjälper gärna till med uppladdningen och uppgifter om fotograf och licens.
Du får också gärna lyfta frågan inom riksdagen: varför inte publicera ledamöternas porträtt som ett samlat dataset med tydliga fria licenser?
Hjälp oss att komma vidare och göra våra folkvalda lättare att presentera på Wikipedia.

Vänliga hälsningar,
<ange ditt namn>",ja,ej_aktuell,,,finns,2026-10-08T18:55:43Z,Martin Ådahl,Stockholms län,True,sv: https://sv.wikipedia.org/wiki/Martin_%C3%85dahl; en: https://en.wikipedia.org/wiki/Martin_%C3%85dahl; fr: https://fr.wikipedia.org/wiki/Martin_%C3%85dahl,CC BY 2.0,Centerpartiet (official),https://commons.wikimedia.org/wiki/File:Martin_%C3%85dahl_2018_001.jpg
Martina Johansson,C,Södermanlands län,Tjänstgörande riksdagsledamot,1975,5f965f4e-69e5-489d-99bf-a8908fc3e34a,033935884729,Q71132178,Har bild (P18),http://commons.wikimedia.org/wiki/Special:FilePath/L1180169%20%2848913822837%29.jpg,,https://data.riksdagen.se/filarkiv/bilder/ledamot/5f965f4e-69e5-489d-99bf-a8908fc3e34a_192.jpg,martina.johansson@riksdagen.se,Porträttbild till Wikipedia under fri licens,"Hej Martina Johansson,

Jag bidrar till Wikipedia och vill gärna att artikeln om dig ska kunna illustreras med en aktuell porträttbild. Skulle du kunna hjälpa oss genom att ladda upp en bild till Wikimedia Commons under en fri licens, exempelvis CC BY 4.0?

Här finns Wikipedia-artiklarna om dig:
- sv: Martina Johansson (politiker) – https://sv.wikipedia.org/wiki/Martina_Johansson_(politiker)
- en: Martina Johansson – https://en.wikipedia.org/wiki/Martina_Johansson

Det kräver att fotografen eller den som äger rättigheterna godkänner licensen. Fotografen anges vid användning, och bilden får återanvändas och bearbetas, även i kommersiella sammanhang.

Digg och PRV rekommenderar öppna licenser för offentlig information, som ett komplement till EU öppna data-direktiv från 2019 (https://eur-lex.europa.eu/legal-content/SV/TXT/?uri=CELEX%3A32019L1024). Riksdagens nuvarande bildvillkor anger däremot ingen sådan tydlig fri licens för ledamöternas porträtt trots begäran om det.

En bild från dig vore ett konkret steg framåt. Jag hjälper gärna till med uppladdningen och uppgifter om fotograf och licens.
Du får också gärna lyfta frågan inom riksdagen: varför inte publicera ledamöternas porträtt som ett samlat dataset med tydliga fria licenser?
Hjälp oss att komma vidare och göra våra folkvalda lättare att presentera på Wikipedia.

Vänliga hälsningar,
<ange ditt namn>",ja,ej_aktuell,,,finns,2026-10-08T18:55:43Z,Martina Johansson (politiker),Södermanlands län,True,sv: https://sv.wikipedia.org/wiki/Martina_Johansson_(politiker); en: https://en.wikipedia.org/wiki/Martina_Johansson,CC BY 2.0,Centerpartiet (official),https://commons.wikimedia.org/wiki/File:L1180169_(48913822837).jpg
Muharrem Demirok,C,Östergötlands län,Tjänstgörande riksdagsledamot,1976,8f411454-d7ac-46dd-b505-ad4de24ad18b,0251136832626,Q5620151,Har bild (P18),http://commons.wikimedia.org/wiki/Special:FilePath/Almedalen%20Muharrem%20Demirok%20%28cropped%29.jpg,,https://data.riksdagen.se/filarkiv/bilder/ledamot/8f411454-d7ac-46dd-b505-ad4de24ad18b_192.jpg,muharrem.demirok@riksdagen.se,Porträttbild till Wikipedia under fri licens,"Hej Muharrem Demirok,

Jag bidrar till Wikipedia och vill gärna att artikeln om dig ska kunna illustreras med en aktuell porträttbild. Skulle du kunna hjälpa oss genom att ladda upp en bild till Wikimedia Commons under en fri licens, exempelvis CC BY 4.0?

Här finns Wikipedia-artiklarna om dig:
- sv: Muharrem Demirok – https://sv.wikipedia.org/wiki/Muharrem_Demirok
- en: Muharrem Demirok – https://en.wikipedia.org/wiki/Muharrem_Demirok
- fi: Muharrem Demirok – https://fi.wikipedia.org/wiki/Muharrem_Demirok
- pl: Muharrem Demirok – https://pl.wikipedia.org/wiki/Muharrem_Demirok
- tr: Muharrem Demirok – https://tr.wikipedia.org/wiki/Muharrem_Demirok

Det kräver att fotografen eller den som äger rättigheterna godkänner licensen. Fotografen anges vid användning, och bilden får återanvändas och bearbetas, även i kommersiella sammanhang.

Digg och PRV rekommenderar öppna licenser för offentlig information, som ett komplement till EU öppna data-direktiv från 2019 (https://eur-lex.europa.eu/legal-content/SV/TXT/?uri=CELEX%3A32019L1024). Riksdagens nuvarande bildvillkor anger däremot ingen sådan tydlig fri licens för ledamöternas porträtt trots begäran om det.

En bild från dig vore ett konkret steg framåt. Jag hjälper gärna till med uppladdningen och uppgifter om fotograf och licens.
Du får också gärna lyfta frågan inom riksdagen: varför inte publicera ledamöternas porträtt som ett samlat dataset med tydliga fria licenser?
Hjälp oss att komma vidare och göra våra folkvalda lättare att presentera på Wikipedia.

Vänliga hälsningar,
<ange ditt namn>",ja,ej_aktuell,,,finns,2026-10-08T18:55:44Z,Muharrem Demirok,Östergötlands län,True,sv: https://sv.wikipedia.org/wiki/Muharrem_Demirok; en: https://en.wikipedia.org/wiki/Muharrem_Demirok; fi: https://fi.wikipedia.org/wiki/Muharrem_Demirok; pl: https://pl.wikipedia.org/wiki/Muharrem_Demirok; tr: https://tr.wikipedia.org/wiki/Muharrem_Demirok,CC BY 2.0,News Oresund,https://commons.wikimedia.org/wiki/File:Almedalen_Muharrem_Demirok_(cropped).jpg
Niels Paarup-Petersen,C,Malmö kommun,Tjänstgörande riksdagsledamot,1978,1512b21b-9312-41bc-80ed-f4f0e58f1de4,0587736055221,Q63344500,Har bild (P18),http://commons.wikimedia.org/wiki/Special:FilePath/Niels%20Paarup-Petersen%20Odense%2020160312%200061%20%2825808836841%29.jpg,,https://data.riksdagen.se/filarkiv/bilder/ledamot/1512b21b-9312-41bc-80ed-f4f0e58f1de4_192.jpg,niels.paarup-petersen@riksdagen.se,Porträttbild till Wikipedia under fri licens,"Hej Niels Paarup-Petersen,

Jag bidrar till Wikipedia och vill gärna att artikeln om dig ska kunna illustreras med en aktuell porträttbild. Skulle du kunna hjälpa oss genom att ladda upp en bild till Wikimedia Commons under en fri licens, exempelvis CC BY 4.0?

Här finns Wikipedia-artiklarna om dig:
- sv: Niels Paarup-Petersen – https://sv.wikipedia.org/wiki/Niels_Paarup-Petersen
- en: Niels Paarup-Petersen – https://en.wikipedia.org/wiki/Niels_Paarup-Petersen
- da: Niels Paarup-Petersen – https://da.wikipedia.org/wiki/Niels_Paarup-Petersen
- no: Niels Paarup-Petersen – https://no.wikipedia.org/wiki/Niels_Paarup-Petersen

Det kräver att fotografen eller den som äger rättigheterna godkänner licensen. Fotografen anges vid användning, och bilden får återanvändas och bearbetas, även i kommersiella sammanhang.

Digg och PRV rekommenderar öppna licenser för offentlig information, som ett komplement till EU öppna data-direktiv från 2019 (https://eur-lex.europa.eu/legal-content/SV/TXT/?uri=CELEX%3A32019L1024). Riksdagens nuvarande bildvillkor anger däremot ingen sådan tydlig fri licens för ledamöternas porträtt trots begäran om det.

En bild från dig vore ett konkret steg framåt. Jag hjälper gärna till med uppladdningen och uppgifter om fotograf och licens.
Du får också gärna lyfta frågan inom riksdagen: varför inte publicera ledamöternas porträtt som ett samlat dataset med tydliga fria licenser?
Hjälp oss att komma vidare och göra våra folkvalda lättare att presentera på Wikipedia.

Vänliga hälsningar,
<ange ditt namn>",ja,ej_aktuell,,,finns,2026-10-08T18:55:44Z,Niels Paarup-Petersen,Skåne län,True,sv: https://sv.wikipedia.org/wiki/Niels_Paarup-Petersen; en: https://en.wikipedia.org/wiki/Niels_Paarup-Petersen; da: https://da.wikipedia.org/wiki/Niels_Paarup-Petersen; no: https://no.wikipedia.org/wiki/Niels_Paarup-Petersen,CC BY 2.0,Johan Wessman / News Oresund,https://commons.wikimedia.org/wiki/File:Niels_Paarup-Petersen_Odense_20160312_0061_(25808836841).jpg
Rasmus Elfström,C,Stockholms län,Tjänstgörande riksdagsledamot,1997,dafcbb29-8d2d-44cd-a3c8-eca656d46955,0877144786628,Q133884418,Har bild (P18),http://commons.wikimedia.org/wiki/Special:FilePath/Rasmus-Elfstr%C3%B6m.jpg,,https://data.riksdagen.se/filarkiv/bilder/ledamot/dafcbb29-8d2d-44cd-a3c8-eca656d46955_192.jpg,rasmus.elfstrom@riksdagen.se,Porträttbild till Wikipedia under fri licens,"Hej Rasmus Elfström,

Jag bidrar till Wikipedia och vill gärna att artikeln om dig ska kunna illustreras med en aktuell porträttbild. Skulle du kunna hjälpa oss genom att ladda upp en bild till Wikimedia Commons under en fri licens, exempelvis CC BY 4.0?

Här finns Wikipedia-artiklarna om dig:
- sv: Rasmus Elfström – https://sv.wikipedia.org/wiki/Rasmus_Elfstr%C3%B6m
- en: Rasmus Elfström – https://en.wikipedia.org/wiki/Rasmus_Elfstr%C3%B6m

Det kräver att fotografen eller den som äger rättigheterna godkänner licensen. Fotografen anges vid användning, och bilden får återanvändas och bearbetas, även i kommersiella sammanhang.

Digg och PRV rekommenderar öppna licenser för offentlig information, som ett komplement till EU öppna data-direktiv från 2019 (https://eur-lex.europa.eu/legal-content/SV/TXT/?uri=CELEX%3A32019L1024). Riksdagens nuvarande bildvillkor anger däremot ingen sådan tydlig fri licens för ledamöternas porträtt trots begäran om det.

En bild från dig vore ett konkret steg framåt. Jag hjälper gärna till med uppladdningen och uppgifter om fotograf och licens.
Du får också gärna lyfta frågan inom riksdagen: varför inte publicera ledamöternas porträtt som ett samlat dataset med tydliga fria licenser?
Hjälp oss att komma vidare och göra våra folkvalda lättare att presentera på Wikipedia.

Vänliga hälsningar,
<ange ditt namn>",ja,ej_aktuell,,,finns,2026-10-08T18:55:44Z,Rasmus Elfström,Stockholms län,True,sv: https://sv.wikipedia.org/wiki/Rasmus_Elfstr%C3%B6m; en: https://en.wikipedia.org/wiki/Rasmus_Elfstr%C3%B6m,CC BY-SA 4.0,Gammalgumma,https://commons.wikimedia.org/wiki/File:Rasmus-Elfstr%C3%B6m.jpg
Rickard Nordin,C,Göteborgs kommun,Tjänstgörande riksdagsledamot,1983,a57d39bb-9f60-4def-ab90-97791ec56447,0132818093422,Q6015398,Har bild (P18),http://commons.wikimedia.org/wiki/Special:FilePath/Rickard%20Nordin.jpg,,https://data.riksdagen.se/filarkiv/bilder/ledamot/a57d39bb-9f60-4def-ab90-97791ec56447_192.jpg,rickard.nordin@riksdagen.se,Porträttbild till Wikipedia under fri licens,"Hej Rickard Nordin,

Jag bidrar till Wikipedia och vill gärna att artikeln om dig ska kunna illustreras med en aktuell porträttbild. Skulle du kunna hjälpa oss genom att ladda upp en bild till Wikimedia Commons under en fri licens, exempelvis CC BY 4.0?

Här finns Wikipedia-artiklarna om dig:
- sv: Rickard Nordin – https://sv.wikipedia.org/wiki/Rickard_Nordin
- en: Rickard Nordin – https://en.wikipedia.org/wiki/Rickard_Nordin
- arz: ريكارد نوردين – https://arz.wikipedia.org/wiki/%D8%B1%D9%8A%D9%83%D8%A7%D8%B1%D8%AF_%D9%86%D9%88%D8%B1%D8%AF%D9%8A%D9%86

Det kräver att fotografen eller den som äger rättigheterna godkänner licensen. Fotografen anges vid användning, och bilden får återanvändas och bearbetas, även i kommersiella sammanhang.

Digg och PRV rekommenderar öppna licenser för offentlig information, som ett komplement till EU öppna data-direktiv från 2019 (https://eur-lex.europa.eu/legal-content/SV/TXT/?uri=CELEX%3A32019L1024). Riksdagens nuvarande bildvillkor anger däremot ingen sådan tydlig fri licens för ledamöternas porträtt trots begäran om det.

En bild från dig vore ett konkret steg framåt. Jag hjälper gärna till med uppladdningen och uppgifter om fotograf och licens.
Du får också gärna lyfta frågan inom riksdagen: varför inte publicera ledamöternas porträtt som ett samlat dataset med tydliga fria licenser?
Hjälp oss att komma vidare och göra våra folkvalda lättare att presentera på Wikipedia.

Vänliga hälsningar,
<ange ditt namn>",ja,ej_aktuell,,,finns,2026-10-08T18:55:44Z,Rickard Nordin,Västra Götalands län,True,sv: https://sv.wikipedia.org/wiki/Rickard_Nordin; en: https://en.wikipedia.org/wiki/Rickard_Nordin; arz: https://arz.wikipedia.org/wiki/%D8%B1%D9%8A%D9%83%D8%A7%D8%B1%D8%AF_%D9%86%D9%88%D8%B1%D8%AF%D9%8A%D9%86,CC BY-SA 3.0,Esquilo,https://commons.wikimedia.org/wiki/File:Rickard_Nordin.jpg
Stina Larsson,C,Skåne läns södra,Tjänstgörande riksdagsledamot,1977,7b077f5d-490e-4aab-84a0-7ecd607fe309,0847676507229,Q96678492,Saknar bild (P18),,,https://data.riksdagen.se/filarkiv/bilder/ledamot/7b077f5d-490e-4aab-84a0-7ecd607fe309_192.jpg,stina.larsson@riksdagen.se,Porträttbild till Wikipedia under fri licens,"Hej Stina Larsson,

Jag bidrar till Wikipedia och vill gärna att artikeln om dig ska kunna illustreras med en aktuell porträttbild. Skulle du kunna hjälpa oss genom att ladda upp en bild till Wikimedia Commons under en fri licens, exempelvis CC BY 4.0?

Här finns Wikipedia-artiklarna om dig:
- sv: Stina Larsson – https://sv.wikipedia.org/wiki/Stina_Larsson
- en: Stina Larsson – https://en.wikipedia.org/wiki/Stina_Larsson

Det kräver att fotografen eller den som äger rättigheterna godkänner licensen. Fotografen anges vid användning, och bilden får återanvändas och bearbetas, även i kommersiella sammanhang.

Digg och PRV rekommenderar öppna licenser för offentlig information, som ett komplement till EU öppna data-direktiv från 2019 (https://eur-lex.europa.eu/legal-content/SV/TXT/?uri=CELEX%3A32019L1024). Riksdagens nuvarande bildvillkor anger däremot ingen sådan tydlig fri licens för ledamöternas porträtt trots begäran om det.

En bild från dig vore ett konkret steg framåt. Jag hjälper gärna till med uppladdningen och uppgifter om fotograf och licens.
Du får också gärna lyfta frågan inom riksdagen: varför inte publicera ledamöternas porträtt som ett samlat dataset med tydliga fria licenser?
Hjälp oss att komma vidare och göra våra folkvalda lättare att presentera på Wikipedia.

Vänliga hälsningar,
<ange ditt namn>",ja,finns,2026-10-08T18:55:42Z,Stina Larsson,finns,2026-10-08T18:55:44Z,Stina Larsson,Skåne län,False,sv: https://sv.wikipedia.org/wiki/Stina_Larsson; en: https://en.wikipedia.org/wiki/Stina_Larsson,,,
Ulrika Heie,C,Västra Götalands läns östra,Tjänstgörande riksdagsledamot,1965,8c343e73-ddab-428a-87aa-0ab8e2879ce4,0836001490919,Q4987958,Har bild (P18),http://commons.wikimedia.org/wiki/Special:FilePath/Ulrika%20Carlsson%2002.jpg,,https://data.riksdagen.se/filarkiv/bilder/ledamot/8c343e73-ddab-428a-87aa-0ab8e2879ce4_192.jpg,ulrika.heie@riksdagen.se,Porträttbild till Wikipedia under fri licens,"Hej Ulrika Heie,

Jag bidrar till Wikipedia och vill gärna att artikeln om dig ska kunna illustreras med en aktuell porträttbild. Skulle du kunna hjälpa oss genom att ladda upp en bild till Wikimedia Commons under en fri licens, exempelvis CC BY 4.0?

Här finns Wikipedia-artiklarna om dig:
- sv: Ulrika Heie – https://sv.wikipedia.org/wiki/Ulrika_Heie
- en: Ulrika Heie – https://en.wikipedia.org/wiki/Ulrika_Heie
- arz: الريكا هى – https://arz.wikipedia.org/wiki/%D8%A7%D9%84%D8%B1%D9%8A%D9%83%D8%A7_%D9%87%D9%89
- tr: Ulrika Heie – https://tr.wikipedia.org/wiki/Ulrika_Heie

Det kräver att fotografen eller den som äger rättigheterna godkänner licensen. Fotografen anges vid användning, och bilden får återanvändas och bearbetas, även i kommersiella sammanhang.

Digg och PRV rekommenderar öppna licenser för offentlig information, som ett komplement till EU öppna data-direktiv från 2019 (https://eur-lex.europa.eu/legal-content/SV/TXT/?uri=CELEX%3A32019L1024). Riksdagens nuvarande bildvillkor anger däremot ingen sådan tydlig fri licens för ledamöternas porträtt trots begäran om det.

En bild från dig vore ett konkret steg framåt. Jag hjälper gärna till med uppladdningen och uppgifter om fotograf och licens.
Du får också gärna lyfta frågan inom riksdagen: varför inte publicera ledamöternas porträtt som ett samlat dataset med tydliga fria licenser?
Hjälp oss att komma vidare och göra våra folkvalda lättare att presentera på Wikipedia.

Vänliga hälsningar,
<ange ditt namn>",ja,ej_aktuell,,,finns,2026-10-08T18:55:44Z,Ulrika Heie,Västra Götalands län,True,sv: https://sv.wikipedia.org/wiki/Ulrika_Heie; en: https://en.wikipedia.org/wiki/Ulrika_Heie; arz: https://arz.wikipedia.org/wiki/%D8%A7%D9%84%D8%B1%D9%8A%D9%83%D8%A7_%D9%87%D9%89; tr: https://tr.wikipedia.org/wiki/Ulrika_Heie,CC BY 3.0,Okänd Unknown author,https://commons.wikimedia.org/wiki/File:Ulrika_Carlsson_02.jpg
Ulrika Liljeberg,C,Dalarnas län,Tjänstgörande riksdagsledamot,1969,c9f2dae4-4f93-4363-98c6-c20adf4ba794,0440673458216,Q29040655,Saknar bild (P18),,,https://data.riksdagen.se/filarkiv/bilder/ledamot/c9f2dae4-4f93-4363-98c6-c20adf4ba794_192.jpg,ulrika.liljeberg@riksdagen.se,Porträttbild till Wikipedia under fri licens,"Hej Ulrika Liljeberg,

Jag bidrar till Wikipedia och vill gärna att artikeln om dig ska kunna illustreras med en aktuell porträttbild. Skulle du kunna hjälpa oss genom att ladda upp en bild till Wikimedia Commons under en fri licens, exempelvis CC BY 4.0?

Här finns Wikipedia-artiklarna om dig:
- sv: Ulrika Liljeberg – https://sv.wikipedia.org/wiki/Ulrika_Liljeberg
- en: Ulrika Liljeberg – https://en.wikipedia.org/wiki/Ulrika_Liljeberg

Det kräver att fotografen eller den som äger rättigheterna godkänner licensen. Fotografen anges vid användning, och bilden får återanvändas och bearbetas, även i kommersiella sammanhang.

Digg och PRV rekommenderar öppna licenser för offentlig information, som ett komplement till EU öppna data-direktiv från 2019 (https://eur-lex.europa.eu/legal-content/SV/TXT/?uri=CELEX%3A32019L1024). Riksdagens nuvarande bildvillkor anger däremot ingen sådan tydlig fri licens för ledamöternas porträtt trots begäran om det.

En bild från dig vore ett konkret steg framåt. Jag hjälper gärna till med uppladdningen och uppgifter om fotograf och licens.
Du får också gärna lyfta frågan inom riksdagen: varför inte publicera ledamöternas porträtt som ett samlat dataset med tydliga fria licenser?
Hjälp oss att komma vidare och göra våra folkvalda lättare att presentera på Wikipedia.

Vänliga hälsningar,
<ange ditt namn>",ja,finns,2026-10-08T18:55:42Z,Ulrika Liljeberg,finns,2026-10-08T18:55:44Z,Ulrika Liljeberg,Dalarnas län,False,sv: https://sv.wikipedia.org/wiki/Ulrika_Liljeberg; en: https://en.wikipedia.org/wiki/Ulrika_Liljeberg,,,
Camilla Brodin,KD,Stockholms kommun,Tjänstgörande riksdagsledamot,1979,86c365a5-452c-4bca-8871-45bf67a44645,0378597308227,Q63870850,Har bild (P18),http://commons.wikimedia.org/wiki/Special:FilePath/Camilla%20Brodin%2C%20Kristdemokraterna.jpg,,https://data.riksdagen.se/filarkiv/bilder/ledamot/86c365a5-452c-4bca-8871-45bf67a44645_192.jpg,camilla.brodin@riksdagen.se,Porträttbild till Wikipedia under fri licens,"Hej Camilla Brodin,

Jag bidrar till Wikipedia och vill gärna att artikeln om dig ska kunna illustreras med en aktuell porträttbild. Skulle du kunna hjälpa oss genom att ladda upp en bild till Wikimedia Commons under en fri licens, exempelvis CC BY 4.0?

Här finns Wikipedia-artiklarna om dig:
- sv: Camilla Brodin – https://sv.wikipedia.org/wiki/Camilla_Brodin
- en: Camilla Brodin – https://en.wikipedia.org/wiki/Camilla_Brodin

Det kräver att fotografen eller den som äger rättigheterna godkänner licensen. Fotografen anges vid användning, och bilden får återanvändas och bearbetas, även i kommersiella sammanhang.

Digg och PRV rekommenderar öppna licenser för offentlig information, som ett komplement till EU öppna data-direktiv från 2019 (https://eur-lex.europa.eu/legal-content/SV/TXT/?uri=CELEX%3A32019L1024). Riksdagens nuvarande bildvillkor anger däremot ingen sådan tydlig fri licens för ledamöternas porträtt trots begäran om det.

En bild från dig vore ett konkret steg framåt. Jag hjälper gärna till med uppladdningen och uppgifter om fotograf och licens.
Du får också gärna lyfta frågan inom riksdagen: varför inte publicera ledamöternas porträtt som ett samlat dataset med tydliga fria licenser?
Hjälp oss att komma vidare och göra våra folkvalda lättare att presentera på Wikipedia.

Vänliga hälsningar,
<ange ditt namn>",ja,ej_aktuell,,,finns,2026-10-08T18:55:43Z,Camilla Brodin,Stockholms län,True,sv: https://sv.wikipedia.org/wiki/Camilla_Brodin; en: https://en.wikipedia.org/wiki/Camilla_Brodin,CC BY-SA 4.0,Tom Samuelsson,"https://commons.wikimedia.org/wiki/File:Camilla_Brodin,_Kristdemokraterna.jpg"
Camilla Rinaldo Miller,KD,Jönköpings län,Tjänstgörande riksdagsledamot,1969,f35d1113-d26c-4e3f-aec4-b175d31d384f,0302393368216,Q114772526,Saknar bild (P18),,,https://data.riksdagen.se/filarkiv/bilder/ledamot/f35d1113-d26c-4e3f-aec4-b175d31d384f_192.jpg,camilla.rinaldo.miller@riksdagen.se,Porträttbild till Wikipedia under fri licens,"Hej Camilla Rinaldo Miller,

Jag bidrar till Wikipedia och vill gärna att artikeln om dig ska kunna illustreras med en aktuell porträttbild. Skulle du kunna hjälpa oss genom att ladda upp en bild till Wikimedia Commons under en fri licens, exempelvis CC BY 4.0?

Här finns Wikipedia-artiklarna om dig:
- sv: Camilla Rinaldo Miller – https://sv.wikipedia.org/wiki/Camilla_Rinaldo_Miller
- en: Camilla Rinaldo Miller – https://en.wikipedia.org/wiki/Camilla_Rinaldo_Miller

Det kräver att fotografen eller den som äger rättigheterna godkänner licensen. Fotografen anges vid användning, och bilden får återanvändas och bearbetas, även i kommersiella sammanhang.

Digg och PRV rekommenderar öppna licenser för offentlig information, som ett komplement till EU öppna data-direktiv från 2019 (https://eur-lex.europa.eu/legal-content/SV/TXT/?uri=CELEX%3A32019L1024). Riksdagens nuvarande bildvillkor anger däremot ingen sådan tydlig fri licens för ledamöternas porträtt trots begäran om det.

En bild från dig vore ett konkret steg framåt. Jag hjälper gärna till med uppladdningen och uppgifter om fotograf och licens.
Du får också gärna lyfta frågan inom riksdagen: varför inte publicera ledamöternas porträtt som ett samlat dataset med tydliga fria licenser?
Hjälp oss att komma vidare och göra våra folkvalda lättare att presentera på Wikipedia.

Vänliga hälsningar,
<ange ditt namn>",ja,finns,2026-10-08T18:55:41Z,Camilla Rinaldo Miller,finns,2026-10-08T18:55:43Z,Camilla Rinaldo Miller,Jönköpings län,False,sv: https://sv.wikipedia.org/wiki/Camilla_Rinaldo_Miller; en: https://en.wikipedia.org/wiki/Camilla_Rinaldo_Miller,,,
Carl Wiktor Svensson,KD,Kalmar län,Tjänstgörande riksdagsledamot,1990,d3541f13-a01f-4761-aac3-850990c44a73,0407051482520,Q123397557,Saknar bild (P18),,,https://data.riksdagen.se/filarkiv/bilder/ledamot/d3541f13-a01f-4761-aac3-850990c44a73_192.jpg,carl-wiktor.svensson@riksdagen.se,Porträttbild till Wikipedia under fri licens,"Hej Carl Wiktor Svensson,

Jag bidrar till Wikipedia och vill gärna att artikeln om dig ska kunna illustreras med en aktuell porträttbild. Skulle du kunna hjälpa oss genom att ladda upp en bild till Wikimedia Commons under en fri licens, exempelvis CC BY 4.0?

Här finns Wikipedia-artiklarna om dig:
- sv: Carl-Wiktor Svensson – https://sv.wikipedia.org/wiki/Carl-Wiktor_Svensson
- en: Carl-Wiktor Svensson – https://en.wikipedia.org/wiki/Carl-Wiktor_Svensson

Det kräver att fotografen eller den som äger rättigheterna godkänner licensen. Fotografen anges vid användning, och bilden får återanvändas och bearbetas, även i kommersiella sammanhang.

Digg och PRV rekommenderar öppna licenser för offentlig information, som ett komplement till EU öppna data-direktiv från 2019 (https://eur-lex.europa.eu/legal-content/SV/TXT/?uri=CELEX%3A32019L1024). Riksdagens nuvarande bildvillkor anger däremot ingen sådan tydlig fri licens för ledamöternas porträtt trots begäran om det.

En bild från dig vore ett konkret steg framåt. Jag hjälper gärna till med uppladdningen och uppgifter om fotograf och licens.
Du får också gärna lyfta frågan inom riksdagen: varför inte publicera ledamöternas porträtt som ett samlat dataset med tydliga fria licenser?
Hjälp oss att komma vidare och göra våra folkvalda lättare att presentera på Wikipedia.

Vänliga hälsningar,
<ange ditt namn>",ja,finns,2026-10-08T18:55:41Z,Carl-Wiktor Svensson,finns,2026-10-08T18:55:43Z,Carl-Wiktor Svensson,Kalmar län,False,sv: https://sv.wikipedia.org/wiki/Carl-Wiktor_Svensson; en: https://en.wikipedia.org/wiki/Carl-Wiktor_Svensson,,,
Cecilia Engström,KD,Skåne läns södra,Tjänstgörande riksdagsledamot,1972,6225d351-aa7a-4a12-94a0-084b7077a7af,0256404677510,Q4946795,Saknar bild (P18),,,https://data.riksdagen.se/filarkiv/bilder/ledamot/6225d351-aa7a-4a12-94a0-084b7077a7af_192.jpg,cecilia.engstrom@riksdagen.se,Porträttbild till Wikipedia under fri licens,"Hej Cecilia Engström,

Jag bidrar till Wikipedia och vill gärna att artikeln om dig ska kunna illustreras med en aktuell porträttbild. Skulle du kunna hjälpa oss genom att ladda upp en bild till Wikimedia Commons under en fri licens, exempelvis CC BY 4.0?

Här finns Wikipedia-artiklarna om dig:
- sv: Cecilia Engström (kristdemokrat) – https://sv.wikipedia.org/wiki/Cecilia_Engstr%C3%B6m_(kristdemokrat)
- en: Cecilia Engström – https://en.wikipedia.org/wiki/Cecilia_Engstr%C3%B6m

Det kräver att fotografen eller den som äger rättigheterna godkänner licensen. Fotografen anges vid användning, och bilden får återanvändas och bearbetas, även i kommersiella sammanhang.

Digg och PRV rekommenderar öppna licenser för offentlig information, som ett komplement till EU öppna data-direktiv från 2019 (https://eur-lex.europa.eu/legal-content/SV/TXT/?uri=CELEX%3A32019L1024). Riksdagens nuvarande bildvillkor anger däremot ingen sådan tydlig fri licens för ledamöternas porträtt trots begäran om det.

En bild från dig vore ett konkret steg framåt. Jag hjälper gärna till med uppladdningen och uppgifter om fotograf och licens.
Du får också gärna lyfta frågan inom riksdagen: varför inte publicera ledamöternas porträtt som ett samlat dataset med tydliga fria licenser?
Hjälp oss att komma vidare och göra våra folkvalda lättare att presentera på Wikipedia.

Vänliga hälsningar,
<ange ditt namn>",ja,finns,2026-10-08T18:55:41Z,Cecilia Engström (kristdemokrat),finns,2026-10-08T18:55:43Z,Cecilia Engström (kristdemokrat),Skåne län,False,sv: https://sv.wikipedia.org/wiki/Cecilia_Engstr%C3%B6m_(kristdemokrat); en: https://en.wikipedia.org/wiki/Cecilia_Engstr%C3%B6m,,,
Christian Carlsson,KD,Stockholms län,Tjänstgörande riksdagsledamot,1987,2774ffff-fec1-459c-b172-974af448f147,0389220391128,Q27750419,Saknar bild (P18),,,https://data.riksdagen.se/filarkiv/bilder/ledamot/2774ffff-fec1-459c-b172-974af448f147_192.jpg,christian.carlsson@riksdagen.se,Porträttbild till Wikipedia under fri licens,"Hej Christian Carlsson,

Jag bidrar till Wikipedia och vill gärna att artikeln om dig ska kunna illustreras med en aktuell porträttbild. Skulle du kunna hjälpa oss genom att ladda upp en bild till Wikimedia Commons under en fri licens, exempelvis CC BY 4.0?

Här finns Wikipedia-artiklarna om dig:
- sv: Christian Carlsson – https://sv.wikipedia.org/wiki/Christian_Carlsson
- en: Christian Carlsson (politician) – https://en.wikipedia.org/wiki/Christian_Carlsson_(politician)

Det kräver att fotografen eller den som äger rättigheterna godkänner licensen. Fotografen anges vid användning, och bilden får återanvändas och bearbetas, även i kommersiella sammanhang.

Digg och PRV rekommenderar öppna licenser för offentlig information, som ett komplement till EU öppna data-direktiv från 2019 (https://eur-lex.europa.eu/legal-content/SV/TXT/?uri=CELEX%3A32019L1024). Riksdagens nuvarande bildvillkor anger däremot ingen sådan tydlig fri licens för ledamöternas porträtt trots begäran om det.

En bild från dig vore ett konkret steg framåt. Jag hjälper gärna till med uppladdningen och uppgifter om fotograf och licens.
Du får också gärna lyfta frågan inom riksdagen: varför inte publicera ledamöternas porträtt som ett samlat dataset med tydliga fria licenser?
Hjälp oss att komma vidare och göra våra folkvalda lättare att presentera på Wikipedia.

Vänliga hälsningar,
<ange ditt namn>",ja,finns,2026-10-08T18:55:41Z,Christian Carlsson,finns,2026-10-08T18:55:43Z,Christian Carlsson,Stockholms län,False,sv: https://sv.wikipedia.org/wiki/Christian_Carlsson; en: https://en.wikipedia.org/wiki/Christian_Carlsson_(politician),,,
Dan Hovskär,KD,Västra Götalands läns östra,Tjänstgörande riksdagsledamot,1970,7673ff22-b111-483a-99cc-ca77f8cdda38,0635943298419,Q114772325,Saknar bild (P18),,,https://data.riksdagen.se/filarkiv/bilder/ledamot/7673ff22-b111-483a-99cc-ca77f8cdda38_192.jpg,dan.hovskar@riksdagen.se,Porträttbild till Wikipedia under fri licens,"Hej Dan Hovskär,

Jag bidrar till Wikipedia och vill gärna att artikeln om dig ska kunna illustreras med en aktuell porträttbild. Skulle du kunna hjälpa oss genom att ladda upp en bild till Wikimedia Commons under en fri licens, exempelvis CC BY 4.0?

Här finns Wikipedia-artiklarna om dig:
- sv: Dan Hovskär – https://sv.wikipedia.org/wiki/Dan_Hovsk%C3%A4r
- en: Dan Hovskär – https://en.wikipedia.org/wiki/Dan_Hovsk%C3%A4r

Det kräver att fotografen eller den som äger rättigheterna godkänner licensen. Fotografen anges vid användning, och bilden får återanvändas och bearbetas, även i kommersiella sammanhang.

Digg och PRV rekommenderar öppna licenser för offentlig information, som ett komplement till EU öppna data-direktiv från 2019 (https://eur-lex.europa.eu/legal-content/SV/TXT/?uri=CELEX%3A32019L1024). Riksdagens nuvarande bildvillkor anger däremot ingen sådan tydlig fri licens för ledamöternas porträtt trots begäran om det.

En bild från dig vore ett konkret steg framåt. Jag hjälper gärna till med uppladdningen och uppgifter om fotograf och licens.
Du får också gärna lyfta frågan inom riksdagen: varför inte publicera ledamöternas porträtt som ett samlat dataset med tydliga fria licenser?
Hjälp oss att komma vidare och göra våra folkvalda lättare att presentera på Wikipedia.

Vänliga hälsningar,
<ange ditt namn>",ja,finns,2026-10-08T18:55:41Z,Dan Hovskär,finns,2026-10-08T18:55:43Z,Dan Hovskär,Västra Götalands län,False,sv: https://sv.wikipedia.org/wiki/Dan_Hovsk%C3%A4r; en: https://en.wikipedia.org/wiki/Dan_Hovsk%C3%A4r,,,
Hans Eklind,KD,Örebro län,Tjänstgörande statsrådsersättare,1966,f270f5c5-c28f-4267-8dff-0bead595f631,0494242537816,Q5629994,Har bild (P18),http://commons.wikimedia.org/wiki/Special:FilePath/Hans%20eklind.22g404.1322307%2004.jpg,,https://data.riksdagen.se/filarkiv/bilder/ledamot/f270f5c5-c28f-4267-8dff-0bead595f631_192.jpg,hans.eklind@riksdagen.se,Porträttbild till Wikipedia under fri licens,"Hej Hans Eklind,

Jag bidrar till Wikipedia och vill gärna att artikeln om dig ska kunna illustreras med en aktuell porträttbild. Skulle du kunna hjälpa oss genom att ladda upp en bild till Wikimedia Commons under en fri licens, exempelvis CC BY 4.0?

Här finns Wikipedia-artiklarna om dig:
- sv: Hans Eklind – https://sv.wikipedia.org/wiki/Hans_Eklind
- en: Hans Eklind – https://en.wikipedia.org/wiki/Hans_Eklind

Det kräver att fotografen eller den som äger rättigheterna godkänner licensen. Fotografen anges vid användning, och bilden får återanvändas och bearbetas, även i kommersiella sammanhang.

Digg och PRV rekommenderar öppna licenser för offentlig information, som ett komplement till EU öppna data-direktiv från 2019 (https://eur-lex.europa.eu/legal-content/SV/TXT/?uri=CELEX%3A32019L1024). Riksdagens nuvarande bildvillkor anger däremot ingen sådan tydlig fri licens för ledamöternas porträtt trots begäran om det.

En bild från dig vore ett konkret steg framåt. Jag hjälper gärna till med uppladdningen och uppgifter om fotograf och licens.
Du får också gärna lyfta frågan inom riksdagen: varför inte publicera ledamöternas porträtt som ett samlat dataset med tydliga fria licenser?
Hjälp oss att komma vidare och göra våra folkvalda lättare att presentera på Wikipedia.

Vänliga hälsningar,
<ange ditt namn>",ja,ej_aktuell,,,finns,2026-10-08T18:55:43Z,Hans Eklind,Örebro län,True,sv: https://sv.wikipedia.org/wiki/Hans_Eklind; en: https://en.wikipedia.org/wiki/Hans_Eklind,CC BY 3.0,Janwikifoto,https://commons.wikimedia.org/wiki/File:Hans_eklind.22g404.1322307_04.jpg
Ingemar Kihlström,KD,Västra Götalands läns södra,Tjänstgörande riksdagsledamot,1966,06f647f7-2937-4767-af38-04636afc040d,0828001951212,Q71340705,Har bild (P18),http://commons.wikimedia.org/wiki/Special:FilePath/Ingemar-Kihlstr%C3%B6m-240918-0409%20%282%29.jpg,,https://data.riksdagen.se/filarkiv/bilder/ledamot/06f647f7-2937-4767-af38-04636afc040d_192.jpg,ingemar.kihlstrom@riksdagen.se,Porträttbild till Wikipedia under fri licens,"Hej Ingemar Kihlström,

Jag bidrar till Wikipedia och vill gärna att artikeln om dig ska kunna illustreras med en aktuell porträttbild. Skulle du kunna hjälpa oss genom att ladda upp en bild till Wikimedia Commons under en fri licens, exempelvis CC BY 4.0?

Här finns Wikipedia-artiklarna om dig:
- sv: Ingemar Kihlström – https://sv.wikipedia.org/wiki/Ingemar_Kihlstr%C3%B6m
- en: Ingemar Kihlström – https://en.wikipedia.org/wiki/Ingemar_Kihlstr%C3%B6m

Det kräver att fotografen eller den som äger rättigheterna godkänner licensen. Fotografen anges vid användning, och bilden får återanvändas och bearbetas, även i kommersiella sammanhang.

Digg och PRV rekommenderar öppna licenser för offentlig information, som ett komplement till EU öppna data-direktiv från 2019 (https://eur-lex.europa.eu/legal-content/SV/TXT/?uri=CELEX%3A32019L1024). Riksdagens nuvarande bildvillkor anger däremot ingen sådan tydlig fri licens för ledamöternas porträtt trots begäran om det.

En bild från dig vore ett konkret steg framåt. Jag hjälper gärna till med uppladdningen och uppgifter om fotograf och licens.
Du får också gärna lyfta frågan inom riksdagen: varför inte publicera ledamöternas porträtt som ett samlat dataset med tydliga fria licenser?
Hjälp oss att komma vidare och göra våra folkvalda lättare att presentera på Wikipedia.

Vänliga hälsningar,
<ange ditt namn>",ja,ej_aktuell,,,finns,2026-10-08T18:55:43Z,Ingemar Kihlström,Västra Götalands län,True,sv: https://sv.wikipedia.org/wiki/Ingemar_Kihlstr%C3%B6m; en: https://en.wikipedia.org/wiki/Ingemar_Kihlstr%C3%B6m,CC BY-SA 4.0,Fridhem2,https://commons.wikimedia.org/wiki/File:Ingemar-Kihlstr%C3%B6m-240918-0409_(2).jpg
Johanna Holmdahl,KD,Göteborgs kommun,Tjänstgörande statsrådsersättare,1982,f1a85ded-7e97-4b1f-9b17-cb6ed6654d9d,0356608320529,Q141599916,Saknar bild (P18),,,https://data.riksdagen.se/filarkiv/bilder/ledamot/f1a85ded-7e97-4b1f-9b17-cb6ed6654d9d_192.jpg,johanna.holmdahl@riksdagen.se,Porträttbild till Wikipedia under fri licens,"Hej Johanna Holmdahl,

Jag bidrar till Wikipedia och vill gärna att artikeln om dig ska kunna illustreras med en aktuell porträttbild. Skulle du kunna hjälpa oss genom att ladda upp en bild till Wikimedia Commons under en fri licens, exempelvis CC BY 4.0?

Här finns Wikipedia-artiklarna om dig:
- sv: Johanna Holmdahl – https://sv.wikipedia.org/wiki/Johanna_Holmdahl
- en: Johanna Holmdahl – https://en.wikipedia.org/wiki/Johanna_Holmdahl

Det kräver att fotografen eller den som äger rättigheterna godkänner licensen. Fotografen anges vid användning, och bilden får återanvändas och bearbetas, även i kommersiella sammanhang.

Digg och PRV rekommenderar öppna licenser för offentlig information, som ett komplement till EU öppna data-direktiv från 2019 (https://eur-lex.europa.eu/legal-content/SV/TXT/?uri=CELEX%3A32019L1024). Riksdagens nuvarande bildvillkor anger däremot ingen sådan tydlig fri licens för ledamöternas porträtt trots begäran om det.

En bild från dig vore ett konkret steg framåt. Jag hjälper gärna till med uppladdningen och uppgifter om fotograf och licens.
Du får också gärna lyfta frågan inom riksdagen: varför inte publicera ledamöternas porträtt som ett samlat dataset med tydliga fria licenser?
Hjälp oss att komma vidare och göra våra folkvalda lättare att presentera på Wikipedia.

Vänliga hälsningar,
<ange ditt namn>",ja,finns,2026-10-08T18:55:41Z,Johanna Holmdahl,finns,2026-10-08T18:55:43Z,Johanna Holmdahl,Västra Götalands län,False,sv: https://sv.wikipedia.org/wiki/Johanna_Holmdahl; en: https://en.wikipedia.org/wiki/Johanna_Holmdahl,,,
Kjell-Arne Ottosson,KD,Värmlands län,Tjänstgörande riksdagsledamot,1975,708eae46-00f3-433c-ba07-7129def782fb,0509415296421,Q70639708,Har bild (P18),http://commons.wikimedia.org/wiki/Special:FilePath/Kjell-Arne%20Ottosson.jpg,,https://data.riksdagen.se/filarkiv/bilder/ledamot/708eae46-00f3-433c-ba07-7129def782fb_192.jpg,kjell-arne.ottosson@riksdagen.se,Porträttbild till Wikipedia under fri licens,"Hej Kjell-Arne Ottosson,

Jag bidrar till Wikipedia och vill gärna att artikeln om dig ska kunna illustreras med en aktuell porträttbild. Skulle du kunna hjälpa oss genom att ladda upp en bild till Wikimedia Commons under en fri licens, exempelvis CC BY 4.0?

Här finns Wikipedia-artiklarna om dig:
- sv: Kjell-Arne Ottosson – https://sv.wikipedia.org/wiki/Kjell-Arne_Ottosson
- en: Kjell-Arne Ottosson – https://en.wikipedia.org/wiki/Kjell-Arne_Ottosson

Det kräver att fotografen eller den som äger rättigheterna godkänner licensen. Fotografen anges vid användning, och bilden får återanvändas och bearbetas, även i kommersiella sammanhang.

Digg och PRV rekommenderar öppna licenser för offentlig information, som ett komplement till EU öppna data-direktiv från 2019 (https://eur-lex.europa.eu/legal-content/SV/TXT/?uri=CELEX%3A32019L1024). Riksdagens nuvarande bildvillkor anger däremot ingen sådan tydlig fri licens för ledamöternas porträtt trots begäran om det.

En bild från dig vore ett konkret steg framåt. Jag hjälper gärna till med uppladdningen och uppgifter om fotograf och licens.
Du får också gärna lyfta frågan inom riksdagen: varför inte publicera ledamöternas porträtt som ett samlat dataset med tydliga fria licenser?
Hjälp oss att komma vidare och göra våra folkvalda lättare att presentera på Wikipedia.

Vänliga hälsningar,
<ange ditt namn>",ja,ej_aktuell,,,finns,2026-10-08T18:55:43Z,Kjell-Arne Ottosson,Värmlands län,True,sv: https://sv.wikipedia.org/wiki/Kjell-Arne_Ottosson; en: https://en.wikipedia.org/wiki/Kjell-Arne_Ottosson,CC BY-SA 4.0,Gategutten,https://commons.wikimedia.org/wiki/File:Kjell-Arne_Ottosson.jpg
Larry Söder,KD,Hallands län,Tjänstgörande riksdagsledamot,1969,e238e06a-acac-4fae-829c-1773ee851878,0992473266516,Q21578777,Har bild (P18),http://commons.wikimedia.org/wiki/Special:FilePath/Larry%20S%C3%B6der%2001.jpg,,https://data.riksdagen.se/filarkiv/bilder/ledamot/e238e06a-acac-4fae-829c-1773ee851878_192.jpg,larry.soder@riksdagen.se,Porträttbild till Wikipedia under fri licens,"Hej Larry Söder,

Jag bidrar till Wikipedia och vill gärna att artikeln om dig ska kunna illustreras med en aktuell porträttbild. Skulle du kunna hjälpa oss genom att ladda upp en bild till Wikimedia Commons under en fri licens, exempelvis CC BY 4.0?

Här finns Wikipedia-artiklarna om dig:
- sv: Larry Söder – https://sv.wikipedia.org/wiki/Larry_S%C3%B6der
- en: Larry Söder – https://en.wikipedia.org/wiki/Larry_S%C3%B6der

Det kräver att fotografen eller den som äger rättigheterna godkänner licensen. Fotografen anges vid användning, och bilden får återanvändas och bearbetas, även i kommersiella sammanhang.

Digg och PRV rekommenderar öppna licenser för offentlig information, som ett komplement till EU öppna data-direktiv från 2019 (https://eur-lex.europa.eu/legal-content/SV/TXT/?uri=CELEX%3A32019L1024). Riksdagens nuvarande bildvillkor anger däremot ingen sådan tydlig fri licens för ledamöternas porträtt trots begäran om det.

En bild från dig vore ett konkret steg framåt. Jag hjälper gärna till med uppladdningen och uppgifter om fotograf och licens.
Du får också gärna lyfta frågan inom riksdagen: varför inte publicera ledamöternas porträtt som ett samlat dataset med tydliga fria licenser?
Hjälp oss att komma vidare och göra våra folkvalda lättare att presentera på Wikipedia.

Vänliga hälsningar,
<ange ditt namn>",ja,ej_aktuell,,,finns,2026-10-08T18:55:43Z,Larry Söder,Hallands län,True,sv: https://sv.wikipedia.org/wiki/Larry_S%C3%B6der; en: https://en.wikipedia.org/wiki/Larry_S%C3%B6der,CC BY-SA 4.0,Bengt Oberger,https://commons.wikimedia.org/wiki/File:Larry_S%C3%B6der_01.jpg
Lili André,KD,Gävleborgs län,Tjänstgörande riksdagsledamot,1970,8bcaa801-9273-4771-a048-4427477353c6,0845133742919,Q110793990,Saknar bild (P18),,,https://data.riksdagen.se/filarkiv/bilder/ledamot/8bcaa801-9273-4771-a048-4427477353c6_192.jpg,lili.andre@riksdagen.se,Porträttbild till Wikipedia under fri licens,"Hej Lili André,

Jag bidrar till Wikipedia och vill gärna att artikeln om dig ska kunna illustreras med en aktuell porträttbild. Skulle du kunna hjälpa oss genom att ladda upp en bild till Wikimedia Commons under en fri licens, exempelvis CC BY 4.0?

Här finns Wikipedia-artiklarna om dig:
- sv: Lili André – https://sv.wikipedia.org/wiki/Lili_Andr%C3%A9
- en: Lili André – https://en.wikipedia.org/wiki/Lili_Andr%C3%A9

Det kräver att fotografen eller den som äger rättigheterna godkänner licensen. Fotografen anges vid användning, och bilden får återanvändas och bearbetas, även i kommersiella sammanhang.

Digg och PRV rekommenderar öppna licenser för offentlig information, som ett komplement till EU öppna data-direktiv från 2019 (https://eur-lex.europa.eu/legal-content/SV/TXT/?uri=CELEX%3A32019L1024). Riksdagens nuvarande bildvillkor anger däremot ingen sådan tydlig fri licens för ledamöternas porträtt trots begäran om det.

En bild från dig vore ett konkret steg framåt. Jag hjälper gärna till med uppladdningen och uppgifter om fotograf och licens.
Du får också gärna lyfta frågan inom riksdagen: varför inte publicera ledamöternas porträtt som ett samlat dataset med tydliga fria licenser?
Hjälp oss att komma vidare och göra våra folkvalda lättare att presentera på Wikipedia.

Vänliga hälsningar,
<ange ditt namn>",ja,finns,2026-10-08T18:55:41Z,Lili André,finns,2026-10-08T18:55:43Z,Lili André,Gävleborgs län,False,sv: https://sv.wikipedia.org/wiki/Lili_Andr%C3%A9; en: https://en.wikipedia.org/wiki/Lili_Andr%C3%A9,,,
Liza-Maria Norlin,KD,Västernorrlands län,Tjänstgörande riksdagsledamot,1980,ae2d9769-f677-4a9e-8b3c-9757d8e381e1,0301987597720,Q4970253,Saknar bild (P18),,,https://data.riksdagen.se/filarkiv/bilder/ledamot/ae2d9769-f677-4a9e-8b3c-9757d8e381e1_192.jpg,liza-maria.norlin@riksdagen.se,Porträttbild till Wikipedia under fri licens,"Hej Liza-Maria Norlin,

Jag bidrar till Wikipedia och vill gärna att artikeln om dig ska kunna illustreras med en aktuell porträttbild. Skulle du kunna hjälpa oss genom att ladda upp en bild till Wikimedia Commons under en fri licens, exempelvis CC BY 4.0?

Här finns Wikipedia-artiklarna om dig:
- sv: Liza-Maria Norlin – https://sv.wikipedia.org/wiki/Liza-Maria_Norlin
- en: Liza-Maria Norlin – https://en.wikipedia.org/wiki/Liza-Maria_Norlin
- arz: ليزا ماريا نورلين – https://arz.wikipedia.org/wiki/%D9%84%D9%8A%D8%B2%D8%A7_%D9%85%D8%A7%D8%B1%D9%8A%D8%A7_%D9%86%D9%88%D8%B1%D9%84%D9%8A%D9%86

Det kräver att fotografen eller den som äger rättigheterna godkänner licensen. Fotografen anges vid användning, och bilden får återanvändas och bearbetas, även i kommersiella sammanhang.

Digg och PRV rekommenderar öppna licenser för offentlig information, som ett komplement till EU öppna data-direktiv från 2019 (https://eur-lex.europa.eu/legal-content/SV/TXT/?uri=CELEX%3A32019L1024). Riksdagens nuvarande bildvillkor anger däremot ingen sådan tydlig fri licens för ledamöternas porträtt trots begäran om det.

En bild från dig vore ett konkret steg framåt. Jag hjälper gärna till med uppladdningen och uppgifter om fotograf och licens.
Du får också gärna lyfta frågan inom riksdagen: varför inte publicera ledamöternas porträtt som ett samlat dataset med tydliga fria licenser?
Hjälp oss att komma vidare och göra våra folkvalda lättare att presentera på Wikipedia.

Vänliga hälsningar,
<ange ditt namn>",ja,finns,2026-10-08T18:55:41Z,Liza-Maria Norlin,finns,2026-10-08T18:55:43Z,Liza-Maria Norlin,Västernorrlands län,False,sv: https://sv.wikipedia.org/wiki/Liza-Maria_Norlin; en: https://en.wikipedia.org/wiki/Liza-Maria_Norlin; arz: https://arz.wikipedia.org/wiki/%D9%84%D9%8A%D8%B2%D8%A7_%D9%85%D8%A7%D8%B1%D9%8A%D8%A7_%D9%86%D9%88%D8%B1%D9%84%D9%8A%D9%86,,,
Magnus Berntsson,KD,Västra Götalands läns västra,Tjänstgörande riksdagsledamot,1973,03e05e1c-c782-4df7-b206-dc79027702cd,0737824098113,Q5574173,Saknar bild (P18),,,https://data.riksdagen.se/filarkiv/bilder/ledamot/03e05e1c-c782-4df7-b206-dc79027702cd_192.jpg,magnus.berntsson@riksdagen.se,Porträttbild till Wikipedia under fri licens,"Hej Magnus Berntsson,

Jag bidrar till Wikipedia och vill gärna att artikeln om dig ska kunna illustreras med en aktuell porträttbild. Skulle du kunna hjälpa oss genom att ladda upp en bild till Wikimedia Commons under en fri licens, exempelvis CC BY 4.0?

Här finns Wikipedia-artiklarna om dig:
- sv: Magnus Berntsson – https://sv.wikipedia.org/wiki/Magnus_Berntsson
- en: Magnus Berntsson – https://en.wikipedia.org/wiki/Magnus_Berntsson

Det kräver att fotografen eller den som äger rättigheterna godkänner licensen. Fotografen anges vid användning, och bilden får återanvändas och bearbetas, även i kommersiella sammanhang.

Digg och PRV rekommenderar öppna licenser för offentlig information, som ett komplement till EU öppna data-direktiv från 2019 (https://eur-lex.europa.eu/legal-content/SV/TXT/?uri=CELEX%3A32019L1024). Riksdagens nuvarande bildvillkor anger däremot ingen sådan tydlig fri licens för ledamöternas porträtt trots begäran om det.

En bild från dig vore ett konkret steg framåt. Jag hjälper gärna till med uppladdningen och uppgifter om fotograf och licens.
Du får också gärna lyfta frågan inom riksdagen: varför inte publicera ledamöternas porträtt som ett samlat dataset med tydliga fria licenser?
Hjälp oss att komma vidare och göra våra folkvalda lättare att presentera på Wikipedia.

Vänliga hälsningar,
<ange ditt namn>",ja,finns,2026-10-08T18:55:41Z,Magnus Berntsson,finns,2026-10-08T18:55:43Z,Magnus Berntsson,Västra Götalands län,False,sv: https://sv.wikipedia.org/wiki/Magnus_Berntsson; en: https://en.wikipedia.org/wiki/Magnus_Berntsson,,,
Magnus Jacobsson,KD,Västra Götalands läns norra,Tjänstgörande riksdagsledamot,1968,d7c3282f-83e4-11d4-ae60-0050040c9b55,0977592683711,Q5826586,Saknar bild (P18),,,https://data.riksdagen.se/filarkiv/bilder/ledamot/d7c3282f-83e4-11d4-ae60-0050040c9b55_192.jpg,magnus.jacobsson@riksdagen.se,Porträttbild till Wikipedia under fri licens,"Hej Magnus Jacobsson,

Jag bidrar till Wikipedia och vill gärna att artikeln om dig ska kunna illustreras med en aktuell porträttbild. Skulle du kunna hjälpa oss genom att ladda upp en bild till Wikimedia Commons under en fri licens, exempelvis CC BY 4.0?

Här finns Wikipedia-artiklarna om dig:
- sv: Magnus Jacobsson – https://sv.wikipedia.org/wiki/Magnus_Jacobsson
- en: Magnus Jacobsson – https://en.wikipedia.org/wiki/Magnus_Jacobsson
- arz: ماجنوس چاكوبسون – https://arz.wikipedia.org/wiki/%D9%85%D8%A7%D8%AC%D9%86%D9%88%D8%B3_%DA%86%D8%A7%D9%83%D9%88%D8%A8%D8%B3%D9%88%D9%86

Det kräver att fotografen eller den som äger rättigheterna godkänner licensen. Fotografen anges vid användning, och bilden får återanvändas och bearbetas, även i kommersiella sammanhang.

Digg och PRV rekommenderar öppna licenser för offentlig information, som ett komplement till EU öppna data-direktiv från 2019 (https://eur-lex.europa.eu/legal-content/SV/TXT/?uri=CELEX%3A32019L1024). Riksdagens nuvarande bildvillkor anger däremot ingen sådan tydlig fri licens för ledamöternas porträtt trots begäran om det.

En bild från dig vore ett konkret steg framåt. Jag hjälper gärna till med uppladdningen och uppgifter om fotograf och licens.
Du får också gärna lyfta frågan inom riksdagen: varför inte publicera ledamöternas porträtt som ett samlat dataset med tydliga fria licenser?
Hjälp oss att komma vidare och göra våra folkvalda lättare att presentera på Wikipedia.

Vänliga hälsningar,
<ange ditt namn>",ja,finns,2026-10-08T18:55:41Z,Magnus Jacobsson,finns,2026-10-08T18:55:43Z,Magnus Jacobsson,Västra Götalands län,False,sv: https://sv.wikipedia.org/wiki/Magnus_Jacobsson; en: https://en.wikipedia.org/wiki/Magnus_Jacobsson; arz: https://arz.wikipedia.org/wiki/%D9%85%D8%A7%D8%AC%D9%86%D9%88%D8%B3_%DA%86%D8%A7%D9%83%D9%88%D8%A8%D8%B3%D9%88%D9%86,,,
Magnus Oscarsson,KD,Östergötlands län,Tjänstgörande riksdagsledamot,1970,0d218eb6-6294-4587-8abf-be0a351d7213,0792733370419,Q18244900,Har bild (P18),http://commons.wikimedia.org/wiki/Special:FilePath/Magnus%20Oscarsson.jpg,,https://data.riksdagen.se/filarkiv/bilder/ledamot/0d218eb6-6294-4587-8abf-be0a351d7213_192.jpg,magnus.oscarsson@riksdagen.se,Porträttbild till Wikipedia under fri licens,"Hej Magnus Oscarsson,

Jag bidrar till Wikipedia och vill gärna att artikeln om dig ska kunna illustreras med en aktuell porträttbild. Skulle du kunna hjälpa oss genom att ladda upp en bild till Wikimedia Commons under en fri licens, exempelvis CC BY 4.0?

Här finns Wikipedia-artiklarna om dig:
- sv: Magnus Oscarsson – https://sv.wikipedia.org/wiki/Magnus_Oscarsson
- en: Magnus Oscarsson – https://en.wikipedia.org/wiki/Magnus_Oscarsson
- arz: ماجنوس اوسكارسون – https://arz.wikipedia.org/wiki/%D9%85%D8%A7%D8%AC%D9%86%D9%88%D8%B3_%D8%A7%D9%88%D8%B3%D9%83%D8%A7%D8%B1%D8%B3%D9%88%D9%86
- pt: Magnus Oscarsson – https://pt.wikipedia.org/wiki/Magnus_Oscarsson

Det kräver att fotografen eller den som äger rättigheterna godkänner licensen. Fotografen anges vid användning, och bilden får återanvändas och bearbetas, även i kommersiella sammanhang.

Digg och PRV rekommenderar öppna licenser för offentlig information, som ett komplement till EU öppna data-direktiv från 2019 (https://eur-lex.europa.eu/legal-content/SV/TXT/?uri=CELEX%3A32019L1024). Riksdagens nuvarande bildvillkor anger däremot ingen sådan tydlig fri licens för ledamöternas porträtt trots begäran om det.

En bild från dig vore ett konkret steg framåt. Jag hjälper gärna till med uppladdningen och uppgifter om fotograf och licens.
Du får också gärna lyfta frågan inom riksdagen: varför inte publicera ledamöternas porträtt som ett samlat dataset med tydliga fria licenser?
Hjälp oss att komma vidare och göra våra folkvalda lättare att presentera på Wikipedia.

Vänliga hälsningar,
<ange ditt namn>",ja,ej_aktuell,,,finns,2026-10-08T18:55:43Z,Magnus Oscarsson,Östergötlands län,True,sv: https://sv.wikipedia.org/wiki/Magnus_Oscarsson; en: https://en.wikipedia.org/wiki/Magnus_Oscarsson; arz: https://arz.wikipedia.org/wiki/%D9%85%D8%A7%D8%AC%D9%86%D9%88%D8%B3_%D8%A7%D9%88%D8%B3%D9%83%D8%A7%D8%B1%D8%B3%D9%88%D9%86; pt: https://pt.wikipedia.org/wiki/Magnus_Oscarsson,CC BY-SA 3.0,Esquilo,https://commons.wikimedia.org/wiki/File:Magnus_Oscarsson.jpg
Martin Hallander,KD,Skåne läns norra och östra,Tjänstgörande riksdagsledamot,1993,790f9cd1-5009-4ff8-b207-b533ecc50371,0396903353424,Q59677199,Har bild (P18),http://commons.wikimedia.org/wiki/Special:FilePath/Martin%20Hallander%2C%20Malm%C3%B6%20EU.jpg,,https://data.riksdagen.se/filarkiv/bilder/ledamot/790f9cd1-5009-4ff8-b207-b533ecc50371_192.jpg,martin.hallander@riksdagen.se,Porträttbild till Wikipedia under fri licens,"Hej Martin Hallander,

Jag bidrar till Wikipedia och vill gärna att artikeln om dig ska kunna illustreras med en aktuell porträttbild. Skulle du kunna hjälpa oss genom att ladda upp en bild till Wikimedia Commons under en fri licens, exempelvis CC BY 4.0?

Här finns Wikipedia-artiklarna om dig:
- sv: Martin Hallander – https://sv.wikipedia.org/wiki/Martin_Hallander
- en: Martin Hallander – https://en.wikipedia.org/wiki/Martin_Hallander

Det kräver att fotografen eller den som äger rättigheterna godkänner licensen. Fotografen anges vid användning, och bilden får återanvändas och bearbetas, även i kommersiella sammanhang.

Digg och PRV rekommenderar öppna licenser för offentlig information, som ett komplement till EU öppna data-direktiv från 2019 (https://eur-lex.europa.eu/legal-content/SV/TXT/?uri=CELEX%3A32019L1024). Riksdagens nuvarande bildvillkor anger däremot ingen sådan tydlig fri licens för ledamöternas porträtt trots begäran om det.

En bild från dig vore ett konkret steg framåt. Jag hjälper gärna till med uppladdningen och uppgifter om fotograf och licens.
Du får också gärna lyfta frågan inom riksdagen: varför inte publicera ledamöternas porträtt som ett samlat dataset med tydliga fria licenser?
Hjälp oss att komma vidare och göra våra folkvalda lättare att presentera på Wikipedia.

Vänliga hälsningar,
<ange ditt namn>",ja,ej_aktuell,,,finns,2026-10-08T18:55:43Z,Martin Hallander,Skåne län,True,sv: https://sv.wikipedia.org/wiki/Martin_Hallander; en: https://en.wikipedia.org/wiki/Martin_Hallander,CC BY-SA 4.0,Berneblads,"https://commons.wikimedia.org/wiki/File:Martin_Hallander,_Malm%C3%B6_EU.jpg"
Mathias Bengtsson,KD,Dalarnas län,Tjänstgörande riksdagsledamot,1998,75d88062-5bda-4ead-9b9e-3f90184afa11,069534526423,Q114141183,Har bild (P18),http://commons.wikimedia.org/wiki/Special:FilePath/Mathias%20Bengtsson.jpg,,https://data.riksdagen.se/filarkiv/bilder/ledamot/75d88062-5bda-4ead-9b9e-3f90184afa11_192.jpg,mathias.bengtsson@riksdagen.se,Porträttbild till Wikipedia under fri licens,"Hej Mathias Bengtsson,

Jag bidrar till Wikipedia och vill gärna att artikeln om dig ska kunna illustreras med en aktuell porträttbild. Skulle du kunna hjälpa oss genom att ladda upp en bild till Wikimedia Commons under en fri licens, exempelvis CC BY 4.0?

Här finns Wikipedia-artiklarna om dig:
- sv: Mathias Bengtsson (kristdemokrat) – https://sv.wikipedia.org/wiki/Mathias_Bengtsson_(kristdemokrat)
- en: Mathias Bengtsson – https://en.wikipedia.org/wiki/Mathias_Bengtsson

Det kräver att fotografen eller den som äger rättigheterna godkänner licensen. Fotografen anges vid användning, och bilden får återanvändas och bearbetas, även i kommersiella sammanhang.

Digg och PRV rekommenderar öppna licenser för offentlig information, som ett komplement till EU öppna data-direktiv från 2019 (https://eur-lex.europa.eu/legal-content/SV/TXT/?uri=CELEX%3A32019L1024). Riksdagens nuvarande bildvillkor anger däremot ingen sådan tydlig fri licens för ledamöternas porträtt trots begäran om det.

En bild från dig vore ett konkret steg framåt. Jag hjälper gärna till med uppladdningen och uppgifter om fotograf och licens.
Du får också gärna lyfta frågan inom riksdagen: varför inte publicera ledamöternas porträtt som ett samlat dataset med tydliga fria licenser?
Hjälp oss att komma vidare och göra våra folkvalda lättare att presentera på Wikipedia.

Vänliga hälsningar,
<ange ditt namn>",ja,ej_aktuell,,,finns,2026-10-08T18:55:43Z,Mathias Bengtsson (kristdemokrat),Dalarnas län,True,sv: https://sv.wikipedia.org/wiki/Mathias_Bengtsson_(kristdemokrat); en: https://en.wikipedia.org/wiki/Mathias_Bengtsson,CC BY-SA 4.0,Österdalälven,https://commons.wikimedia.org/wiki/File:Mathias_Bengtsson.jpg
Mikael Oscarsson,KD,Uppsala län,Tjänstgörande riksdagsledamot,1967,d7c3256b-83e4-11d4-ae60-0050040c9b55,0973782197017,Q6030080,Har bild (P18),http://commons.wikimedia.org/wiki/Special:FilePath/Mikael%20oscarsson.riksmotet2016.16d759.1340338.jpg,,https://data.riksdagen.se/filarkiv/bilder/ledamot/d7c3256b-83e4-11d4-ae60-0050040c9b55_192.jpg,mikael.oscarsson@riksdagen.se,Porträttbild till Wikipedia under fri licens,"Hej Mikael Oscarsson,

Jag bidrar till Wikipedia och vill gärna att artikeln om dig ska kunna illustreras med en aktuell porträttbild. Skulle du kunna hjälpa oss genom att ladda upp en bild till Wikimedia Commons under en fri licens, exempelvis CC BY 4.0?

Här finns Wikipedia-artiklarna om dig:
- sv: Mikael Oscarsson – https://sv.wikipedia.org/wiki/Mikael_Oscarsson
- en: Mikael Oscarsson – https://en.wikipedia.org/wiki/Mikael_Oscarsson
- arz: ميكايل اوسكارسون – https://arz.wikipedia.org/wiki/%D9%85%D9%8A%D9%83%D8%A7%D9%8A%D9%84_%D8%A7%D9%88%D8%B3%D9%83%D8%A7%D8%B1%D8%B3%D9%88%D9%86

Det kräver att fotografen eller den som äger rättigheterna godkänner licensen. Fotografen anges vid användning, och bilden får återanvändas och bearbetas, även i kommersiella sammanhang.

Digg och PRV rekommenderar öppna licenser för offentlig information, som ett komplement till EU öppna data-direktiv från 2019 (https://eur-lex.europa.eu/legal-content/SV/TXT/?uri=CELEX%3A32019L1024). Riksdagens nuvarande bildvillkor anger däremot ingen sådan tydlig fri licens för ledamöternas porträtt trots begäran om det.

En bild från dig vore ett konkret steg framåt. Jag hjälper gärna till med uppladdningen och uppgifter om fotograf och licens.
Du får också gärna lyfta frågan inom riksdagen: varför inte publicera ledamöternas porträtt som ett samlat dataset med tydliga fria licenser?
Hjälp oss att komma vidare och göra våra folkvalda lättare att presentera på Wikipedia.

Vänliga hälsningar,
<ange ditt namn>",ja,ej_aktuell,,,finns,2026-10-08T18:55:44Z,Mikael Oscarsson,Uppsala län,True,sv: https://sv.wikipedia.org/wiki/Mikael_Oscarsson; en: https://en.wikipedia.org/wiki/Mikael_Oscarsson; arz: https://arz.wikipedia.org/wiki/%D9%85%D9%8A%D9%83%D8%A7%D9%8A%D9%84_%D8%A7%D9%88%D8%B3%D9%83%D8%A7%D8%B1%D8%B3%D9%88%D9%86,CC BY-SA 3.0,http://politik.in2pic.com,https://commons.wikimedia.org/wiki/File:Mikael_oscarsson.riksmotet2016.16d759.1340338.jpg
Paul Sabo,KD,Södermanlands län,Tjänstgörande riksdagsledamot,2001,feb13d30-42a0-484c-8ec7-a71354db9d36,0632665870298,Q141503769,Saknar bild (P18),,,https://data.riksdagen.se/filarkiv/bilder/ledamot/feb13d30-42a0-484c-8ec7-a71354db9d36_192.jpg,paul.sabo@riksdagen.se,Porträttbild till Wikipedia under fri licens,"Hej Paul Sabo,

Jag bidrar till Wikipedia och vill gärna att artikeln om dig ska kunna illustreras med en aktuell porträttbild. Skulle du kunna hjälpa oss genom att ladda upp en bild till Wikimedia Commons under en fri licens, exempelvis CC BY 4.0?

Här finns Wikipedia-artiklarna om dig:
- sv: Paul Sabo – https://sv.wikipedia.org/wiki/Paul_Sabo
- en: Paul Sabo – https://en.wikipedia.org/wiki/Paul_Sabo

Det kräver att fotografen eller den som äger rättigheterna godkänner licensen. Fotografen anges vid användning, och bilden får återanvändas och bearbetas, även i kommersiella sammanhang.

Digg och PRV rekommenderar öppna licenser för offentlig information, som ett komplement till EU öppna data-direktiv från 2019 (https://eur-lex.europa.eu/legal-content/SV/TXT/?uri=CELEX%3A32019L1024). Riksdagens nuvarande bildvillkor anger däremot ingen sådan tydlig fri licens för ledamöternas porträtt trots begäran om det.

En bild från dig vore ett konkret steg framåt. Jag hjälper gärna till med uppladdningen och uppgifter om fotograf och licens.
Du får också gärna lyfta frågan inom riksdagen: varför inte publicera ledamöternas porträtt som ett samlat dataset med tydliga fria licenser?
Hjälp oss att komma vidare och göra våra folkvalda lättare att presentera på Wikipedia.

Vänliga hälsningar,
<ange ditt namn>",ja,finns,2026-10-08T18:55:42Z,Paul Sabo,finns,2026-10-08T18:55:44Z,Paul Sabo,Södermanlands län,False,sv: https://sv.wikipedia.org/wiki/Paul_Sabo; en: https://en.wikipedia.org/wiki/Paul_Sabo,,,
Veronica Kerr,KD,Västerbottens län,Tjänstgörande riksdagsledamot,1970,97d91bd2-3bc5-4c93-8c6e-a1b9d9faac60,068293047210,Q141545249,Saknar bild (P18),,,https://data.riksdagen.se/filarkiv/bilder/ledamot/97d91bd2-3bc5-4c93-8c6e-a1b9d9faac60_192.jpg,veronica.kerr@riksdagen.se,Porträttbild till Wikipedia under fri licens,"Hej Veronica Kerr,

Jag bidrar till Wikipedia och vill gärna att artikeln om dig ska kunna illustreras med en aktuell porträttbild. Skulle du kunna hjälpa oss genom att ladda upp en bild till Wikimedia Commons under en fri licens, exempelvis CC BY 4.0?

Här finns Wikipedia-artiklarna om dig:
- sv: Veronica Kerr – https://sv.wikipedia.org/wiki/Veronica_Kerr
- en: Veronica Kerr – https://en.wikipedia.org/wiki/Veronica_Kerr

Det kräver att fotografen eller den som äger rättigheterna godkänner licensen. Fotografen anges vid användning, och bilden får återanvändas och bearbetas, även i kommersiella sammanhang.

Digg och PRV rekommenderar öppna licenser för offentlig information, som ett komplement till EU öppna data-direktiv från 2019 (https://eur-lex.europa.eu/legal-content/SV/TXT/?uri=CELEX%3A32019L1024). Riksdagens nuvarande bildvillkor anger däremot ingen sådan tydlig fri licens för ledamöternas porträtt trots begäran om det.

En bild från dig vore ett konkret steg framåt. Jag hjälper gärna till med uppladdningen och uppgifter om fotograf och licens.
Du får också gärna lyfta frågan inom riksdagen: varför inte publicera ledamöternas porträtt som ett samlat dataset med tydliga fria licenser?
Hjälp oss att komma vidare och göra våra folkvalda lättare att presentera på Wikipedia.

Vänliga hälsningar,
<ange ditt namn>",ja,finns,2026-10-08T18:55:42Z,Veronica Kerr,finns,2026-10-08T18:55:44Z,Veronica Kerr,Västerbottens län,False,sv: https://sv.wikipedia.org/wiki/Veronica_Kerr; en: https://en.wikipedia.org/wiki/Veronica_Kerr,,,
Yusuf Aydin,KD,Stockholms län,Tjänstgörande statsrådsersättare,1982,533ec261-0b17-4458-b6bd-e3e7e2cad6d6,0245468368228,Q115170015,Har bild (P18),http://commons.wikimedia.org/wiki/Special:FilePath/Yusuf%20Aydin.jpg,,https://data.riksdagen.se/filarkiv/bilder/ledamot/533ec261-0b17-4458-b6bd-e3e7e2cad6d6_192.jpg,yusuf.aydin@riksdagen.se,Porträttbild till Wikipedia under fri licens,"Hej Yusuf Aydin,

Jag bidrar till Wikipedia och vill gärna att artikeln om dig ska kunna illustreras med en aktuell porträttbild. Skulle du kunna hjälpa oss genom att ladda upp en bild till Wikimedia Commons under en fri licens, exempelvis CC BY 4.0?

Här finns Wikipedia-artiklarna om dig:
- sv: Yusuf Aydin – https://sv.wikipedia.org/wiki/Yusuf_Aydin
- en: Yusuf Aydin (politician) – https://en.wikipedia.org/wiki/Yusuf_Aydin_(politician)

Det kräver att fotografen eller den som äger rättigheterna godkänner licensen. Fotografen anges vid användning, och bilden får återanvändas och bearbetas, även i kommersiella sammanhang.

Digg och PRV rekommenderar öppna licenser för offentlig information, som ett komplement till EU öppna data-direktiv från 2019 (https://eur-lex.europa.eu/legal-content/SV/TXT/?uri=CELEX%3A32019L1024). Riksdagens nuvarande bildvillkor anger däremot ingen sådan tydlig fri licens för ledamöternas porträtt trots begäran om det.

En bild från dig vore ett konkret steg framåt. Jag hjälper gärna till med uppladdningen och uppgifter om fotograf och licens.
Du får också gärna lyfta frågan inom riksdagen: varför inte publicera ledamöternas porträtt som ett samlat dataset med tydliga fria licenser?
Hjälp oss att komma vidare och göra våra folkvalda lättare att presentera på Wikipedia.

Vänliga hälsningar,
<ange ditt namn>",ja,ej_aktuell,,,finns,2026-10-08T18:55:44Z,Yusuf Aydin,Stockholms län,True,sv: https://sv.wikipedia.org/wiki/Yusuf_Aydin; en: https://en.wikipedia.org/wiki/Yusuf_Aydin_(politician),CC BY-SA 4.0,Bene Riobó,https://commons.wikimedia.org/wiki/File:Yusuf_Aydin.jpg
Anders Ekegren,L,Stockholms län,Tjänstgörande riksdagsledamot,1957,e471dfa7-4839-4dc3-8784-8af20ce8e403,0714968014016,Q132718105,Saknar bild (P18),,,https://data.riksdagen.se/filarkiv/bilder/ledamot/e471dfa7-4839-4dc3-8784-8af20ce8e403_192.jpg,anders.ekegren@riksdagen.se,Porträttbild till Wikipedia under fri licens,"Hej Anders Ekegren,

Jag bidrar till Wikipedia och vill gärna att artikeln om dig ska kunna illustreras med en aktuell porträttbild. Skulle du kunna hjälpa oss genom att ladda upp en bild till Wikimedia Commons under en fri licens, exempelvis CC BY 4.0?

Här finns Wikipedia-artiklarna om dig:
- sv: Anders Ekegren – https://sv.wikipedia.org/wiki/Anders_Ekegren

Det kräver att fotografen eller den som äger rättigheterna godkänner licensen. Fotografen anges vid användning, och bilden får återanvändas och bearbetas, även i kommersiella sammanhang.

Digg och PRV rekommenderar öppna licenser för offentlig information, som ett komplement till EU öppna data-direktiv från 2019 (https://eur-lex.europa.eu/legal-content/SV/TXT/?uri=CELEX%3A32019L1024). Riksdagens nuvarande bildvillkor anger däremot ingen sådan tydlig fri licens för ledamöternas porträtt trots begäran om det.

En bild från dig vore ett konkret steg framåt. Jag hjälper gärna till med uppladdningen och uppgifter om fotograf och licens.
Du får också gärna lyfta frågan inom riksdagen: varför inte publicera ledamöternas porträtt som ett samlat dataset med tydliga fria licenser?
Hjälp oss att komma vidare och göra våra folkvalda lättare att presentera på Wikipedia.

Vänliga hälsningar,
<ange ditt namn>",ja,finns,2026-10-08T18:55:40Z,Anders Ekegren,finns,2026-10-08T18:55:42Z,Anders Ekegren,Stockholms län,False,sv: https://sv.wikipedia.org/wiki/Anders_Ekegren,,,
Camilla Mårtensen,L,Skåne läns södra,Tjänstgörande riksdagsledamot,1970,327ef4fd-e9a9-46d3-8e10-3267001f3be6,0397073482210,Q29059703,Saknar bild (P18),,,https://data.riksdagen.se/filarkiv/bilder/ledamot/327ef4fd-e9a9-46d3-8e10-3267001f3be6_192.jpg,camilla.martensen@riksdagen.se,Porträttbild till Wikipedia under fri licens,"Hej Camilla Mårtensen,

Jag bidrar till Wikipedia och vill gärna att artikeln om dig ska kunna illustreras med en aktuell porträttbild. Skulle du kunna hjälpa oss genom att ladda upp en bild till Wikimedia Commons under en fri licens, exempelvis CC BY 4.0?

Här finns Wikipedia-artiklarna om dig:
- sv: Camilla Mårtensen – https://sv.wikipedia.org/wiki/Camilla_M%C3%A5rtensen
- en: Camilla Mårtensen – https://en.wikipedia.org/wiki/Camilla_M%C3%A5rtensen

Det kräver att fotografen eller den som äger rättigheterna godkänner licensen. Fotografen anges vid användning, och bilden får återanvändas och bearbetas, även i kommersiella sammanhang.

Digg och PRV rekommenderar öppna licenser för offentlig information, som ett komplement till EU öppna data-direktiv från 2019 (https://eur-lex.europa.eu/legal-content/SV/TXT/?uri=CELEX%3A32019L1024). Riksdagens nuvarande bildvillkor anger däremot ingen sådan tydlig fri licens för ledamöternas porträtt trots begäran om det.

En bild från dig vore ett konkret steg framåt. Jag hjälper gärna till med uppladdningen och uppgifter om fotograf och licens.
Du får också gärna lyfta frågan inom riksdagen: varför inte publicera ledamöternas porträtt som ett samlat dataset med tydliga fria licenser?
Hjälp oss att komma vidare och göra våra folkvalda lättare att presentera på Wikipedia.

Vänliga hälsningar,
<ange ditt namn>",ja,finns,2026-10-08T18:55:41Z,Camilla Mårtensen,finns,2026-10-08T18:55:43Z,Camilla Mårtensen,Skåne län,False,sv: https://sv.wikipedia.org/wiki/Camilla_M%C3%A5rtensen; en: https://en.wikipedia.org/wiki/Camilla_M%C3%A5rtensen,,,
Cecilia Prins,L,Västra Götalands läns norra,Tjänstgörande riksdagsledamot,1979,c4e6dd75-631a-4e72-9e2c-11c62fdab5ea,0741297456226,Q141527604,Saknar bild (P18),,,https://data.riksdagen.se/filarkiv/bilder/ledamot/c4e6dd75-631a-4e72-9e2c-11c62fdab5ea_192.jpg,cecilia.prins@riksdagen.se,Porträttbild till Wikipedia under fri licens,"Hej Cecilia Prins,

Jag bidrar till Wikipedia och vill gärna att artikeln om dig ska kunna illustreras med en aktuell porträttbild. Skulle du kunna hjälpa oss genom att ladda upp en bild till Wikimedia Commons under en fri licens, exempelvis CC BY 4.0?

Här finns Wikipedia-artiklarna om dig:
- sv: Cecilia Prins – https://sv.wikipedia.org/wiki/Cecilia_Prins
- en: Cecilia Prins – https://en.wikipedia.org/wiki/Cecilia_Prins

Det kräver att fotografen eller den som äger rättigheterna godkänner licensen. Fotografen anges vid användning, och bilden får återanvändas och bearbetas, även i kommersiella sammanhang.

Digg och PRV rekommenderar öppna licenser för offentlig information, som ett komplement till EU öppna data-direktiv från 2019 (https://eur-lex.europa.eu/legal-content/SV/TXT/?uri=CELEX%3A32019L1024). Riksdagens nuvarande bildvillkor anger däremot ingen sådan tydlig fri licens för ledamöternas porträtt trots begäran om det.

En bild från dig vore ett konkret steg framåt. Jag hjälper gärna till med uppladdningen och uppgifter om fotograf och licens.
Du får också gärna lyfta frågan inom riksdagen: varför inte publicera ledamöternas porträtt som ett samlat dataset med tydliga fria licenser?
Hjälp oss att komma vidare och göra våra folkvalda lättare att presentera på Wikipedia.

Vänliga hälsningar,
<ange ditt namn>",ja,finns,2026-10-08T18:55:41Z,Cecilia Prins,finns,2026-10-08T18:55:43Z,Cecilia Prins,Västra Götalands län,False,sv: https://sv.wikipedia.org/wiki/Cecilia_Prins; en: https://en.wikipedia.org/wiki/Cecilia_Prins,,,
Elin Andersson,L,Västra Götalands läns västra,Tjänstgörande riksdagsledamot,1981,d50bcd6f-d952-4908-a8f3-cf64f2a86ca0,014998255626,Q141527533,Saknar bild (P18),,,https://data.riksdagen.se/filarkiv/bilder/ledamot/d50bcd6f-d952-4908-a8f3-cf64f2a86ca0_192.jpg,elin.andersson@riksdagen.se,Porträttbild till Wikipedia under fri licens,"Hej Elin Andersson,

Jag bidrar till Wikipedia och vill gärna att artikeln om dig ska kunna illustreras med en aktuell porträttbild. Skulle du kunna hjälpa oss genom att ladda upp en bild till Wikimedia Commons under en fri licens, exempelvis CC BY 4.0?

Här finns Wikipedia-artiklarna om dig:
- sv: Elin Andersson – https://sv.wikipedia.org/wiki/Elin_Andersson

Det kräver att fotografen eller den som äger rättigheterna godkänner licensen. Fotografen anges vid användning, och bilden får återanvändas och bearbetas, även i kommersiella sammanhang.

Digg och PRV rekommenderar öppna licenser för offentlig information, som ett komplement till EU öppna data-direktiv från 2019 (https://eur-lex.europa.eu/legal-content/SV/TXT/?uri=CELEX%3A32019L1024). Riksdagens nuvarande bildvillkor anger däremot ingen sådan tydlig fri licens för ledamöternas porträtt trots begäran om det.

En bild från dig vore ett konkret steg framåt. Jag hjälper gärna till med uppladdningen och uppgifter om fotograf och licens.
Du får också gärna lyfta frågan inom riksdagen: varför inte publicera ledamöternas porträtt som ett samlat dataset med tydliga fria licenser?
Hjälp oss att komma vidare och göra våra folkvalda lättare att presentera på Wikipedia.

Vänliga hälsningar,
<ange ditt namn>",ja,finns,2026-10-08T18:55:41Z,Elin Andersson,finns,2026-10-08T18:55:43Z,Elin Andersson,Västra Götalands län,False,sv: https://sv.wikipedia.org/wiki/Elin_Andersson,,,
Elin Hjelmestam,L,Stockholms kommun,Tjänstgörande statsrådsersättare,1999,a92f6589-4515-429d-a399-074d0aee943f,076855336638,Q141597128,Saknar bild (P18),,,https://data.riksdagen.se/filarkiv/bilder/ledamot/a92f6589-4515-429d-a399-074d0aee943f_192.jpg,elin.hjelmestam@riksdagen.se,Porträttbild till Wikipedia under fri licens,"Hej Elin Hjelmestam,

Jag bidrar till Wikipedia och vill gärna att artikeln om dig ska kunna illustreras med en aktuell porträttbild. Skulle du kunna hjälpa oss genom att ladda upp en bild till Wikimedia Commons under en fri licens, exempelvis CC BY 4.0?

Här finns Wikipedia-artiklarna om dig:
- sv: Elin Hjelmestam – https://sv.wikipedia.org/wiki/Elin_Hjelmestam

Det kräver att fotografen eller den som äger rättigheterna godkänner licensen. Fotografen anges vid användning, och bilden får återanvändas och bearbetas, även i kommersiella sammanhang.

Digg och PRV rekommenderar öppna licenser för offentlig information, som ett komplement till EU öppna data-direktiv från 2019 (https://eur-lex.europa.eu/legal-content/SV/TXT/?uri=CELEX%3A32019L1024). Riksdagens nuvarande bildvillkor anger däremot ingen sådan tydlig fri licens för ledamöternas porträtt trots begäran om det.

En bild från dig vore ett konkret steg framåt. Jag hjälper gärna till med uppladdningen och uppgifter om fotograf och licens.
Du får också gärna lyfta frågan inom riksdagen: varför inte publicera ledamöternas porträtt som ett samlat dataset med tydliga fria licenser?
Hjälp oss att komma vidare och göra våra folkvalda lättare att presentera på Wikipedia.

Vänliga hälsningar,
<ange ditt namn>",ja,finns,2026-10-08T18:55:41Z,Elin Hjelmestam,finns,2026-10-08T18:55:43Z,Elin Hjelmestam,Stockholms län,False,sv: https://sv.wikipedia.org/wiki/Elin_Hjelmestam,,,
Erik Nygårds,L,Jönköpings län,Tjänstgörande riksdagsledamot,1965,2cfb4844-7366-4385-ba4b-bbf1401af88c,0362791199110,Q141506864,Saknar bild (P18),,,https://data.riksdagen.se/filarkiv/bilder/ledamot/2cfb4844-7366-4385-ba4b-bbf1401af88c_192.jpg,erik.nygards@riksdagen.se,Porträttbild till Wikipedia under fri licens,"Hej Erik Nygårds,

Jag bidrar till Wikipedia och vill gärna att artikeln om dig ska kunna illustreras med en aktuell porträttbild. Skulle du kunna hjälpa oss genom att ladda upp en bild till Wikimedia Commons under en fri licens, exempelvis CC BY 4.0?

Här finns Wikipedia-artiklarna om dig:
- sv: Erik Nygårds – https://sv.wikipedia.org/wiki/Erik_Nyg%C3%A5rds

Det kräver att fotografen eller den som äger rättigheterna godkänner licensen. Fotografen anges vid användning, och bilden får återanvändas och bearbetas, även i kommersiella sammanhang.

Digg och PRV rekommenderar öppna licenser för offentlig information, som ett komplement till EU öppna data-direktiv från 2019 (https://eur-lex.europa.eu/legal-content/SV/TXT/?uri=CELEX%3A32019L1024). Riksdagens nuvarande bildvillkor anger däremot ingen sådan tydlig fri licens för ledamöternas porträtt trots begäran om det.

En bild från dig vore ett konkret steg framåt. Jag hjälper gärna till med uppladdningen och uppgifter om fotograf och licens.
Du får också gärna lyfta frågan inom riksdagen: varför inte publicera ledamöternas porträtt som ett samlat dataset med tydliga fria licenser?
Hjälp oss att komma vidare och göra våra folkvalda lättare att presentera på Wikipedia.

Vänliga hälsningar,
<ange ditt namn>",ja,finns,2026-10-08T18:55:41Z,Erik Nygårds,finns,2026-10-08T18:55:43Z,Erik Nygårds,Jönköpings län,False,sv: https://sv.wikipedia.org/wiki/Erik_Nyg%C3%A5rds,,,
Hanna Schölander,L,Hallands län,Tjänstgörande riksdagsledamot,1979,ec53a44a-1d9d-4399-8e75-1a4649efa08b,0921977442025,Q141510153,Saknar bild (P18),,,https://data.riksdagen.se/filarkiv/bilder/ledamot/ec53a44a-1d9d-4399-8e75-1a4649efa08b_192.jpg,hanna.scholander@riksdagen.se,Porträttbild till Wikipedia under fri licens,"Hej Hanna Schölander,

Jag bidrar till Wikipedia och vill gärna att artikeln om dig ska kunna illustreras med en aktuell porträttbild. Skulle du kunna hjälpa oss genom att ladda upp en bild till Wikimedia Commons under en fri licens, exempelvis CC BY 4.0?

Här finns Wikipedia-artiklarna om dig:
- sv: Hanna Schölander – https://sv.wikipedia.org/wiki/Hanna_Sch%C3%B6lander
- en: Hanna Schölander – https://en.wikipedia.org/wiki/Hanna_Sch%C3%B6lander

Det kräver att fotografen eller den som äger rättigheterna godkänner licensen. Fotografen anges vid användning, och bilden får återanvändas och bearbetas, även i kommersiella sammanhang.

Digg och PRV rekommenderar öppna licenser för offentlig information, som ett komplement till EU öppna data-direktiv från 2019 (https://eur-lex.europa.eu/legal-content/SV/TXT/?uri=CELEX%3A32019L1024). Riksdagens nuvarande bildvillkor anger däremot ingen sådan tydlig fri licens för ledamöternas porträtt trots begäran om det.

En bild från dig vore ett konkret steg framåt. Jag hjälper gärna till med uppladdningen och uppgifter om fotograf och licens.
Du får också gärna lyfta frågan inom riksdagen: varför inte publicera ledamöternas porträtt som ett samlat dataset med tydliga fria licenser?
Hjälp oss att komma vidare och göra våra folkvalda lättare att presentera på Wikipedia.

Vänliga hälsningar,
<ange ditt namn>",ja,finns,2026-10-08T18:55:41Z,Hanna Schölander,finns,2026-10-08T18:55:43Z,Hanna Schölander,Hallands län,False,sv: https://sv.wikipedia.org/wiki/Hanna_Sch%C3%B6lander; en: https://en.wikipedia.org/wiki/Hanna_Sch%C3%B6lander,,,
Joar Forssell,L,Stockholms kommun,Tjänstgörande riksdagsledamot,1993,1c9bf350-8e09-4e61-b337-d03d4656b86a,0980092192122,Q26305112,Har bild (P18),http://commons.wikimedia.org/wiki/Special:FilePath/Joar%20Forssell%20and%20Philip%20Botstr%C3%B6m%20interviewed%20by%20SR%20in%20Almedalen%202018%20%28cropped%29.jpg,,https://data.riksdagen.se/filarkiv/bilder/ledamot/1c9bf350-8e09-4e61-b337-d03d4656b86a_192.jpg,joar.forssell@riksdagen.se,Porträttbild till Wikipedia under fri licens,"Hej Joar Forssell,

Jag bidrar till Wikipedia och vill gärna att artikeln om dig ska kunna illustreras med en aktuell porträttbild. Skulle du kunna hjälpa oss genom att ladda upp en bild till Wikimedia Commons under en fri licens, exempelvis CC BY 4.0?

Här finns Wikipedia-artiklarna om dig:
- sv: Joar Forssell – https://sv.wikipedia.org/wiki/Joar_Forssell
- en: Joar Forssell – https://en.wikipedia.org/wiki/Joar_Forssell

Det kräver att fotografen eller den som äger rättigheterna godkänner licensen. Fotografen anges vid användning, och bilden får återanvändas och bearbetas, även i kommersiella sammanhang.

Digg och PRV rekommenderar öppna licenser för offentlig information, som ett komplement till EU öppna data-direktiv från 2019 (https://eur-lex.europa.eu/legal-content/SV/TXT/?uri=CELEX%3A32019L1024). Riksdagens nuvarande bildvillkor anger däremot ingen sådan tydlig fri licens för ledamöternas porträtt trots begäran om det.

En bild från dig vore ett konkret steg framåt. Jag hjälper gärna till med uppladdningen och uppgifter om fotograf och licens.
Du får också gärna lyfta frågan inom riksdagen: varför inte publicera ledamöternas porträtt som ett samlat dataset med tydliga fria licenser?
Hjälp oss att komma vidare och göra våra folkvalda lättare att presentera på Wikipedia.

Vänliga hälsningar,
<ange ditt namn>",ja,ej_aktuell,,,finns,2026-10-08T18:55:43Z,Joar Forssell,Stockholms län,True,sv: https://sv.wikipedia.org/wiki/Joar_Forssell; en: https://en.wikipedia.org/wiki/Joar_Forssell,CC BY-SA 2.0,Jonatan Svensson Glad,https://commons.wikimedia.org/wiki/File:Joar_Forssell_and_Philip_Botstr%C3%B6m_interviewed_by_SR_in_Almedalen_2018_(cropped).jpg
Lars Leijonborg,L,Malmö kommun,Tjänstgörande riksdagsledamot,1949,d7c31988-83e4-11d4-ae60-0050040c9b55,0980725315516,Q946818,Har bild (P18),http://commons.wikimedia.org/wiki/Special:FilePath/Lars%20Leijonborg%2C%20director%20of%20the%20Teskedsorden%20Foundation.jpg,,https://data.riksdagen.se/filarkiv/bilder/ledamot/d7c31988-83e4-11d4-ae60-0050040c9b55_192.jpg,lars.leijonborg@riksdagen.se,Porträttbild till Wikipedia under fri licens,"Hej Lars Leijonborg,

Jag bidrar till Wikipedia och vill gärna att artikeln om dig ska kunna illustreras med en aktuell porträttbild. Skulle du kunna hjälpa oss genom att ladda upp en bild till Wikimedia Commons under en fri licens, exempelvis CC BY 4.0?

Här finns Wikipedia-artiklarna om dig:
- sv: Lars Leijonborg – https://sv.wikipedia.org/wiki/Lars_Leijonborg
- en: Lars Leijonborg – https://en.wikipedia.org/wiki/Lars_Leijonborg
- arz: لارس ليچونبورج – https://arz.wikipedia.org/wiki/%D9%84%D8%A7%D8%B1%D8%B3_%D9%84%D9%8A%DA%86%D9%88%D9%86%D8%A8%D9%88%D8%B1%D8%AC
- da: Lars Leijonborg – https://da.wikipedia.org/wiki/Lars_Leijonborg
- de: Lars Leijonborg – https://de.wikipedia.org/wiki/Lars_Leijonborg
- es: Lars Leijonborg – https://es.wikipedia.org/wiki/Lars_Leijonborg
- fi: Lars Leijonborg – https://fi.wikipedia.org/wiki/Lars_Leijonborg
- fr: Lars Leijonborg – https://fr.wikipedia.org/wiki/Lars_Leijonborg
- id: Lars Leijonborg – https://id.wikipedia.org/wiki/Lars_Leijonborg
- it: Lars Leijonborg – https://it.wikipedia.org/wiki/Lars_Leijonborg
- nl: Lars Leijonborg – https://nl.wikipedia.org/wiki/Lars_Leijonborg
- no: Lars Leijonborg – https://no.wikipedia.org/wiki/Lars_Leijonborg
- pl: Lars Leijonborg – https://pl.wikipedia.org/wiki/Lars_Leijonborg
- pt: Lars Leijonborg – https://pt.wikipedia.org/wiki/Lars_Leijonborg

Det kräver att fotografen eller den som äger rättigheterna godkänner licensen. Fotografen anges vid användning, och bilden får återanvändas och bearbetas, även i kommersiella sammanhang.

Digg och PRV rekommenderar öppna licenser för offentlig information, som ett komplement till EU öppna data-direktiv från 2019 (https://eur-lex.europa.eu/legal-content/SV/TXT/?uri=CELEX%3A32019L1024). Riksdagens nuvarande bildvillkor anger däremot ingen sådan tydlig fri licens för ledamöternas porträtt trots begäran om det.

En bild från dig vore ett konkret steg framåt. Jag hjälper gärna till med uppladdningen och uppgifter om fotograf och licens.
Du får också gärna lyfta frågan inom riksdagen: varför inte publicera ledamöternas porträtt som ett samlat dataset med tydliga fria licenser?
Hjälp oss att komma vidare och göra våra folkvalda lättare att presentera på Wikipedia.

Vänliga hälsningar,
<ange ditt namn>",ja,ej_aktuell,,,finns,2026-10-08T18:55:43Z,Lars Leijonborg,Skåne län,True,sv: https://sv.wikipedia.org/wiki/Lars_Leijonborg; en: https://en.wikipedia.org/wiki/Lars_Leijonborg; arz: https://arz.wikipedia.org/wiki/%D9%84%D8%A7%D8%B1%D8%B3_%D9%84%D9%8A%DA%86%D9%88%D9%86%D8%A8%D9%88%D8%B1%D8%AC; da: https://da.wikipedia.org/wiki/Lars_Leijonborg; de: https://de.wikipedia.org/wiki/Lars_Leijonborg; es: https://es.wikipedia.org/wiki/Lars_Leijonborg; fi: https://fi.wikipedia.org/wiki/Lars_Leijonborg; fr: https://fr.wikipedia.org/wiki/Lars_Leijonborg; id: https://id.wikipedia.org/wiki/Lars_Leijonborg; it: https://it.wikipedia.org/wiki/Lars_Leijonborg; nl: https://nl.wikipedia.org/wiki/Lars_Leijonborg; no: https://no.wikipedia.org/wiki/Lars_Leijonborg; pl: https://pl.wikipedia.org/wiki/Lars_Leijonborg; pt: https://pt.wikipedia.org/wiki/Lars_Leijonborg,CC BY 3.0,Photographer not specified in the source,"https://commons.wikimedia.org/wiki/File:Lars_Leijonborg,_director_of_the_Teskedsorden_Foundation.jpg"
Lina Nordquist,L,Uppsala län,Tjänstgörande riksdagsledamot,1977,87042942-c4f6-46ff-9eac-fceaf25729d5,0161616238120,Q16595953,Har bild (P18),http://commons.wikimedia.org/wiki/Special:FilePath/Lina%20Nordquist.jpg,,https://data.riksdagen.se/filarkiv/bilder/ledamot/87042942-c4f6-46ff-9eac-fceaf25729d5_192.jpg,lina.nordquist@riksdagen.se,Porträttbild till Wikipedia under fri licens,"Hej Lina Nordquist,

Jag bidrar till Wikipedia och vill gärna att artikeln om dig ska kunna illustreras med en aktuell porträttbild. Skulle du kunna hjälpa oss genom att ladda upp en bild till Wikimedia Commons under en fri licens, exempelvis CC BY 4.0?

Här finns Wikipedia-artiklarna om dig:
- sv: Lina Nordquist – https://sv.wikipedia.org/wiki/Lina_Nordquist
- en: Lina Nordquist – https://en.wikipedia.org/wiki/Lina_Nordquist
- et: Lina Nordquist – https://et.wikipedia.org/wiki/Lina_Nordquist
- pt: Lina Nordquist – https://pt.wikipedia.org/wiki/Lina_Nordquist

Det kräver att fotografen eller den som äger rättigheterna godkänner licensen. Fotografen anges vid användning, och bilden får återanvändas och bearbetas, även i kommersiella sammanhang.

Digg och PRV rekommenderar öppna licenser för offentlig information, som ett komplement till EU öppna data-direktiv från 2019 (https://eur-lex.europa.eu/legal-content/SV/TXT/?uri=CELEX%3A32019L1024). Riksdagens nuvarande bildvillkor anger däremot ingen sådan tydlig fri licens för ledamöternas porträtt trots begäran om det.

En bild från dig vore ett konkret steg framåt. Jag hjälper gärna till med uppladdningen och uppgifter om fotograf och licens.
Du får också gärna lyfta frågan inom riksdagen: varför inte publicera ledamöternas porträtt som ett samlat dataset med tydliga fria licenser?
Hjälp oss att komma vidare och göra våra folkvalda lättare att presentera på Wikipedia.

Vänliga hälsningar,
<ange ditt namn>",ja,ej_aktuell,,,finns,2026-10-08T18:55:43Z,Lina Nordquist,Uppsala län,True,sv: https://sv.wikipedia.org/wiki/Lina_Nordquist; en: https://en.wikipedia.org/wiki/Lina_Nordquist; et: https://et.wikipedia.org/wiki/Lina_Nordquist; pt: https://pt.wikipedia.org/wiki/Lina_Nordquist,CC BY-SA 4.0,Josefine Hellroth Larsson (WMSE),https://commons.wikimedia.org/wiki/File:Lina_Nordquist.jpg
Louise Minnhagen,L,Stockholms län,Tjänstgörande statsrådsersättare,1969,ac75480c-23ab-4d5e-bae8-d31ff23539fe,0947183329316,Q141664336,Saknar bild (P18),,,https://data.riksdagen.se/filarkiv/bilder/ledamot/ac75480c-23ab-4d5e-bae8-d31ff23539fe_192.jpg,louise.minnhagen@riksdagen.se,Porträttbild till Wikipedia under fri licens,"Hej Louise Minnhagen,

Jag bidrar till Wikipedia och vill gärna att artikeln om dig ska kunna illustreras med en aktuell porträttbild. Skulle du kunna hjälpa oss genom att ladda upp en bild till Wikimedia Commons under en fri licens, exempelvis CC BY 4.0?

Här finns Wikipedia-artiklarna om dig:
- sv: Louise Minnhagen – https://sv.wikipedia.org/wiki/Louise_Minnhagen

Det kräver att fotografen eller den som äger rättigheterna godkänner licensen. Fotografen anges vid användning, och bilden får återanvändas och bearbetas, även i kommersiella sammanhang.

Digg och PRV rekommenderar öppna licenser för offentlig information, som ett komplement till EU öppna data-direktiv från 2019 (https://eur-lex.europa.eu/legal-content/SV/TXT/?uri=CELEX%3A32019L1024). Riksdagens nuvarande bildvillkor anger däremot ingen sådan tydlig fri licens för ledamöternas porträtt trots begäran om det.

En bild från dig vore ett konkret steg framåt. Jag hjälper gärna till med uppladdningen och uppgifter om fotograf och licens.
Du får också gärna lyfta frågan inom riksdagen: varför inte publicera ledamöternas porträtt som ett samlat dataset med tydliga fria licenser?
Hjälp oss att komma vidare och göra våra folkvalda lättare att presentera på Wikipedia.

Vänliga hälsningar,
<ange ditt namn>",ja,finns,2026-10-08T18:55:41Z,Louise Minnhagen,finns,2026-10-08T18:55:43Z,Louise Minnhagen,Stockholms län,False,sv: https://sv.wikipedia.org/wiki/Louise_Minnhagen,,,
Marcus Willershausen,L,Stockholms län,Tjänstgörande statsrådsersättare,2000,e7ebb4e8-5e45-4075-83b8-b59ca634aaea,0133295889596,Q141597109,Saknar bild (P18),,,https://data.riksdagen.se/filarkiv/bilder/ledamot/e7ebb4e8-5e45-4075-83b8-b59ca634aaea_192.jpg,marcus.willershausen@riksdagen.se,Porträttbild till Wikipedia under fri licens,"Hej Marcus Willershausen,

Jag bidrar till Wikipedia och vill gärna att artikeln om dig ska kunna illustreras med en aktuell porträttbild. Skulle du kunna hjälpa oss genom att ladda upp en bild till Wikimedia Commons under en fri licens, exempelvis CC BY 4.0?

Här finns Wikipedia-artiklarna om dig:
- sv: Marcus Willershausen – https://sv.wikipedia.org/wiki/Marcus_Willershausen
- en: Marcus Willershausen – https://en.wikipedia.org/wiki/Marcus_Willershausen

Det kräver att fotografen eller den som äger rättigheterna godkänner licensen. Fotografen anges vid användning, och bilden får återanvändas och bearbetas, även i kommersiella sammanhang.

Digg och PRV rekommenderar öppna licenser för offentlig information, som ett komplement till EU öppna data-direktiv från 2019 (https://eur-lex.europa.eu/legal-content/SV/TXT/?uri=CELEX%3A32019L1024). Riksdagens nuvarande bildvillkor anger däremot ingen sådan tydlig fri licens för ledamöternas porträtt trots begäran om det.

En bild från dig vore ett konkret steg framåt. Jag hjälper gärna till med uppladdningen och uppgifter om fotograf och licens.
Du får också gärna lyfta frågan inom riksdagen: varför inte publicera ledamöternas porträtt som ett samlat dataset med tydliga fria licenser?
Hjälp oss att komma vidare och göra våra folkvalda lättare att presentera på Wikipedia.

Vänliga hälsningar,
<ange ditt namn>",ja,finns,2026-10-08T18:55:41Z,Marcus Willershausen,finns,2026-10-08T18:55:43Z,Marcus Willershausen,Stockholms län,False,sv: https://sv.wikipedia.org/wiki/Marcus_Willershausen; en: https://en.wikipedia.org/wiki/Marcus_Willershausen,,,
Marianne Littke,L,Skåne läns norra och östra,Tjänstgörande riksdagsledamot,1965,36b02267-849b-4d27-a209-07427615e518,085691144610,Q141509810,Saknar bild (P18),,,https://data.riksdagen.se/filarkiv/bilder/ledamot/36b02267-849b-4d27-a209-07427615e518_192.jpg,marianne.littke@riksdagen.se,Porträttbild till Wikipedia under fri licens,"Hej Marianne Littke,

Jag bidrar till Wikipedia och vill gärna att artikeln om dig ska kunna illustreras med en aktuell porträttbild. Skulle du kunna hjälpa oss genom att ladda upp en bild till Wikimedia Commons under en fri licens, exempelvis CC BY 4.0?

Här finns Wikipedia-artiklarna om dig:
- sv: Marianne Littke – https://sv.wikipedia.org/wiki/Marianne_Littke

Det kräver att fotografen eller den som äger rättigheterna godkänner licensen. Fotografen anges vid användning, och bilden får återanvändas och bearbetas, även i kommersiella sammanhang.

Digg och PRV rekommenderar öppna licenser för offentlig information, som ett komplement till EU öppna data-direktiv från 2019 (https://eur-lex.europa.eu/legal-content/SV/TXT/?uri=CELEX%3A32019L1024). Riksdagens nuvarande bildvillkor anger däremot ingen sådan tydlig fri licens för ledamöternas porträtt trots begäran om det.

En bild från dig vore ett konkret steg framåt. Jag hjälper gärna till med uppladdningen och uppgifter om fotograf och licens.
Du får också gärna lyfta frågan inom riksdagen: varför inte publicera ledamöternas porträtt som ett samlat dataset med tydliga fria licenser?
Hjälp oss att komma vidare och göra våra folkvalda lättare att presentera på Wikipedia.

Vänliga hälsningar,
<ange ditt namn>",ja,finns,2026-10-08T18:55:41Z,Marianne Littke,finns,2026-10-08T18:55:43Z,Marianne Littke,Skåne län,False,sv: https://sv.wikipedia.org/wiki/Marianne_Littke,,,
Martin Melin,L,Stockholms kommun,Tjänstgörande statsrådsersättare,1967,99210e96-940b-4a89-9ce4-964d378087e1,0576122429317,Q5983849,Har bild (P18),http://commons.wikimedia.org/wiki/Special:FilePath/Martin%20Melin%202011.jpg; http://commons.wikimedia.org/wiki/Special:FilePath/Martin%20Melin%20in%20August%202013.jpg,,https://data.riksdagen.se/filarkiv/bilder/ledamot/99210e96-940b-4a89-9ce4-964d378087e1_192.jpg,martin.melin@riksdagen.se,Porträttbild till Wikipedia under fri licens,"Hej Martin Melin,

Jag bidrar till Wikipedia och vill gärna att artikeln om dig ska kunna illustreras med en aktuell porträttbild. Skulle du kunna hjälpa oss genom att ladda upp en bild till Wikimedia Commons under en fri licens, exempelvis CC BY 4.0?

Här finns Wikipedia-artiklarna om dig:
- sv: Martin Melin (polis) – https://sv.wikipedia.org/wiki/Martin_Melin_(polis)
- en: Martin Melin – https://en.wikipedia.org/wiki/Martin_Melin

Det kräver att fotografen eller den som äger rättigheterna godkänner licensen. Fotografen anges vid användning, och bilden får återanvändas och bearbetas, även i kommersiella sammanhang.

Digg och PRV rekommenderar öppna licenser för offentlig information, som ett komplement till EU öppna data-direktiv från 2019 (https://eur-lex.europa.eu/legal-content/SV/TXT/?uri=CELEX%3A32019L1024). Riksdagens nuvarande bildvillkor anger däremot ingen sådan tydlig fri licens för ledamöternas porträtt trots begäran om det.

En bild från dig vore ett konkret steg framåt. Jag hjälper gärna till med uppladdningen och uppgifter om fotograf och licens.
Du får också gärna lyfta frågan inom riksdagen: varför inte publicera ledamöternas porträtt som ett samlat dataset med tydliga fria licenser?
Hjälp oss att komma vidare och göra våra folkvalda lättare att presentera på Wikipedia.

Vänliga hälsningar,
<ange ditt namn>",ja,ej_aktuell,,,finns,2026-10-08T18:55:43Z,Martin Melin (polis),Stockholms län,True,sv: https://sv.wikipedia.org/wiki/Martin_Melin_(polis); en: https://en.wikipedia.org/wiki/Martin_Melin,CC BY-SA 3.0; CC BY-SA 4.0,Albin Olsson; Frankie Fouganthin,https://commons.wikimedia.org/wiki/File:Martin_Melin_2011.jpg; https://commons.wikimedia.org/wiki/File:Martin_Melin_in_August_2013.jpg
Mauricio Rojas,L,Skåne läns västra,Tjänstgörande riksdagsledamot,1950,9582a1f0-fdb6-4f0e-a066-bc410e032160,0591055036519,Q2396467,Har bild (P18),http://commons.wikimedia.org/wiki/Special:FilePath/Mauricio%20Rojas%20Mullor%20%28official%20portrait%29.png,,https://data.riksdagen.se/filarkiv/bilder/ledamot/9582a1f0-fdb6-4f0e-a066-bc410e032160_192.jpg,mauricio.rojas@riksdagen.se,Porträttbild till Wikipedia under fri licens,"Hej Mauricio Rojas,

Jag bidrar till Wikipedia och vill gärna att artikeln om dig ska kunna illustreras med en aktuell porträttbild. Skulle du kunna hjälpa oss genom att ladda upp en bild till Wikimedia Commons under en fri licens, exempelvis CC BY 4.0?

Här finns Wikipedia-artiklarna om dig:
- sv: Mauricio Rojas – https://sv.wikipedia.org/wiki/Mauricio_Rojas
- en: Mauricio Rojas – https://en.wikipedia.org/wiki/Mauricio_Rojas
- ar: ماوريسيو روجاس – https://ar.wikipedia.org/wiki/%D9%85%D8%A7%D9%88%D8%B1%D9%8A%D8%B3%D9%8A%D9%88_%D8%B1%D9%88%D8%AC%D8%A7%D8%B3
- arz: ماوريسيو روجاس – https://arz.wikipedia.org/wiki/%D9%85%D8%A7%D9%88%D8%B1%D9%8A%D8%B3%D9%8A%D9%88_%D8%B1%D9%88%D8%AC%D8%A7%D8%B3
- de: Mauricio Rojas Mullor – https://de.wikipedia.org/wiki/Mauricio_Rojas_Mullor
- es: Mauricio Rojas Mullor – https://es.wikipedia.org/wiki/Mauricio_Rojas_Mullor
- it: Mauricio Rojas – https://it.wikipedia.org/wiki/Mauricio_Rojas
- no: Mauricio Rojas – https://no.wikipedia.org/wiki/Mauricio_Rojas

Det kräver att fotografen eller den som äger rättigheterna godkänner licensen. Fotografen anges vid användning, och bilden får återanvändas och bearbetas, även i kommersiella sammanhang.

Digg och PRV rekommenderar öppna licenser för offentlig information, som ett komplement till EU öppna data-direktiv från 2019 (https://eur-lex.europa.eu/legal-content/SV/TXT/?uri=CELEX%3A32019L1024). Riksdagens nuvarande bildvillkor anger däremot ingen sådan tydlig fri licens för ledamöternas porträtt trots begäran om det.

En bild från dig vore ett konkret steg framåt. Jag hjälper gärna till med uppladdningen och uppgifter om fotograf och licens.
Du får också gärna lyfta frågan inom riksdagen: varför inte publicera ledamöternas porträtt som ett samlat dataset med tydliga fria licenser?
Hjälp oss att komma vidare och göra våra folkvalda lättare att presentera på Wikipedia.

Vänliga hälsningar,
<ange ditt namn>",ja,ej_aktuell,,,finns,2026-10-08T18:55:43Z,Mauricio Rojas,Skåne län,True,sv: https://sv.wikipedia.org/wiki/Mauricio_Rojas; en: https://en.wikipedia.org/wiki/Mauricio_Rojas; ar: https://ar.wikipedia.org/wiki/%D9%85%D8%A7%D9%88%D8%B1%D9%8A%D8%B3%D9%8A%D9%88_%D8%B1%D9%88%D8%AC%D8%A7%D8%B3; arz: https://arz.wikipedia.org/wiki/%D9%85%D8%A7%D9%88%D8%B1%D9%8A%D8%B3%D9%8A%D9%88_%D8%B1%D9%88%D8%AC%D8%A7%D8%B3; de: https://de.wikipedia.org/wiki/Mauricio_Rojas_Mullor; es: https://es.wikipedia.org/wiki/Mauricio_Rojas_Mullor; it: https://it.wikipedia.org/wiki/Mauricio_Rojas; no: https://no.wikipedia.org/wiki/Mauricio_Rojas,CC BY 3.0 cl,"Ministerio de las Culturas, Las Artes y el Patrimonio, Gobierno de Chile.",https://commons.wikimedia.org/wiki/File:Mauricio_Rojas_Mullor_(official_portrait).png
Patrik Karlson,L,Östergötlands län,Tjänstgörande riksdagsledamot,1987,75418838-bb8e-4b7b-964a-967085876d4b,0973350087929,Q124745556,Saknar bild (P18),,,https://data.riksdagen.se/filarkiv/bilder/ledamot/75418838-bb8e-4b7b-964a-967085876d4b_192.jpg,patrik.karlson@riksdagen.se,Porträttbild till Wikipedia under fri licens,"Hej Patrik Karlson,

Jag bidrar till Wikipedia och vill gärna att artikeln om dig ska kunna illustreras med en aktuell porträttbild. Skulle du kunna hjälpa oss genom att ladda upp en bild till Wikimedia Commons under en fri licens, exempelvis CC BY 4.0?

Här finns Wikipedia-artiklarna om dig:
- sv: Patrik Karlson (politiker) – https://sv.wikipedia.org/wiki/Patrik_Karlson_(politiker)

Det kräver att fotografen eller den som äger rättigheterna godkänner licensen. Fotografen anges vid användning, och bilden får återanvändas och bearbetas, även i kommersiella sammanhang.

Digg och PRV rekommenderar öppna licenser för offentlig information, som ett komplement till EU öppna data-direktiv från 2019 (https://eur-lex.europa.eu/legal-content/SV/TXT/?uri=CELEX%3A32019L1024). Riksdagens nuvarande bildvillkor anger däremot ingen sådan tydlig fri licens för ledamöternas porträtt trots begäran om det.

En bild från dig vore ett konkret steg framåt. Jag hjälper gärna till med uppladdningen och uppgifter om fotograf och licens.
Du får också gärna lyfta frågan inom riksdagen: varför inte publicera ledamöternas porträtt som ett samlat dataset med tydliga fria licenser?
Hjälp oss att komma vidare och göra våra folkvalda lättare att presentera på Wikipedia.

Vänliga hälsningar,
<ange ditt namn>",ja,finns,2026-10-08T18:55:42Z,Patrik Karlson (politiker),finns,2026-10-08T18:55:44Z,Patrik Karlson (politiker),Östergötlands län,False,sv: https://sv.wikipedia.org/wiki/Patrik_Karlson_(politiker),,,
Pär Gustafsson,L,Göteborgs kommun,Tjänstgörande statsrådsersättare,1983,c90539fa-b041-4e4a-a10c-7b3356060f0d,0296399299324,Q5778017,Saknar bild (P18),,,https://data.riksdagen.se/filarkiv/bilder/ledamot/c90539fa-b041-4e4a-a10c-7b3356060f0d_192.jpg,par.gustafsson@riksdagen.se,Porträttbild till Wikipedia under fri licens,"Hej Pär Gustafsson,

Jag bidrar till Wikipedia och vill gärna att artikeln om dig ska kunna illustreras med en aktuell porträttbild. Skulle du kunna hjälpa oss genom att ladda upp en bild till Wikimedia Commons under en fri licens, exempelvis CC BY 4.0?

Här finns Wikipedia-artiklarna om dig:
- sv: Pär Gustafsson – https://sv.wikipedia.org/wiki/P%C3%A4r_Gustafsson

Det kräver att fotografen eller den som äger rättigheterna godkänner licensen. Fotografen anges vid användning, och bilden får återanvändas och bearbetas, även i kommersiella sammanhang.

Digg och PRV rekommenderar öppna licenser för offentlig information, som ett komplement till EU öppna data-direktiv från 2019 (https://eur-lex.europa.eu/legal-content/SV/TXT/?uri=CELEX%3A32019L1024). Riksdagens nuvarande bildvillkor anger däremot ingen sådan tydlig fri licens för ledamöternas porträtt trots begäran om det.

En bild från dig vore ett konkret steg framåt. Jag hjälper gärna till med uppladdningen och uppgifter om fotograf och licens.
Du får också gärna lyfta frågan inom riksdagen: varför inte publicera ledamöternas porträtt som ett samlat dataset med tydliga fria licenser?
Hjälp oss att komma vidare och göra våra folkvalda lättare att presentera på Wikipedia.

Vänliga hälsningar,
<ange ditt namn>",ja,finns,2026-10-08T18:55:42Z,Pär Gustafsson,finns,2026-10-08T18:55:44Z,Pär Gustafsson,Västra Götalands län,False,sv: https://sv.wikipedia.org/wiki/P%C3%A4r_Gustafsson,,,
Roger Haddad,L,Västmanlands län,Tjänstgörande riksdagsledamot,1978,521898f1-51de-46ff-8701-d28b8a0e651d,0308306375022,Q5781437,Har bild (P18),http://commons.wikimedia.org/wiki/Special:FilePath/Roger%20Haddad.jpg,,https://data.riksdagen.se/filarkiv/bilder/ledamot/521898f1-51de-46ff-8701-d28b8a0e651d_192.jpg,roger.haddad@riksdagen.se,Porträttbild till Wikipedia under fri licens,"Hej Roger Haddad,

Jag bidrar till Wikipedia och vill gärna att artikeln om dig ska kunna illustreras med en aktuell porträttbild. Skulle du kunna hjälpa oss genom att ladda upp en bild till Wikimedia Commons under en fri licens, exempelvis CC BY 4.0?

Här finns Wikipedia-artiklarna om dig:
- sv: Roger Haddad – https://sv.wikipedia.org/wiki/Roger_Haddad
- arz: روجير هاداد – https://arz.wikipedia.org/wiki/%D8%B1%D9%88%D8%AC%D9%8A%D8%B1_%D9%87%D8%A7%D8%AF%D8%A7%D8%AF

Det kräver att fotografen eller den som äger rättigheterna godkänner licensen. Fotografen anges vid användning, och bilden får återanvändas och bearbetas, även i kommersiella sammanhang.

Digg och PRV rekommenderar öppna licenser för offentlig information, som ett komplement till EU öppna data-direktiv från 2019 (https://eur-lex.europa.eu/legal-content/SV/TXT/?uri=CELEX%3A32019L1024). Riksdagens nuvarande bildvillkor anger däremot ingen sådan tydlig fri licens för ledamöternas porträtt trots begäran om det.

En bild från dig vore ett konkret steg framåt. Jag hjälper gärna till med uppladdningen och uppgifter om fotograf och licens.
Du får också gärna lyfta frågan inom riksdagen: varför inte publicera ledamöternas porträtt som ett samlat dataset med tydliga fria licenser?
Hjälp oss att komma vidare och göra våra folkvalda lättare att presentera på Wikipedia.

Vänliga hälsningar,
<ange ditt namn>",ja,ej_aktuell,,,finns,2026-10-08T18:55:44Z,Roger Haddad,Västmanlands län,True,sv: https://sv.wikipedia.org/wiki/Roger_Haddad; arz: https://arz.wikipedia.org/wiki/%D8%B1%D9%88%D8%AC%D9%8A%D8%B1_%D9%87%D8%A7%D8%AF%D8%A7%D8%AF,CC BY-SA 3.0,Esquilo,https://commons.wikimedia.org/wiki/File:Roger_Haddad.jpg
Willhelm Sundman,L,Örebro län,Tjänstgörande riksdagsledamot,1992,9aea1fd5-c372-44da-8746-1a9770c6da0a,0148532412629,Q141502087,Saknar bild (P18),,,https://data.riksdagen.se/filarkiv/bilder/ledamot/9aea1fd5-c372-44da-8746-1a9770c6da0a_192.jpg,willhelm.sundman@riksdagen.se,Porträttbild till Wikipedia under fri licens,"Hej Willhelm Sundman,

Jag bidrar till Wikipedia och vill gärna att artikeln om dig ska kunna illustreras med en aktuell porträttbild. Skulle du kunna hjälpa oss genom att ladda upp en bild till Wikimedia Commons under en fri licens, exempelvis CC BY 4.0?

Här finns Wikipedia-artiklarna om dig:
- sv: Willhelm Sundman – https://sv.wikipedia.org/wiki/Willhelm_Sundman
- en: Willhelm Sundman – https://en.wikipedia.org/wiki/Willhelm_Sundman

Det kräver att fotografen eller den som äger rättigheterna godkänner licensen. Fotografen anges vid användning, och bilden får återanvändas och bearbetas, även i kommersiella sammanhang.

Digg och PRV rekommenderar öppna licenser för offentlig information, som ett komplement till EU öppna data-direktiv från 2019 (https://eur-lex.europa.eu/legal-content/SV/TXT/?uri=CELEX%3A32019L1024). Riksdagens nuvarande bildvillkor anger däremot ingen sådan tydlig fri licens för ledamöternas porträtt trots begäran om det.

En bild från dig vore ett konkret steg framåt. Jag hjälper gärna till med uppladdningen och uppgifter om fotograf och licens.
Du får också gärna lyfta frågan inom riksdagen: varför inte publicera ledamöternas porträtt som ett samlat dataset med tydliga fria licenser?
Hjälp oss att komma vidare och göra våra folkvalda lättare att presentera på Wikipedia.

Vänliga hälsningar,
<ange ditt namn>",ja,finns,2026-10-08T18:55:42Z,Willhelm Sundman,finns,2026-10-08T18:55:44Z,Willhelm Sundman,Örebro län,False,sv: https://sv.wikipedia.org/wiki/Willhelm_Sundman; en: https://en.wikipedia.org/wiki/Willhelm_Sundman,,,
Adam Reuterskiöld,M,Stockholms län,Tjänstgörande riksdagsledamot,1966,cbde60e5-7333-4e7c-8582-2dba9808983e,04571388712,Q40741721,Saknar bild (P18),,,https://data.riksdagen.se/filarkiv/bilder/ledamot/cbde60e5-7333-4e7c-8582-2dba9808983e_192.jpg,adam.reuterskiold@riksdagen.se,Porträttbild till Wikipedia under fri licens,"Hej Adam Reuterskiöld,

Jag bidrar till Wikipedia och vill gärna att artikeln om dig ska kunna illustreras med en aktuell porträttbild. Skulle du kunna hjälpa oss genom att ladda upp en bild till Wikimedia Commons under en fri licens, exempelvis CC BY 4.0?

Här finns Wikipedia-artiklarna om dig:
- sv: Adam Reuterskiöld (moderat) – https://sv.wikipedia.org/wiki/Adam_Reuterski%C3%B6ld_(moderat)
- en: Adam Reuterskiöld – https://en.wikipedia.org/wiki/Adam_Reuterski%C3%B6ld

Det kräver att fotografen eller den som äger rättigheterna godkänner licensen. Fotografen anges vid användning, och bilden får återanvändas och bearbetas, även i kommersiella sammanhang.

Digg och PRV rekommenderar öppna licenser för offentlig information, som ett komplement till EU öppna data-direktiv från 2019 (https://eur-lex.europa.eu/legal-content/SV/TXT/?uri=CELEX%3A32019L1024). Riksdagens nuvarande bildvillkor anger däremot ingen sådan tydlig fri licens för ledamöternas porträtt trots begäran om det.

En bild från dig vore ett konkret steg framåt. Jag hjälper gärna till med uppladdningen och uppgifter om fotograf och licens.
Du får också gärna lyfta frågan inom riksdagen: varför inte publicera ledamöternas porträtt som ett samlat dataset med tydliga fria licenser?
Hjälp oss att komma vidare och göra våra folkvalda lättare att presentera på Wikipedia.

Vänliga hälsningar,
<ange ditt namn>",ja,finns,2026-10-08T18:55:40Z,Adam Reuterskiöld (moderat),finns,2026-10-08T18:55:42Z,Adam Reuterskiöld (moderat),Stockholms län,False,sv: https://sv.wikipedia.org/wiki/Adam_Reuterski%C3%B6ld_(moderat); en: https://en.wikipedia.org/wiki/Adam_Reuterski%C3%B6ld,,,
Alexander Rosenberg,M,Stockholms län,Tjänstgörande statsrådsersättare,1988,57b013ab-aeb8-4572-baf7-d6e913ac1785,0542980071622,Q141664357,Saknar bild (P18),,,https://data.riksdagen.se/filarkiv/bilder/ledamot/57b013ab-aeb8-4572-baf7-d6e913ac1785_192.jpg,alexander.rosenberg@riksdagen.se,Porträttbild till Wikipedia under fri licens,"Hej Alexander Rosenberg,

Jag bidrar till Wikipedia och vill gärna att artikeln om dig ska kunna illustreras med en aktuell porträttbild. Skulle du kunna hjälpa oss genom att ladda upp en bild till Wikimedia Commons under en fri licens, exempelvis CC BY 4.0?

Här finns Wikipedia-artiklarna om dig:
- sv: Alexander Rosenberg – https://sv.wikipedia.org/wiki/Alexander_Rosenberg

Det kräver att fotografen eller den som äger rättigheterna godkänner licensen. Fotografen anges vid användning, och bilden får återanvändas och bearbetas, även i kommersiella sammanhang.

Digg och PRV rekommenderar öppna licenser för offentlig information, som ett komplement till EU öppna data-direktiv från 2019 (https://eur-lex.europa.eu/legal-content/SV/TXT/?uri=CELEX%3A32019L1024). Riksdagens nuvarande bildvillkor anger däremot ingen sådan tydlig fri licens för ledamöternas porträtt trots begäran om det.

En bild från dig vore ett konkret steg framåt. Jag hjälper gärna till med uppladdningen och uppgifter om fotograf och licens.
Du får också gärna lyfta frågan inom riksdagen: varför inte publicera ledamöternas porträtt som ett samlat dataset med tydliga fria licenser?
Hjälp oss att komma vidare och göra våra folkvalda lättare att presentera på Wikipedia.

Vänliga hälsningar,
<ange ditt namn>",ja,finns,2026-10-08T18:55:40Z,Alexander Rosenberg,finns,2026-10-08T18:55:42Z,Alexander Rosenberg,Stockholms län,False,sv: https://sv.wikipedia.org/wiki/Alexander_Rosenberg,,,
Alexander Svensson,M,Skåne läns västra,Tjänstgörande riksdagsledamot,1995,461db39e-7c0a-4f5a-9f94-462d84ee6f47,0743233841823,Q141505363,Saknar bild (P18),,,https://data.riksdagen.se/filarkiv/bilder/ledamot/461db39e-7c0a-4f5a-9f94-462d84ee6f47_192.jpg,alexander.svensson@riksdagen.se,Porträttbild till Wikipedia under fri licens,"Hej Alexander Svensson,

Jag bidrar till Wikipedia och vill gärna att artikeln om dig ska kunna illustreras med en aktuell porträttbild. Skulle du kunna hjälpa oss genom att ladda upp en bild till Wikimedia Commons under en fri licens, exempelvis CC BY 4.0?

Här finns Wikipedia-artiklarna om dig:
- sv: Alexander Svensson – https://sv.wikipedia.org/wiki/Alexander_Svensson
- en: Alexander Svensson – https://en.wikipedia.org/wiki/Alexander_Svensson

Det kräver att fotografen eller den som äger rättigheterna godkänner licensen. Fotografen anges vid användning, och bilden får återanvändas och bearbetas, även i kommersiella sammanhang.

Digg och PRV rekommenderar öppna licenser för offentlig information, som ett komplement till EU öppna data-direktiv från 2019 (https://eur-lex.europa.eu/legal-content/SV/TXT/?uri=CELEX%3A32019L1024). Riksdagens nuvarande bildvillkor anger däremot ingen sådan tydlig fri licens för ledamöternas porträtt trots begäran om det.

En bild från dig vore ett konkret steg framåt. Jag hjälper gärna till med uppladdningen och uppgifter om fotograf och licens.
Du får också gärna lyfta frågan inom riksdagen: varför inte publicera ledamöternas porträtt som ett samlat dataset med tydliga fria licenser?
Hjälp oss att komma vidare och göra våra folkvalda lättare att presentera på Wikipedia.

Vänliga hälsningar,
<ange ditt namn>",ja,finns,2026-10-08T18:55:40Z,Alexander Svensson,finns,2026-10-08T18:55:42Z,Alexander Svensson,Skåne län,False,sv: https://sv.wikipedia.org/wiki/Alexander_Svensson; en: https://en.wikipedia.org/wiki/Alexander_Svensson,,,
Alexandra Anstrell,M,Stockholms län,Tjänstgörande riksdagsledamot,1974,8310e472-996b-4c8a-bce5-4d09fb20a66a,0866055333028,Q30035697,Har bild (P18),http://commons.wikimedia.org/wiki/Special:FilePath/Alexandra%20Anstrell%20in%202024.jpg,,https://data.riksdagen.se/filarkiv/bilder/ledamot/8310e472-996b-4c8a-bce5-4d09fb20a66a_192.jpg,alexandra.anstrell@riksdagen.se,Porträttbild till Wikipedia under fri licens,"Hej Alexandra Anstrell,

Jag bidrar till Wikipedia och vill gärna att artikeln om dig ska kunna illustreras med en aktuell porträttbild. Skulle du kunna hjälpa oss genom att ladda upp en bild till Wikimedia Commons under en fri licens, exempelvis CC BY 4.0?

Här finns Wikipedia-artiklarna om dig:
- sv: Alexandra Anstrell – https://sv.wikipedia.org/wiki/Alexandra_Anstrell
- en: Alexandra Anstrell – https://en.wikipedia.org/wiki/Alexandra_Anstrell

Det kräver att fotografen eller den som äger rättigheterna godkänner licensen. Fotografen anges vid användning, och bilden får återanvändas och bearbetas, även i kommersiella sammanhang.

Digg och PRV rekommenderar öppna licenser för offentlig information, som ett komplement till EU öppna data-direktiv från 2019 (https://eur-lex.europa.eu/legal-content/SV/TXT/?uri=CELEX%3A32019L1024). Riksdagens nuvarande bildvillkor anger däremot ingen sådan tydlig fri licens för ledamöternas porträtt trots begäran om det.

En bild från dig vore ett konkret steg framåt. Jag hjälper gärna till med uppladdningen och uppgifter om fotograf och licens.
Du får också gärna lyfta frågan inom riksdagen: varför inte publicera ledamöternas porträtt som ett samlat dataset med tydliga fria licenser?
Hjälp oss att komma vidare och göra våra folkvalda lättare att presentera på Wikipedia.

Vänliga hälsningar,
<ange ditt namn>",ja,ej_aktuell,,,finns,2026-10-08T18:55:42Z,Alexandra Anstrell,Stockholms län,True,sv: https://sv.wikipedia.org/wiki/Alexandra_Anstrell; en: https://en.wikipedia.org/wiki/Alexandra_Anstrell,CC BY-SA 4.0,Frankie Fouganthin,https://commons.wikimedia.org/wiki/File:Alexandra_Anstrell_in_2024.jpg
Alice Landerholm,M,Södermanlands län,Tjänstgörande statsrådsersättare,2003,624b359e-4675-4efe-83fa-52f663a0806a,0287286742398,Q123382669,Har bild (P18),http://commons.wikimedia.org/wiki/Special:FilePath/Alice%20Landerholm.jpg,,https://data.riksdagen.se/filarkiv/bilder/ledamot/624b359e-4675-4efe-83fa-52f663a0806a_192.jpg,alice.landerholm@riksdagen.se,Porträttbild till Wikipedia under fri licens,"Hej Alice Landerholm,

Jag bidrar till Wikipedia och vill gärna att artikeln om dig ska kunna illustreras med en aktuell porträttbild. Skulle du kunna hjälpa oss genom att ladda upp en bild till Wikimedia Commons under en fri licens, exempelvis CC BY 4.0?

Här finns Wikipedia-artiklarna om dig:
- sv: Alice Landerholm – https://sv.wikipedia.org/wiki/Alice_Landerholm
- en: Alice Landerholm – https://en.wikipedia.org/wiki/Alice_Landerholm

Det kräver att fotografen eller den som äger rättigheterna godkänner licensen. Fotografen anges vid användning, och bilden får återanvändas och bearbetas, även i kommersiella sammanhang.

Digg och PRV rekommenderar öppna licenser för offentlig information, som ett komplement till EU öppna data-direktiv från 2019 (https://eur-lex.europa.eu/legal-content/SV/TXT/?uri=CELEX%3A32019L1024). Riksdagens nuvarande bildvillkor anger däremot ingen sådan tydlig fri licens för ledamöternas porträtt trots begäran om det.

En bild från dig vore ett konkret steg framåt. Jag hjälper gärna till med uppladdningen och uppgifter om fotograf och licens.
Du får också gärna lyfta frågan inom riksdagen: varför inte publicera ledamöternas porträtt som ett samlat dataset med tydliga fria licenser?
Hjälp oss att komma vidare och göra våra folkvalda lättare att presentera på Wikipedia.

Vänliga hälsningar,
<ange ditt namn>",ja,ej_aktuell,,,finns,2026-10-08T18:55:42Z,Alice Landerholm,Södermanlands län,True,sv: https://sv.wikipedia.org/wiki/Alice_Landerholm; en: https://en.wikipedia.org/wiki/Alice_Landerholm,CC BY-SA 4.0,Bene Riobó,https://commons.wikimedia.org/wiki/File:Alice_Landerholm.jpg
Amanda Thonander,M,Skåne läns södra,Tjänstgörande riksdagsledamot,1996,856a13c2-983e-4c47-9ce0-ae0689803009,0366024425628,Q141505331,Saknar bild (P18),,,https://data.riksdagen.se/filarkiv/bilder/ledamot/856a13c2-983e-4c47-9ce0-ae0689803009_192.jpg,amanda.thonander@riksdagen.se,Porträttbild till Wikipedia under fri licens,"Hej Amanda Thonander,

Jag bidrar till Wikipedia och vill gärna att artikeln om dig ska kunna illustreras med en aktuell porträttbild. Skulle du kunna hjälpa oss genom att ladda upp en bild till Wikimedia Commons under en fri licens, exempelvis CC BY 4.0?

Här finns Wikipedia-artiklarna om dig:
- sv: Amanda Thonander – https://sv.wikipedia.org/wiki/Amanda_Thonander
- en: Amanda Thonander – https://en.wikipedia.org/wiki/Amanda_Thonander

Det kräver att fotografen eller den som äger rättigheterna godkänner licensen. Fotografen anges vid användning, och bilden får återanvändas och bearbetas, även i kommersiella sammanhang.

Digg och PRV rekommenderar öppna licenser för offentlig information, som ett komplement till EU öppna data-direktiv från 2019 (https://eur-lex.europa.eu/legal-content/SV/TXT/?uri=CELEX%3A32019L1024). Riksdagens nuvarande bildvillkor anger däremot ingen sådan tydlig fri licens för ledamöternas porträtt trots begäran om det.

En bild från dig vore ett konkret steg framåt. Jag hjälper gärna till med uppladdningen och uppgifter om fotograf och licens.
Du får också gärna lyfta frågan inom riksdagen: varför inte publicera ledamöternas porträtt som ett samlat dataset med tydliga fria licenser?
Hjälp oss att komma vidare och göra våra folkvalda lättare att presentera på Wikipedia.

Vänliga hälsningar,
<ange ditt namn>",ja,finns,2026-10-08T18:55:40Z,Amanda Thonander,finns,2026-10-08T18:55:42Z,Amanda Thonander,Skåne län,False,sv: https://sv.wikipedia.org/wiki/Amanda_Thonander; en: https://en.wikipedia.org/wiki/Amanda_Thonander,,,
Ann-Sofie Alm,M,Västra Götalands läns norra,Tjänstgörande riksdagsledamot,1971,f91f6a86-591c-449c-b3dd-1fdaa86338cd,028954589415,Q59269310,Saknar bild (P18),,,https://data.riksdagen.se/filarkiv/bilder/ledamot/f91f6a86-591c-449c-b3dd-1fdaa86338cd_192.jpg,ann-sofie.alm@riksdagen.se,Porträttbild till Wikipedia under fri licens,"Hej Ann-Sofie Alm,

Jag bidrar till Wikipedia och vill gärna att artikeln om dig ska kunna illustreras med en aktuell porträttbild. Skulle du kunna hjälpa oss genom att ladda upp en bild till Wikimedia Commons under en fri licens, exempelvis CC BY 4.0?

Här finns Wikipedia-artiklarna om dig:
- sv: Ann-Sofie Alm – https://sv.wikipedia.org/wiki/Ann-Sofie_Alm
- en: Ann-Sofie Alm – https://en.wikipedia.org/wiki/Ann-Sofie_Alm

Det kräver att fotografen eller den som äger rättigheterna godkänner licensen. Fotografen anges vid användning, och bilden får återanvändas och bearbetas, även i kommersiella sammanhang.

Digg och PRV rekommenderar öppna licenser för offentlig information, som ett komplement till EU öppna data-direktiv från 2019 (https://eur-lex.europa.eu/legal-content/SV/TXT/?uri=CELEX%3A32019L1024). Riksdagens nuvarande bildvillkor anger däremot ingen sådan tydlig fri licens för ledamöternas porträtt trots begäran om det.

En bild från dig vore ett konkret steg framåt. Jag hjälper gärna till med uppladdningen och uppgifter om fotograf och licens.
Du får också gärna lyfta frågan inom riksdagen: varför inte publicera ledamöternas porträtt som ett samlat dataset med tydliga fria licenser?
Hjälp oss att komma vidare och göra våra folkvalda lättare att presentera på Wikipedia.

Vänliga hälsningar,
<ange ditt namn>",ja,finns,2026-10-08T18:55:40Z,Ann-Sofie Alm,finns,2026-10-08T18:55:42Z,Ann-Sofie Alm,Västra Götalands län,False,sv: https://sv.wikipedia.org/wiki/Ann-Sofie_Alm; en: https://en.wikipedia.org/wiki/Ann-Sofie_Alm,,,
Anna Vedin,M,Västra Götalands läns västra,Tjänstgörande riksdagsledamot,1966,1242843a-e0eb-4758-9f6a-e674c4dbb6c3,0163772273014,Q124334755,Saknar bild (P18),,,https://data.riksdagen.se/filarkiv/bilder/ledamot/1242843a-e0eb-4758-9f6a-e674c4dbb6c3_192.jpg,anna.vedin@riksdagen.se,Porträttbild till Wikipedia under fri licens,"Hej Anna Vedin,

Jag bidrar till Wikipedia och vill gärna att artikeln om dig ska kunna illustreras med en aktuell porträttbild. Skulle du kunna hjälpa oss genom att ladda upp en bild till Wikimedia Commons under en fri licens, exempelvis CC BY 4.0?

Här finns Wikipedia-artiklarna om dig:
- sv: Anna Vedin – https://sv.wikipedia.org/wiki/Anna_Vedin

Det kräver att fotografen eller den som äger rättigheterna godkänner licensen. Fotografen anges vid användning, och bilden får återanvändas och bearbetas, även i kommersiella sammanhang.

Digg och PRV rekommenderar öppna licenser för offentlig information, som ett komplement till EU öppna data-direktiv från 2019 (https://eur-lex.europa.eu/legal-content/SV/TXT/?uri=CELEX%3A32019L1024). Riksdagens nuvarande bildvillkor anger däremot ingen sådan tydlig fri licens för ledamöternas porträtt trots begäran om det.

En bild från dig vore ett konkret steg framåt. Jag hjälper gärna till med uppladdningen och uppgifter om fotograf och licens.
Du får också gärna lyfta frågan inom riksdagen: varför inte publicera ledamöternas porträtt som ett samlat dataset med tydliga fria licenser?
Hjälp oss att komma vidare och göra våra folkvalda lättare att presentera på Wikipedia.

Vänliga hälsningar,
<ange ditt namn>",ja,finns,2026-10-08T18:55:40Z,Anna Vedin,finns,2026-10-08T18:55:42Z,Anna Vedin,Västra Götalands län,False,sv: https://sv.wikipedia.org/wiki/Anna_Vedin,,,
Anna af Sillén,M,Södermanlands län,Tjänstgörande riksdagsledamot,1976,29ba1ada-536f-4fd9-8d87-d96c7ac21f2d,0592345073323,Q114772539,Saknar bild (P18),,,https://data.riksdagen.se/filarkiv/bilder/ledamot/29ba1ada-536f-4fd9-8d87-d96c7ac21f2d_192.jpg,anna.af.sillen@riksdagen.se,Porträttbild till Wikipedia under fri licens,"Hej Anna af Sillén,

Jag bidrar till Wikipedia och vill gärna att artikeln om dig ska kunna illustreras med en aktuell porträttbild. Skulle du kunna hjälpa oss genom att ladda upp en bild till Wikimedia Commons under en fri licens, exempelvis CC BY 4.0?

Här finns Wikipedia-artiklarna om dig:
- sv: Anna af Sillén – https://sv.wikipedia.org/wiki/Anna_af_Sill%C3%A9n
- en: Anna af Sillén – https://en.wikipedia.org/wiki/Anna_af_Sill%C3%A9n

Det kräver att fotografen eller den som äger rättigheterna godkänner licensen. Fotografen anges vid användning, och bilden får återanvändas och bearbetas, även i kommersiella sammanhang.

Digg och PRV rekommenderar öppna licenser för offentlig information, som ett komplement till EU öppna data-direktiv från 2019 (https://eur-lex.europa.eu/legal-content/SV/TXT/?uri=CELEX%3A32019L1024). Riksdagens nuvarande bildvillkor anger däremot ingen sådan tydlig fri licens för ledamöternas porträtt trots begäran om det.

En bild från dig vore ett konkret steg framåt. Jag hjälper gärna till med uppladdningen och uppgifter om fotograf och licens.
Du får också gärna lyfta frågan inom riksdagen: varför inte publicera ledamöternas porträtt som ett samlat dataset med tydliga fria licenser?
Hjälp oss att komma vidare och göra våra folkvalda lättare att presentera på Wikipedia.

Vänliga hälsningar,
<ange ditt namn>",ja,finns,2026-10-08T18:55:40Z,Anna af Sillén,finns,2026-10-08T18:55:42Z,Anna af Sillén,Södermanlands län,False,sv: https://sv.wikipedia.org/wiki/Anna_af_Sill%C3%A9n; en: https://en.wikipedia.org/wiki/Anna_af_Sill%C3%A9n,,,
Annelie Hastig Olsson,M,Västra Götalands läns södra,Tjänstgörande riksdagsledamot,1974,e084c616-f0ef-44cc-8c9c-92088e106972,0348035469126,Q141527863,Saknar bild (P18),,,https://data.riksdagen.se/filarkiv/bilder/ledamot/e084c616-f0ef-44cc-8c9c-92088e106972_192.jpg,annelie.hastig.olsson@riksdagen.se,Porträttbild till Wikipedia under fri licens,"Hej Annelie Hastig Olsson,

Jag bidrar till Wikipedia och vill gärna att artikeln om dig ska kunna illustreras med en aktuell porträttbild. Skulle du kunna hjälpa oss genom att ladda upp en bild till Wikimedia Commons under en fri licens, exempelvis CC BY 4.0?

Här finns Wikipedia-artiklarna om dig:
- sv: Annelie Hastig Olsson – https://sv.wikipedia.org/wiki/Annelie_Hastig_Olsson

Det kräver att fotografen eller den som äger rättigheterna godkänner licensen. Fotografen anges vid användning, och bilden får återanvändas och bearbetas, även i kommersiella sammanhang.

Digg och PRV rekommenderar öppna licenser för offentlig information, som ett komplement till EU öppna data-direktiv från 2019 (https://eur-lex.europa.eu/legal-content/SV/TXT/?uri=CELEX%3A32019L1024). Riksdagens nuvarande bildvillkor anger däremot ingen sådan tydlig fri licens för ledamöternas porträtt trots begäran om det.

En bild från dig vore ett konkret steg framåt. Jag hjälper gärna till med uppladdningen och uppgifter om fotograf och licens.
Du får också gärna lyfta frågan inom riksdagen: varför inte publicera ledamöternas porträtt som ett samlat dataset med tydliga fria licenser?
Hjälp oss att komma vidare och göra våra folkvalda lättare att presentera på Wikipedia.

Vänliga hälsningar,
<ange ditt namn>",ja,finns,2026-10-08T18:55:40Z,Annelie Hastig Olsson,finns,2026-10-08T18:55:42Z,Annelie Hastig Olsson,Västra Götalands län,False,sv: https://sv.wikipedia.org/wiki/Annelie_Hastig_Olsson,,,
Boriana Åberg,M,Skåne läns södra,Tjänstgörande riksdagsledamot,1968,d3628aa4-ea6a-4466-8e2c-f3d0cb2d9cad,0105632258713,Q4990984,Har bild (P18),http://commons.wikimedia.org/wiki/Special:FilePath/Boriana%20%C3%85berg%2001.JPG,,https://data.riksdagen.se/filarkiv/bilder/ledamot/d3628aa4-ea6a-4466-8e2c-f3d0cb2d9cad_192.jpg,boriana.aberg@riksdagen.se,Porträttbild till Wikipedia under fri licens,"Hej Boriana Åberg,

Jag bidrar till Wikipedia och vill gärna att artikeln om dig ska kunna illustreras med en aktuell porträttbild. Skulle du kunna hjälpa oss genom att ladda upp en bild till Wikimedia Commons under en fri licens, exempelvis CC BY 4.0?

Här finns Wikipedia-artiklarna om dig:
- sv: Boriana Åberg – https://sv.wikipedia.org/wiki/Boriana_%C3%85berg
- en: Boriana Åberg – https://en.wikipedia.org/wiki/Boriana_%C3%85berg
- arz: بوريانا اوبيرج – https://arz.wikipedia.org/wiki/%D8%A8%D9%88%D8%B1%D9%8A%D8%A7%D9%86%D8%A7_%D8%A7%D9%88%D8%A8%D9%8A%D8%B1%D8%AC
- ha: Boriana Åberg – https://ha.wikipedia.org/wiki/Boriana_%C3%85berg
- ig: Boriana Åberg – https://ig.wikipedia.org/wiki/Boriana_%C3%85berg
- mk: Боријана Оберг – https://mk.wikipedia.org/wiki/%D0%91%D0%BE%D1%80%D0%B8%D1%98%D0%B0%D0%BD%D0%B0_%D0%9E%D0%B1%D0%B5%D1%80%D0%B3
- ru: Оберг, Бориана – https://ru.wikipedia.org/wiki/%D0%9E%D0%B1%D0%B5%D1%80%D0%B3,_%D0%91%D0%BE%D1%80%D0%B8%D0%B0%D0%BD%D0%B0
- yo: Boriana Åberg – https://yo.wikipedia.org/wiki/Boriana_%C3%85berg
- zh: 歐柏莉 – https://zh.wikipedia.org/wiki/%E6%AD%90%E6%9F%8F%E8%8E%89

Det kräver att fotografen eller den som äger rättigheterna godkänner licensen. Fotografen anges vid användning, och bilden får återanvändas och bearbetas, även i kommersiella sammanhang.

Digg och PRV rekommenderar öppna licenser för offentlig information, som ett komplement till EU öppna data-direktiv från 2019 (https://eur-lex.europa.eu/legal-content/SV/TXT/?uri=CELEX%3A32019L1024). Riksdagens nuvarande bildvillkor anger däremot ingen sådan tydlig fri licens för ledamöternas porträtt trots begäran om det.

En bild från dig vore ett konkret steg framåt. Jag hjälper gärna till med uppladdningen och uppgifter om fotograf och licens.
Du får också gärna lyfta frågan inom riksdagen: varför inte publicera ledamöternas porträtt som ett samlat dataset med tydliga fria licenser?
Hjälp oss att komma vidare och göra våra folkvalda lättare att presentera på Wikipedia.

Vänliga hälsningar,
<ange ditt namn>",ja,ej_aktuell,,,finns,2026-10-08T18:55:43Z,Boriana Åberg,Skåne län,True,"sv: https://sv.wikipedia.org/wiki/Boriana_%C3%85berg; en: https://en.wikipedia.org/wiki/Boriana_%C3%85berg; arz: https://arz.wikipedia.org/wiki/%D8%A8%D9%88%D8%B1%D9%8A%D8%A7%D9%86%D8%A7_%D8%A7%D9%88%D8%A8%D9%8A%D8%B1%D8%AC; ha: https://ha.wikipedia.org/wiki/Boriana_%C3%85berg; ig: https://ig.wikipedia.org/wiki/Boriana_%C3%85berg; mk: https://mk.wikipedia.org/wiki/%D0%91%D0%BE%D1%80%D0%B8%D1%98%D0%B0%D0%BD%D0%B0_%D0%9E%D0%B1%D0%B5%D1%80%D0%B3; ru: https://ru.wikipedia.org/wiki/%D0%9E%D0%B1%D0%B5%D1%80%D0%B3,_%D0%91%D0%BE%D1%80%D0%B8%D0%B0%D0%BD%D0%B0; yo: https://yo.wikipedia.org/wiki/Boriana_%C3%85berg; zh: https://zh.wikipedia.org/wiki/%E6%AD%90%E6%9F%8F%E8%8E%89",CC BY-SA 4.0,Bengt Oberger,https://commons.wikimedia.org/wiki/File:Boriana_%C3%85berg_01.JPG
Carl Nordblom,M,Stockholms kommun,Tjänstgörande riksdagsledamot,1994,645d7ec6-f5b4-4aa7-894c-bb86da008bae,0723133822026,Q114772436,Saknar bild (P18),,,https://data.riksdagen.se/filarkiv/bilder/ledamot/645d7ec6-f5b4-4aa7-894c-bb86da008bae_192.jpg,carl.nordblom@riksdagen.se,Porträttbild till Wikipedia under fri licens,"Hej Carl Nordblom,

Jag bidrar till Wikipedia och vill gärna att artikeln om dig ska kunna illustreras med en aktuell porträttbild. Skulle du kunna hjälpa oss genom att ladda upp en bild till Wikimedia Commons under en fri licens, exempelvis CC BY 4.0?

Här finns Wikipedia-artiklarna om dig:
- sv: Carl Nordblom – https://sv.wikipedia.org/wiki/Carl_Nordblom
- en: Carl Nordblom – https://en.wikipedia.org/wiki/Carl_Nordblom

Det kräver att fotografen eller den som äger rättigheterna godkänner licensen. Fotografen anges vid användning, och bilden får återanvändas och bearbetas, även i kommersiella sammanhang.

Digg och PRV rekommenderar öppna licenser för offentlig information, som ett komplement till EU öppna data-direktiv från 2019 (https://eur-lex.europa.eu/legal-content/SV/TXT/?uri=CELEX%3A32019L1024). Riksdagens nuvarande bildvillkor anger däremot ingen sådan tydlig fri licens för ledamöternas porträtt trots begäran om det.

En bild från dig vore ett konkret steg framåt. Jag hjälper gärna till med uppladdningen och uppgifter om fotograf och licens.
Du får också gärna lyfta frågan inom riksdagen: varför inte publicera ledamöternas porträtt som ett samlat dataset med tydliga fria licenser?
Hjälp oss att komma vidare och göra våra folkvalda lättare att presentera på Wikipedia.

Vänliga hälsningar,
<ange ditt namn>",ja,finns,2026-10-08T18:55:41Z,Carl Nordblom,finns,2026-10-08T18:55:43Z,Carl Nordblom,Stockholms län,False,sv: https://sv.wikipedia.org/wiki/Carl_Nordblom; en: https://en.wikipedia.org/wiki/Carl_Nordblom,,,
Caroline Högström,M,Västmanlands län,Tjänstgörande riksdagsledamot,1991,4f4ca426-62df-4eb0-8f56-6a6ae9bdf4e9,0525562399327,Q114031256,Saknar bild (P18),,,https://data.riksdagen.se/filarkiv/bilder/ledamot/4f4ca426-62df-4eb0-8f56-6a6ae9bdf4e9_192.jpg,caroline.hogstrom@riksdagen.se,Porträttbild till Wikipedia under fri licens,"Hej Caroline Högström,

Jag bidrar till Wikipedia och vill gärna att artikeln om dig ska kunna illustreras med en aktuell porträttbild. Skulle du kunna hjälpa oss genom att ladda upp en bild till Wikimedia Commons under en fri licens, exempelvis CC BY 4.0?

Här finns Wikipedia-artiklarna om dig:
- sv: Caroline Högström – https://sv.wikipedia.org/wiki/Caroline_H%C3%B6gstr%C3%B6m
- en: Caroline Högström – https://en.wikipedia.org/wiki/Caroline_H%C3%B6gstr%C3%B6m

Det kräver att fotografen eller den som äger rättigheterna godkänner licensen. Fotografen anges vid användning, och bilden får återanvändas och bearbetas, även i kommersiella sammanhang.

Digg och PRV rekommenderar öppna licenser för offentlig information, som ett komplement till EU öppna data-direktiv från 2019 (https://eur-lex.europa.eu/legal-content/SV/TXT/?uri=CELEX%3A32019L1024). Riksdagens nuvarande bildvillkor anger däremot ingen sådan tydlig fri licens för ledamöternas porträtt trots begäran om det.

En bild från dig vore ett konkret steg framåt. Jag hjälper gärna till med uppladdningen och uppgifter om fotograf och licens.
Du får också gärna lyfta frågan inom riksdagen: varför inte publicera ledamöternas porträtt som ett samlat dataset med tydliga fria licenser?
Hjälp oss att komma vidare och göra våra folkvalda lättare att presentera på Wikipedia.

Vänliga hälsningar,
<ange ditt namn>",ja,finns,2026-10-08T18:55:41Z,Caroline Högström,finns,2026-10-08T18:55:43Z,Caroline Högström,Västmanlands län,False,sv: https://sv.wikipedia.org/wiki/Caroline_H%C3%B6gstr%C3%B6m; en: https://en.wikipedia.org/wiki/Caroline_H%C3%B6gstr%C3%B6m,,,
Charlotte Broberg,M,Stockholms kommun,Tjänstgörande statsrådsersättare,1968,c0864bde-326e-4461-b2be-89f2b3db3ee8,0575282798912,Q4940700,Saknar bild (P18),,,https://data.riksdagen.se/filarkiv/bilder/ledamot/c0864bde-326e-4461-b2be-89f2b3db3ee8_192.jpg,charlotte.broberg@riksdagen.se,Porträttbild till Wikipedia under fri licens,"Hej Charlotte Broberg,

Jag bidrar till Wikipedia och vill gärna att artikeln om dig ska kunna illustreras med en aktuell porträttbild. Skulle du kunna hjälpa oss genom att ladda upp en bild till Wikimedia Commons under en fri licens, exempelvis CC BY 4.0?

Här finns Wikipedia-artiklarna om dig:
- sv: Charlotte Broberg – https://sv.wikipedia.org/wiki/Charlotte_Broberg

Det kräver att fotografen eller den som äger rättigheterna godkänner licensen. Fotografen anges vid användning, och bilden får återanvändas och bearbetas, även i kommersiella sammanhang.

Digg och PRV rekommenderar öppna licenser för offentlig information, som ett komplement till EU öppna data-direktiv från 2019 (https://eur-lex.europa.eu/legal-content/SV/TXT/?uri=CELEX%3A32019L1024). Riksdagens nuvarande bildvillkor anger däremot ingen sådan tydlig fri licens för ledamöternas porträtt trots begäran om det.

En bild från dig vore ett konkret steg framåt. Jag hjälper gärna till med uppladdningen och uppgifter om fotograf och licens.
Du får också gärna lyfta frågan inom riksdagen: varför inte publicera ledamöternas porträtt som ett samlat dataset med tydliga fria licenser?
Hjälp oss att komma vidare och göra våra folkvalda lättare att presentera på Wikipedia.

Vänliga hälsningar,
<ange ditt namn>",ja,finns,2026-10-08T18:55:41Z,Charlotte Broberg,finns,2026-10-08T18:55:43Z,Charlotte Broberg,Stockholms län,False,sv: https://sv.wikipedia.org/wiki/Charlotte_Broberg,,,
Charlotte Nordström,M,Västra Götalands läns östra,Tjänstgörande riksdagsledamot,1963,c3f37b2d-c8a6-430f-8617-8f1cadd8354d,0834510274913,Q4970153,Har bild (P18),http://commons.wikimedia.org/wiki/Special:FilePath/CharlotteNordstrom.jpg,,https://data.riksdagen.se/filarkiv/bilder/ledamot/c3f37b2d-c8a6-430f-8617-8f1cadd8354d_192.jpg,charlotte.nordstrom@riksdagen.se,Porträttbild till Wikipedia under fri licens,"Hej Charlotte Nordström,

Jag bidrar till Wikipedia och vill gärna att artikeln om dig ska kunna illustreras med en aktuell porträttbild. Skulle du kunna hjälpa oss genom att ladda upp en bild till Wikimedia Commons under en fri licens, exempelvis CC BY 4.0?

Här finns Wikipedia-artiklarna om dig:
- sv: Charlotte Nordström – https://sv.wikipedia.org/wiki/Charlotte_Nordstr%C3%B6m
- en: Charlotte Nordström – https://en.wikipedia.org/wiki/Charlotte_Nordstr%C3%B6m
- arz: تشارلوت نوردستروم – https://arz.wikipedia.org/wiki/%D8%AA%D8%B4%D8%A7%D8%B1%D9%84%D9%88%D8%AA_%D9%86%D9%88%D8%B1%D8%AF%D8%B3%D8%AA%D8%B1%D9%88%D9%85

Det kräver att fotografen eller den som äger rättigheterna godkänner licensen. Fotografen anges vid användning, och bilden får återanvändas och bearbetas, även i kommersiella sammanhang.

Digg och PRV rekommenderar öppna licenser för offentlig information, som ett komplement till EU öppna data-direktiv från 2019 (https://eur-lex.europa.eu/legal-content/SV/TXT/?uri=CELEX%3A32019L1024). Riksdagens nuvarande bildvillkor anger däremot ingen sådan tydlig fri licens för ledamöternas porträtt trots begäran om det.

En bild från dig vore ett konkret steg framåt. Jag hjälper gärna till med uppladdningen och uppgifter om fotograf och licens.
Du får också gärna lyfta frågan inom riksdagen: varför inte publicera ledamöternas porträtt som ett samlat dataset med tydliga fria licenser?
Hjälp oss att komma vidare och göra våra folkvalda lättare att presentera på Wikipedia.

Vänliga hälsningar,
<ange ditt namn>",ja,ej_aktuell,,,finns,2026-10-08T18:55:43Z,Charlotte Nordström,Västra Götalands län,True,sv: https://sv.wikipedia.org/wiki/Charlotte_Nordstr%C3%B6m; en: https://en.wikipedia.org/wiki/Charlotte_Nordstr%C3%B6m; arz: https://arz.wikipedia.org/wiki/%D8%AA%D8%B4%D8%A7%D8%B1%D9%84%D9%88%D8%AA_%D9%86%D9%88%D8%B1%D8%AF%D8%B3%D8%AA%D8%B1%D9%88%D9%85,CC BY-SA 4.0,Idunius,https://commons.wikimedia.org/wiki/File:CharlotteNordstrom.jpg
Crister Carlsson,M,Dalarnas län,Tjänstgörande riksdagsledamot,1963,392a2ddd-593e-430b-9181-794b99a1ec7c,0387230530213,Q114772305,Saknar bild (P18),,,https://data.riksdagen.se/filarkiv/bilder/ledamot/392a2ddd-593e-430b-9181-794b99a1ec7c_192.jpg,crister.carlsson@riksdagen.se,Porträttbild till Wikipedia under fri licens,"Hej Crister Carlsson,

Jag bidrar till Wikipedia och vill gärna att artikeln om dig ska kunna illustreras med en aktuell porträttbild. Skulle du kunna hjälpa oss genom att ladda upp en bild till Wikimedia Commons under en fri licens, exempelvis CC BY 4.0?

Här finns Wikipedia-artiklarna om dig:
- sv: Crister Carlsson – https://sv.wikipedia.org/wiki/Crister_Carlsson

Det kräver att fotografen eller den som äger rättigheterna godkänner licensen. Fotografen anges vid användning, och bilden får återanvändas och bearbetas, även i kommersiella sammanhang.

Digg och PRV rekommenderar öppna licenser för offentlig information, som ett komplement till EU öppna data-direktiv från 2019 (https://eur-lex.europa.eu/legal-content/SV/TXT/?uri=CELEX%3A32019L1024). Riksdagens nuvarande bildvillkor anger däremot ingen sådan tydlig fri licens för ledamöternas porträtt trots begäran om det.

En bild från dig vore ett konkret steg framåt. Jag hjälper gärna till med uppladdningen och uppgifter om fotograf och licens.
Du får också gärna lyfta frågan inom riksdagen: varför inte publicera ledamöternas porträtt som ett samlat dataset med tydliga fria licenser?
Hjälp oss att komma vidare och göra våra folkvalda lättare att presentera på Wikipedia.

Vänliga hälsningar,
<ange ditt namn>",ja,finns,2026-10-08T18:55:41Z,Crister Carlsson,finns,2026-10-08T18:55:43Z,Crister Carlsson,Dalarnas län,False,sv: https://sv.wikipedia.org/wiki/Crister_Carlsson,,,
Daniel Lyckestam,M,Skåne läns norra och östra,Tjänstgörande riksdagsledamot,1991,3dd7b65b-f441-43da-819a-be40f6070208,0855092600927,Q141505157,Saknar bild (P18),,,https://data.riksdagen.se/filarkiv/bilder/ledamot/3dd7b65b-f441-43da-819a-be40f6070208_192.jpg,daniel.lyckestam@riksdagen.se,Porträttbild till Wikipedia under fri licens,"Hej Daniel Lyckestam,

Jag bidrar till Wikipedia och vill gärna att artikeln om dig ska kunna illustreras med en aktuell porträttbild. Skulle du kunna hjälpa oss genom att ladda upp en bild till Wikimedia Commons under en fri licens, exempelvis CC BY 4.0?

Här finns Wikipedia-artiklarna om dig:
- sv: Daniel Lyckestam – https://sv.wikipedia.org/wiki/Daniel_Lyckestam
- en: Daniel Lyckestam – https://en.wikipedia.org/wiki/Daniel_Lyckestam

Det kräver att fotografen eller den som äger rättigheterna godkänner licensen. Fotografen anges vid användning, och bilden får återanvändas och bearbetas, även i kommersiella sammanhang.

Digg och PRV rekommenderar öppna licenser för offentlig information, som ett komplement till EU öppna data-direktiv från 2019 (https://eur-lex.europa.eu/legal-content/SV/TXT/?uri=CELEX%3A32019L1024). Riksdagens nuvarande bildvillkor anger däremot ingen sådan tydlig fri licens för ledamöternas porträtt trots begäran om det.

En bild från dig vore ett konkret steg framåt. Jag hjälper gärna till med uppladdningen och uppgifter om fotograf och licens.
Du får också gärna lyfta frågan inom riksdagen: varför inte publicera ledamöternas porträtt som ett samlat dataset med tydliga fria licenser?
Hjälp oss att komma vidare och göra våra folkvalda lättare att presentera på Wikipedia.

Vänliga hälsningar,
<ange ditt namn>",ja,finns,2026-10-08T18:55:41Z,Daniel Lyckestam,finns,2026-10-08T18:55:43Z,Daniel Lyckestam,Skåne län,False,sv: https://sv.wikipedia.org/wiki/Daniel_Lyckestam; en: https://en.wikipedia.org/wiki/Daniel_Lyckestam,,,
David Josefsson,M,Göteborgs kommun,Tjänstgörande riksdagsledamot,1983,5d9734c8-d757-4862-8f2e-c292824120a7,0503029811325,Q70574439,Saknar bild (P18),,,https://data.riksdagen.se/filarkiv/bilder/ledamot/5d9734c8-d757-4862-8f2e-c292824120a7_192.jpg,david.josefsson@riksdagen.se,Porträttbild till Wikipedia under fri licens,"Hej David Josefsson,

Jag bidrar till Wikipedia och vill gärna att artikeln om dig ska kunna illustreras med en aktuell porträttbild. Skulle du kunna hjälpa oss genom att ladda upp en bild till Wikimedia Commons under en fri licens, exempelvis CC BY 4.0?

Här finns Wikipedia-artiklarna om dig:
- sv: David Josefsson – https://sv.wikipedia.org/wiki/David_Josefsson
- en: David Josefsson – https://en.wikipedia.org/wiki/David_Josefsson

Det kräver att fotografen eller den som äger rättigheterna godkänner licensen. Fotografen anges vid användning, och bilden får återanvändas och bearbetas, även i kommersiella sammanhang.

Digg och PRV rekommenderar öppna licenser för offentlig information, som ett komplement till EU öppna data-direktiv från 2019 (https://eur-lex.europa.eu/legal-content/SV/TXT/?uri=CELEX%3A32019L1024). Riksdagens nuvarande bildvillkor anger däremot ingen sådan tydlig fri licens för ledamöternas porträtt trots begäran om det.

En bild från dig vore ett konkret steg framåt. Jag hjälper gärna till med uppladdningen och uppgifter om fotograf och licens.
Du får också gärna lyfta frågan inom riksdagen: varför inte publicera ledamöternas porträtt som ett samlat dataset med tydliga fria licenser?
Hjälp oss att komma vidare och göra våra folkvalda lättare att presentera på Wikipedia.

Vänliga hälsningar,
<ange ditt namn>",ja,finns,2026-10-08T18:55:41Z,David Josefsson,finns,2026-10-08T18:55:43Z,David Josefsson,Västra Götalands län,False,sv: https://sv.wikipedia.org/wiki/David_Josefsson; en: https://en.wikipedia.org/wiki/David_Josefsson,,,
Dennis Alvdén,M,Västra Götalands läns västra,Tjänstgörande statsrådsersättare,1997,367c7989-e778-4ed4-a58a-62d1419d3ae3,0983384083620,Q114349586,Saknar bild (P18),,,https://data.riksdagen.se/filarkiv/bilder/ledamot/367c7989-e778-4ed4-a58a-62d1419d3ae3_192.jpg,dennis.alvden@riksdagen.se,Porträttbild till Wikipedia under fri licens,"Hej Dennis Alvdén,

Jag bidrar till Wikipedia och vill gärna att artikeln om dig ska kunna illustreras med en aktuell porträttbild. Skulle du kunna hjälpa oss genom att ladda upp en bild till Wikimedia Commons under en fri licens, exempelvis CC BY 4.0?

Här finns Wikipedia-artiklarna om dig:
- sv: Dennis Alvdén – https://sv.wikipedia.org/wiki/Dennis_Alvd%C3%A9n
- en: Dennis Alvdén – https://en.wikipedia.org/wiki/Dennis_Alvd%C3%A9n

Det kräver att fotografen eller den som äger rättigheterna godkänner licensen. Fotografen anges vid användning, och bilden får återanvändas och bearbetas, även i kommersiella sammanhang.

Digg och PRV rekommenderar öppna licenser för offentlig information, som ett komplement till EU öppna data-direktiv från 2019 (https://eur-lex.europa.eu/legal-content/SV/TXT/?uri=CELEX%3A32019L1024). Riksdagens nuvarande bildvillkor anger däremot ingen sådan tydlig fri licens för ledamöternas porträtt trots begäran om det.

En bild från dig vore ett konkret steg framåt. Jag hjälper gärna till med uppladdningen och uppgifter om fotograf och licens.
Du får också gärna lyfta frågan inom riksdagen: varför inte publicera ledamöternas porträtt som ett samlat dataset med tydliga fria licenser?
Hjälp oss att komma vidare och göra våra folkvalda lättare att presentera på Wikipedia.

Vänliga hälsningar,
<ange ditt namn>",ja,finns,2026-10-08T18:55:41Z,Dennis Alvdén,finns,2026-10-08T18:55:43Z,Dennis Alvdén,Västra Götalands län,False,sv: https://sv.wikipedia.org/wiki/Dennis_Alvd%C3%A9n; en: https://en.wikipedia.org/wiki/Dennis_Alvd%C3%A9n,,,
Edward Riedl,M,Västerbottens län,Tjänstgörande riksdagsledamot,1976,eaa4ca85-20f4-4375-8b76-61febbcf37f6,0273506284025,Q6071900,Har bild (P18),http://commons.wikimedia.org/wiki/Special:FilePath/Edward%20Riedl.jpg,,https://data.riksdagen.se/filarkiv/bilder/ledamot/eaa4ca85-20f4-4375-8b76-61febbcf37f6_192.jpg,edward.riedl@riksdagen.se,Porträttbild till Wikipedia under fri licens,"Hej Edward Riedl,

Jag bidrar till Wikipedia och vill gärna att artikeln om dig ska kunna illustreras med en aktuell porträttbild. Skulle du kunna hjälpa oss genom att ladda upp en bild till Wikimedia Commons under en fri licens, exempelvis CC BY 4.0?

Här finns Wikipedia-artiklarna om dig:
- sv: Edward Riedl – https://sv.wikipedia.org/wiki/Edward_Riedl
- en: Edward Riedl – https://en.wikipedia.org/wiki/Edward_Riedl
- arz: ادوارد ريدل – https://arz.wikipedia.org/wiki/%D8%A7%D8%AF%D9%88%D8%A7%D8%B1%D8%AF_%D8%B1%D9%8A%D8%AF%D9%84

Det kräver att fotografen eller den som äger rättigheterna godkänner licensen. Fotografen anges vid användning, och bilden får återanvändas och bearbetas, även i kommersiella sammanhang.

Digg och PRV rekommenderar öppna licenser för offentlig information, som ett komplement till EU öppna data-direktiv från 2019 (https://eur-lex.europa.eu/legal-content/SV/TXT/?uri=CELEX%3A32019L1024). Riksdagens nuvarande bildvillkor anger däremot ingen sådan tydlig fri licens för ledamöternas porträtt trots begäran om det.

En bild från dig vore ett konkret steg framåt. Jag hjälper gärna till med uppladdningen och uppgifter om fotograf och licens.
Du får också gärna lyfta frågan inom riksdagen: varför inte publicera ledamöternas porträtt som ett samlat dataset med tydliga fria licenser?
Hjälp oss att komma vidare och göra våra folkvalda lättare att presentera på Wikipedia.

Vänliga hälsningar,
<ange ditt namn>",ja,ej_aktuell,,,finns,2026-10-08T18:55:43Z,Edward Riedl,Västerbottens län,True,sv: https://sv.wikipedia.org/wiki/Edward_Riedl; en: https://en.wikipedia.org/wiki/Edward_Riedl; arz: https://arz.wikipedia.org/wiki/%D8%A7%D8%AF%D9%88%D8%A7%D8%B1%D8%AF_%D8%B1%D9%8A%D8%AF%D9%84,CC BY-SA 3.0,Esquilo,https://commons.wikimedia.org/wiki/File:Edward_Riedl.jpg
Elise Ryder Wikén,M,Jämtlands län,Tjänstgörande riksdagsledamot,1968,d1d8b76e-e3ae-4301-b6de-4c9b07ca65a1,0613012481513,Q112116318,Saknar bild (P18),,,https://data.riksdagen.se/filarkiv/bilder/ledamot/d1d8b76e-e3ae-4301-b6de-4c9b07ca65a1_192.jpg,elise.ryder.wiken@riksdagen.se,Porträttbild till Wikipedia under fri licens,"Hej Elise Ryder Wikén,

Jag bidrar till Wikipedia och vill gärna att artikeln om dig ska kunna illustreras med en aktuell porträttbild. Skulle du kunna hjälpa oss genom att ladda upp en bild till Wikimedia Commons under en fri licens, exempelvis CC BY 4.0?

Här finns Wikipedia-artiklarna om dig:
- sv: Elise Ryder Wikén – https://sv.wikipedia.org/wiki/Elise_Ryder_Wik%C3%A9n

Det kräver att fotografen eller den som äger rättigheterna godkänner licensen. Fotografen anges vid användning, och bilden får återanvändas och bearbetas, även i kommersiella sammanhang.

Digg och PRV rekommenderar öppna licenser för offentlig information, som ett komplement till EU öppna data-direktiv från 2019 (https://eur-lex.europa.eu/legal-content/SV/TXT/?uri=CELEX%3A32019L1024). Riksdagens nuvarande bildvillkor anger däremot ingen sådan tydlig fri licens för ledamöternas porträtt trots begäran om det.

En bild från dig vore ett konkret steg framåt. Jag hjälper gärna till med uppladdningen och uppgifter om fotograf och licens.
Du får också gärna lyfta frågan inom riksdagen: varför inte publicera ledamöternas porträtt som ett samlat dataset med tydliga fria licenser?
Hjälp oss att komma vidare och göra våra folkvalda lättare att presentera på Wikipedia.

Vänliga hälsningar,
<ange ditt namn>",ja,finns,2026-10-08T18:55:41Z,Elise Ryder Wikén,finns,2026-10-08T18:55:43Z,Elise Ryder Wikén,Jämtlands län,False,sv: https://sv.wikipedia.org/wiki/Elise_Ryder_Wik%C3%A9n,,,
Erik Ottoson,M,Stockholms län,Tjänstgörande riksdagsledamot,1989,0f90ef03-a652-45a1-b697-39a33b32e512,0832311880029,Q19977128,Har bild (P18),http://commons.wikimedia.org/wiki/Special:FilePath/Erik%20Ottoson.jpg,,https://data.riksdagen.se/filarkiv/bilder/ledamot/0f90ef03-a652-45a1-b697-39a33b32e512_192.jpg,erik.ottoson@riksdagen.se,Porträttbild till Wikipedia under fri licens,"Hej Erik Ottoson,

Jag bidrar till Wikipedia och vill gärna att artikeln om dig ska kunna illustreras med en aktuell porträttbild. Skulle du kunna hjälpa oss genom att ladda upp en bild till Wikimedia Commons under en fri licens, exempelvis CC BY 4.0?

Här finns Wikipedia-artiklarna om dig:
- sv: Erik Ottoson – https://sv.wikipedia.org/wiki/Erik_Ottoson
- en: Erik Ottoson – https://en.wikipedia.org/wiki/Erik_Ottoson
- arz: اريك اوتوسون – https://arz.wikipedia.org/wiki/%D8%A7%D8%B1%D9%8A%D9%83_%D8%A7%D9%88%D8%AA%D9%88%D8%B3%D9%88%D9%86

Det kräver att fotografen eller den som äger rättigheterna godkänner licensen. Fotografen anges vid användning, och bilden får återanvändas och bearbetas, även i kommersiella sammanhang.

Digg och PRV rekommenderar öppna licenser för offentlig information, som ett komplement till EU öppna data-direktiv från 2019 (https://eur-lex.europa.eu/legal-content/SV/TXT/?uri=CELEX%3A32019L1024). Riksdagens nuvarande bildvillkor anger däremot ingen sådan tydlig fri licens för ledamöternas porträtt trots begäran om det.

En bild från dig vore ett konkret steg framåt. Jag hjälper gärna till med uppladdningen och uppgifter om fotograf och licens.
Du får också gärna lyfta frågan inom riksdagen: varför inte publicera ledamöternas porträtt som ett samlat dataset med tydliga fria licenser?
Hjälp oss att komma vidare och göra våra folkvalda lättare att presentera på Wikipedia.

Vänliga hälsningar,
<ange ditt namn>",ja,ej_aktuell,,,finns,2026-10-08T18:55:43Z,Erik Ottoson,Stockholms län,True,sv: https://sv.wikipedia.org/wiki/Erik_Ottoson; en: https://en.wikipedia.org/wiki/Erik_Ottoson; arz: https://arz.wikipedia.org/wiki/%D8%A7%D8%B1%D9%8A%D9%83_%D8%A7%D9%88%D8%AA%D9%88%D8%B3%D9%88%D9%86,CC BY-SA 4.0,Sveriges Riksdag,https://commons.wikimedia.org/wiki/File:Erik_Ottoson.jpg
Fredrik Ahlstedt,M,Uppsala län,Tjänstgörande riksdagsledamot,1968,8403346f-0f0c-4d48-bbd0-f6b43b368873,0327372175911,Q47506077,Saknar bild (P18),,,https://data.riksdagen.se/filarkiv/bilder/ledamot/8403346f-0f0c-4d48-bbd0-f6b43b368873_192.jpg,fredrik.ahlstedt@riksdagen.se,Porträttbild till Wikipedia under fri licens,"Hej Fredrik Ahlstedt,

Jag bidrar till Wikipedia och vill gärna att artikeln om dig ska kunna illustreras med en aktuell porträttbild. Skulle du kunna hjälpa oss genom att ladda upp en bild till Wikimedia Commons under en fri licens, exempelvis CC BY 4.0?

Här finns Wikipedia-artiklarna om dig:
- sv: Fredrik Ahlstedt (politiker) – https://sv.wikipedia.org/wiki/Fredrik_Ahlstedt_(politiker)
- en: Fredrik Ahlstedt (politician) – https://en.wikipedia.org/wiki/Fredrik_Ahlstedt_(politician)

Det kräver att fotografen eller den som äger rättigheterna godkänner licensen. Fotografen anges vid användning, och bilden får återanvändas och bearbetas, även i kommersiella sammanhang.

Digg och PRV rekommenderar öppna licenser för offentlig information, som ett komplement till EU öppna data-direktiv från 2019 (https://eur-lex.europa.eu/legal-content/SV/TXT/?uri=CELEX%3A32019L1024). Riksdagens nuvarande bildvillkor anger däremot ingen sådan tydlig fri licens för ledamöternas porträtt trots begäran om det.

En bild från dig vore ett konkret steg framåt. Jag hjälper gärna till med uppladdningen och uppgifter om fotograf och licens.
Du får också gärna lyfta frågan inom riksdagen: varför inte publicera ledamöternas porträtt som ett samlat dataset med tydliga fria licenser?
Hjälp oss att komma vidare och göra våra folkvalda lättare att presentera på Wikipedia.

Vänliga hälsningar,
<ange ditt namn>",ja,finns,2026-10-08T18:55:41Z,Fredrik Ahlstedt (politiker),finns,2026-10-08T18:55:43Z,Fredrik Ahlstedt (politiker),Uppsala län,False,sv: https://sv.wikipedia.org/wiki/Fredrik_Ahlstedt_(politiker); en: https://en.wikipedia.org/wiki/Fredrik_Ahlstedt_(politician),,,
Fredrik Kärrholm,M,Stockholms län,Tjänstgörande riksdagsledamot,1985,6bb98a9d-c575-4c86-9470-48b1ecc5dc16,0600069352021,Q99528690,Har bild (P18),http://commons.wikimedia.org/wiki/Special:FilePath/Fredrik%20karrholm.jpg,,https://data.riksdagen.se/filarkiv/bilder/ledamot/6bb98a9d-c575-4c86-9470-48b1ecc5dc16_192.jpg,fredrik.karrholm@riksdagen.se,Porträttbild till Wikipedia under fri licens,"Hej Fredrik Kärrholm,

Jag bidrar till Wikipedia och vill gärna att artikeln om dig ska kunna illustreras med en aktuell porträttbild. Skulle du kunna hjälpa oss genom att ladda upp en bild till Wikimedia Commons under en fri licens, exempelvis CC BY 4.0?

Här finns Wikipedia-artiklarna om dig:
- sv: Fredrik Kärrholm – https://sv.wikipedia.org/wiki/Fredrik_K%C3%A4rrholm
- en: Fredrik Kärrholm – https://en.wikipedia.org/wiki/Fredrik_K%C3%A4rrholm

Det kräver att fotografen eller den som äger rättigheterna godkänner licensen. Fotografen anges vid användning, och bilden får återanvändas och bearbetas, även i kommersiella sammanhang.

Digg och PRV rekommenderar öppna licenser för offentlig information, som ett komplement till EU öppna data-direktiv från 2019 (https://eur-lex.europa.eu/legal-content/SV/TXT/?uri=CELEX%3A32019L1024). Riksdagens nuvarande bildvillkor anger däremot ingen sådan tydlig fri licens för ledamöternas porträtt trots begäran om det.

En bild från dig vore ett konkret steg framåt. Jag hjälper gärna till med uppladdningen och uppgifter om fotograf och licens.
Du får också gärna lyfta frågan inom riksdagen: varför inte publicera ledamöternas porträtt som ett samlat dataset med tydliga fria licenser?
Hjälp oss att komma vidare och göra våra folkvalda lättare att presentera på Wikipedia.

Vänliga hälsningar,
<ange ditt namn>",ja,ej_aktuell,,,finns,2026-10-08T18:55:43Z,Fredrik Kärrholm,Stockholms län,True,sv: https://sv.wikipedia.org/wiki/Fredrik_K%C3%A4rrholm; en: https://en.wikipedia.org/wiki/Fredrik_K%C3%A4rrholm,CC BY-SA 4.0,Nikrifit,https://commons.wikimedia.org/wiki/File:Fredrik_karrholm.jpg
Gustaf Göthberg,M,Göteborgs kommun,Tjänstgörande riksdagsledamot,1993,8809a02f-3918-49da-8228-3894a61bc72e,0984153507725,Q5620978,Har bild (P18),http://commons.wikimedia.org/wiki/Special:FilePath/Gustaf%20G%C3%B6thberg%20in%202023.jpg,,https://data.riksdagen.se/filarkiv/bilder/ledamot/8809a02f-3918-49da-8228-3894a61bc72e_192.jpg,gustaf.gothberg@riksdagen.se,Porträttbild till Wikipedia under fri licens,"Hej Gustaf Göthberg,

Jag bidrar till Wikipedia och vill gärna att artikeln om dig ska kunna illustreras med en aktuell porträttbild. Skulle du kunna hjälpa oss genom att ladda upp en bild till Wikimedia Commons under en fri licens, exempelvis CC BY 4.0?

Här finns Wikipedia-artiklarna om dig:
- sv: Gustaf Göthberg – https://sv.wikipedia.org/wiki/Gustaf_G%C3%B6thberg
- en: Gustaf Göthberg – https://en.wikipedia.org/wiki/Gustaf_G%C3%B6thberg

Det kräver att fotografen eller den som äger rättigheterna godkänner licensen. Fotografen anges vid användning, och bilden får återanvändas och bearbetas, även i kommersiella sammanhang.

Digg och PRV rekommenderar öppna licenser för offentlig information, som ett komplement till EU öppna data-direktiv från 2019 (https://eur-lex.europa.eu/legal-content/SV/TXT/?uri=CELEX%3A32019L1024). Riksdagens nuvarande bildvillkor anger däremot ingen sådan tydlig fri licens för ledamöternas porträtt trots begäran om det.

En bild från dig vore ett konkret steg framåt. Jag hjälper gärna till med uppladdningen och uppgifter om fotograf och licens.
Du får också gärna lyfta frågan inom riksdagen: varför inte publicera ledamöternas porträtt som ett samlat dataset med tydliga fria licenser?
Hjälp oss att komma vidare och göra våra folkvalda lättare att presentera på Wikipedia.

Vänliga hälsningar,
<ange ditt namn>",ja,ej_aktuell,,,finns,2026-10-08T18:55:43Z,Gustaf Göthberg,Västra Götalands län,True,sv: https://sv.wikipedia.org/wiki/Gustaf_G%C3%B6thberg; en: https://en.wikipedia.org/wiki/Gustaf_G%C3%B6thberg,CC BY-SA 4.0,Frankie Fouganthin,https://commons.wikimedia.org/wiki/File:Gustaf_G%C3%B6thberg_in_2023.jpg
Hanna Netterberg,M,Hallands län,Tjänstgörande riksdagsledamot,1983,ce572d18-3b5b-425c-aebf-30e6e7d018d3,0963148100123,Q141509984,Saknar bild (P18),,,https://data.riksdagen.se/filarkiv/bilder/ledamot/ce572d18-3b5b-425c-aebf-30e6e7d018d3_192.jpg,hanna.netterberg@riksdagen.se,Porträttbild till Wikipedia under fri licens,"Hej Hanna Netterberg,

Jag bidrar till Wikipedia och vill gärna att artikeln om dig ska kunna illustreras med en aktuell porträttbild. Skulle du kunna hjälpa oss genom att ladda upp en bild till Wikimedia Commons under en fri licens, exempelvis CC BY 4.0?

Här finns Wikipedia-artiklarna om dig:
- sv: Hanna Netterberg – https://sv.wikipedia.org/wiki/Hanna_Netterberg

Det kräver att fotografen eller den som äger rättigheterna godkänner licensen. Fotografen anges vid användning, och bilden får återanvändas och bearbetas, även i kommersiella sammanhang.

Digg och PRV rekommenderar öppna licenser för offentlig information, som ett komplement till EU öppna data-direktiv från 2019 (https://eur-lex.europa.eu/legal-content/SV/TXT/?uri=CELEX%3A32019L1024). Riksdagens nuvarande bildvillkor anger däremot ingen sådan tydlig fri licens för ledamöternas porträtt trots begäran om det.

En bild från dig vore ett konkret steg framåt. Jag hjälper gärna till med uppladdningen och uppgifter om fotograf och licens.
Du får också gärna lyfta frågan inom riksdagen: varför inte publicera ledamöternas porträtt som ett samlat dataset med tydliga fria licenser?
Hjälp oss att komma vidare och göra våra folkvalda lättare att presentera på Wikipedia.

Vänliga hälsningar,
<ange ditt namn>",ja,finns,2026-10-08T18:55:41Z,Hanna Netterberg,finns,2026-10-08T18:55:43Z,Hanna Netterberg,Hallands län,False,sv: https://sv.wikipedia.org/wiki/Hanna_Netterberg,,,
Ida Drougge,M,Stockholms län,Tjänstgörande riksdagsledamot,1990,e8a2c04d-a186-421b-b1fd-a401f0917673,0604811710522,Q18202365,Har bild (P18),http://commons.wikimedia.org/wiki/Special:FilePath/Ida%20Drougge%20%2815992474209%29.jpg,,https://data.riksdagen.se/filarkiv/bilder/ledamot/e8a2c04d-a186-421b-b1fd-a401f0917673_192.jpg,ida.drougge@riksdagen.se,Porträttbild till Wikipedia under fri licens,"Hej Ida Drougge,

Jag bidrar till Wikipedia och vill gärna att artikeln om dig ska kunna illustreras med en aktuell porträttbild. Skulle du kunna hjälpa oss genom att ladda upp en bild till Wikimedia Commons under en fri licens, exempelvis CC BY 4.0?

Här finns Wikipedia-artiklarna om dig:
- sv: Ida Drougge – https://sv.wikipedia.org/wiki/Ida_Drougge
- en: Ida Drougge – https://en.wikipedia.org/wiki/Ida_Drougge
- arz: ايدا دروج – https://arz.wikipedia.org/wiki/%D8%A7%D9%8A%D8%AF%D8%A7_%D8%AF%D8%B1%D9%88%D8%AC
- es: Ida Drougge – https://es.wikipedia.org/wiki/Ida_Drougge

Det kräver att fotografen eller den som äger rättigheterna godkänner licensen. Fotografen anges vid användning, och bilden får återanvändas och bearbetas, även i kommersiella sammanhang.

Digg och PRV rekommenderar öppna licenser för offentlig information, som ett komplement till EU öppna data-direktiv från 2019 (https://eur-lex.europa.eu/legal-content/SV/TXT/?uri=CELEX%3A32019L1024). Riksdagens nuvarande bildvillkor anger däremot ingen sådan tydlig fri licens för ledamöternas porträtt trots begäran om det.

En bild från dig vore ett konkret steg framåt. Jag hjälper gärna till med uppladdningen och uppgifter om fotograf och licens.
Du får också gärna lyfta frågan inom riksdagen: varför inte publicera ledamöternas porträtt som ett samlat dataset med tydliga fria licenser?
Hjälp oss att komma vidare och göra våra folkvalda lättare att presentera på Wikipedia.

Vänliga hälsningar,
<ange ditt namn>",ja,ej_aktuell,,,finns,2026-10-08T18:55:43Z,Ida Drougge,Stockholms län,True,sv: https://sv.wikipedia.org/wiki/Ida_Drougge; en: https://en.wikipedia.org/wiki/Ida_Drougge; arz: https://arz.wikipedia.org/wiki/%D8%A7%D9%8A%D8%AF%D8%A7_%D8%AF%D8%B1%D9%88%D8%AC; es: https://es.wikipedia.org/wiki/Ida_Drougge,CC BY 2.0,Anders Henrikson,https://commons.wikimedia.org/wiki/File:Ida_Drougge_(15992474209).jpg
Jennie Bergius Eriksson,M,Västra Götalands läns norra,Tjänstgörande riksdagsledamot,1982,7cb4b5ae-2268-4b09-9a8a-c3c6a48e96a9,0111528589028,Q141527591,Saknar bild (P18),,,https://data.riksdagen.se/filarkiv/bilder/ledamot/7cb4b5ae-2268-4b09-9a8a-c3c6a48e96a9_192.jpg,jennie.bergius.eriksson@riksdagen.se,Porträttbild till Wikipedia under fri licens,"Hej Jennie Bergius Eriksson,

Jag bidrar till Wikipedia och vill gärna att artikeln om dig ska kunna illustreras med en aktuell porträttbild. Skulle du kunna hjälpa oss genom att ladda upp en bild till Wikimedia Commons under en fri licens, exempelvis CC BY 4.0?

Här finns Wikipedia-artiklarna om dig:
- sv: Jennie Bergius Eriksson – https://sv.wikipedia.org/wiki/Jennie_Bergius_Eriksson

Det kräver att fotografen eller den som äger rättigheterna godkänner licensen. Fotografen anges vid användning, och bilden får återanvändas och bearbetas, även i kommersiella sammanhang.

Digg och PRV rekommenderar öppna licenser för offentlig information, som ett komplement till EU öppna data-direktiv från 2019 (https://eur-lex.europa.eu/legal-content/SV/TXT/?uri=CELEX%3A32019L1024). Riksdagens nuvarande bildvillkor anger däremot ingen sådan tydlig fri licens för ledamöternas porträtt trots begäran om det.

En bild från dig vore ett konkret steg framåt. Jag hjälper gärna till med uppladdningen och uppgifter om fotograf och licens.
Du får också gärna lyfta frågan inom riksdagen: varför inte publicera ledamöternas porträtt som ett samlat dataset med tydliga fria licenser?
Hjälp oss att komma vidare och göra våra folkvalda lättare att presentera på Wikipedia.

Vänliga hälsningar,
<ange ditt namn>",ja,finns,2026-10-08T18:55:41Z,Jennie Bergius Eriksson,finns,2026-10-08T18:55:43Z,Jennie Bergius Eriksson,Västra Götalands län,False,sv: https://sv.wikipedia.org/wiki/Jennie_Bergius_Eriksson,,,
Jesper Skalberg Karlsson,M,Gotlands län,Tjänstgörande riksdagsledamot,1993,2f1a9d57-c488-4c8f-89cb-c1fb7e735170,0250583732424,Q18923356,Har bild (P18),http://commons.wikimedia.org/wiki/Special:FilePath/Jesper%20Skalberg%20Karlsson.jpg,,https://data.riksdagen.se/filarkiv/bilder/ledamot/2f1a9d57-c488-4c8f-89cb-c1fb7e735170_192.jpg,jesper.skalberg.karlsson@riksdagen.se,Porträttbild till Wikipedia under fri licens,"Hej Jesper Skalberg Karlsson,

Jag bidrar till Wikipedia och vill gärna att artikeln om dig ska kunna illustreras med en aktuell porträttbild. Skulle du kunna hjälpa oss genom att ladda upp en bild till Wikimedia Commons under en fri licens, exempelvis CC BY 4.0?

Här finns Wikipedia-artiklarna om dig:
- sv: Jesper Skalberg Karlsson – https://sv.wikipedia.org/wiki/Jesper_Skalberg_Karlsson
- en: Jesper Skalberg Karlsson – https://en.wikipedia.org/wiki/Jesper_Skalberg_Karlsson
- arz: چيسپير سكالبيرج كارلسون – https://arz.wikipedia.org/wiki/%DA%86%D9%8A%D8%B3%D9%BE%D9%8A%D8%B1_%D8%B3%D9%83%D8%A7%D9%84%D8%A8%D9%8A%D8%B1%D8%AC_%D9%83%D8%A7%D8%B1%D9%84%D8%B3%D9%88%D9%86

Det kräver att fotografen eller den som äger rättigheterna godkänner licensen. Fotografen anges vid användning, och bilden får återanvändas och bearbetas, även i kommersiella sammanhang.

Digg och PRV rekommenderar öppna licenser för offentlig information, som ett komplement till EU öppna data-direktiv från 2019 (https://eur-lex.europa.eu/legal-content/SV/TXT/?uri=CELEX%3A32019L1024). Riksdagens nuvarande bildvillkor anger däremot ingen sådan tydlig fri licens för ledamöternas porträtt trots begäran om det.

En bild från dig vore ett konkret steg framåt. Jag hjälper gärna till med uppladdningen och uppgifter om fotograf och licens.
Du får också gärna lyfta frågan inom riksdagen: varför inte publicera ledamöternas porträtt som ett samlat dataset med tydliga fria licenser?
Hjälp oss att komma vidare och göra våra folkvalda lättare att presentera på Wikipedia.

Vänliga hälsningar,
<ange ditt namn>",ja,ej_aktuell,,,finns,2026-10-08T18:55:43Z,Jesper Skalberg Karlsson,Gotlands län,True,sv: https://sv.wikipedia.org/wiki/Jesper_Skalberg_Karlsson; en: https://en.wikipedia.org/wiki/Jesper_Skalberg_Karlsson; arz: https://arz.wikipedia.org/wiki/%DA%86%D9%8A%D8%B3%D9%BE%D9%8A%D8%B1_%D8%B3%D9%83%D8%A7%D9%84%D8%A8%D9%8A%D8%B1%D8%AC_%D9%83%D8%A7%D8%B1%D9%84%D8%B3%D9%88%D9%86,CC BY-SA 3.0,Esquilo,https://commons.wikimedia.org/wiki/File:Jesper_Skalberg_Karlsson.jpg
Joanna Lewerentz,M,Stockholms län,Tjänstgörande riksdagsledamot,1992,92b5ac10-80fc-4905-951d-734abe7fa626,0750092881021,Q116482970,Saknar bild (P18),,,https://data.riksdagen.se/filarkiv/bilder/ledamot/92b5ac10-80fc-4905-951d-734abe7fa626_192.jpg,joanna.lewerentz@riksdagen.se,Porträttbild till Wikipedia under fri licens,"Hej Joanna Lewerentz,

Jag bidrar till Wikipedia och vill gärna att artikeln om dig ska kunna illustreras med en aktuell porträttbild. Skulle du kunna hjälpa oss genom att ladda upp en bild till Wikimedia Commons under en fri licens, exempelvis CC BY 4.0?

Här finns Wikipedia-artiklarna om dig:
- sv: Joanna Lewerentz – https://sv.wikipedia.org/wiki/Joanna_Lewerentz
- en: Joanna Lewerentz – https://en.wikipedia.org/wiki/Joanna_Lewerentz

Det kräver att fotografen eller den som äger rättigheterna godkänner licensen. Fotografen anges vid användning, och bilden får återanvändas och bearbetas, även i kommersiella sammanhang.

Digg och PRV rekommenderar öppna licenser för offentlig information, som ett komplement till EU öppna data-direktiv från 2019 (https://eur-lex.europa.eu/legal-content/SV/TXT/?uri=CELEX%3A32019L1024). Riksdagens nuvarande bildvillkor anger däremot ingen sådan tydlig fri licens för ledamöternas porträtt trots begäran om det.

En bild från dig vore ett konkret steg framåt. Jag hjälper gärna till med uppladdningen och uppgifter om fotograf och licens.
Du får också gärna lyfta frågan inom riksdagen: varför inte publicera ledamöternas porträtt som ett samlat dataset med tydliga fria licenser?
Hjälp oss att komma vidare och göra våra folkvalda lättare att presentera på Wikipedia.

Vänliga hälsningar,
<ange ditt namn>",ja,finns,2026-10-08T18:55:41Z,Joanna Lewerentz,finns,2026-10-08T18:55:43Z,Joanna Lewerentz,Stockholms län,False,sv: https://sv.wikipedia.org/wiki/Joanna_Lewerentz; en: https://en.wikipedia.org/wiki/Joanna_Lewerentz,,,
Johanna Rantsi,M,Västra Götalands läns västra,Tjänstgörande riksdagsledamot,1990,0e87a191-cc1d-47c5-b4dd-4f8e5e2a03a6,0709911904721,Q98530561,Saknar bild (P18),,,https://data.riksdagen.se/filarkiv/bilder/ledamot/0e87a191-cc1d-47c5-b4dd-4f8e5e2a03a6_192.jpg,johanna.rantsi@riksdagen.se,Porträttbild till Wikipedia under fri licens,"Hej Johanna Rantsi,

Jag bidrar till Wikipedia och vill gärna att artikeln om dig ska kunna illustreras med en aktuell porträttbild. Skulle du kunna hjälpa oss genom att ladda upp en bild till Wikimedia Commons under en fri licens, exempelvis CC BY 4.0?

Här finns Wikipedia-artiklarna om dig:
- sv: Johanna Rantsi – https://sv.wikipedia.org/wiki/Johanna_Rantsi
- en: Johanna Rantsi – https://en.wikipedia.org/wiki/Johanna_Rantsi

Det kräver att fotografen eller den som äger rättigheterna godkänner licensen. Fotografen anges vid användning, och bilden får återanvändas och bearbetas, även i kommersiella sammanhang.

Digg och PRV rekommenderar öppna licenser för offentlig information, som ett komplement till EU öppna data-direktiv från 2019 (https://eur-lex.europa.eu/legal-content/SV/TXT/?uri=CELEX%3A32019L1024). Riksdagens nuvarande bildvillkor anger däremot ingen sådan tydlig fri licens för ledamöternas porträtt trots begäran om det.

En bild från dig vore ett konkret steg framåt. Jag hjälper gärna till med uppladdningen och uppgifter om fotograf och licens.
Du får också gärna lyfta frågan inom riksdagen: varför inte publicera ledamöternas porträtt som ett samlat dataset med tydliga fria licenser?
Hjälp oss att komma vidare och göra våra folkvalda lättare att presentera på Wikipedia.

Vänliga hälsningar,
<ange ditt namn>",ja,finns,2026-10-08T18:55:41Z,Johanna Rantsi,finns,2026-10-08T18:55:43Z,Johanna Rantsi,Västra Götalands län,False,sv: https://sv.wikipedia.org/wiki/Johanna_Rantsi; en: https://en.wikipedia.org/wiki/Johanna_Rantsi,,,
John E. Weinerhall,M,Östergötlands län,Tjänstgörande riksdagsledamot,1995,5af2318e-82dc-4271-b219-c12b3d74d11a,0742883909221,Q56660151,Har bild (P18),http://commons.wikimedia.org/wiki/Special:FilePath/John%20Weinerhall%202.jpg,,https://data.riksdagen.se/filarkiv/bilder/ledamot/5af2318e-82dc-4271-b219-c12b3d74d11a_192.jpg,john.e.weinerhall@riksdagen.se,Porträttbild till Wikipedia under fri licens,"Hej John E. Weinerhall,

Jag bidrar till Wikipedia och vill gärna att artikeln om dig ska kunna illustreras med en aktuell porträttbild. Skulle du kunna hjälpa oss genom att ladda upp en bild till Wikimedia Commons under en fri licens, exempelvis CC BY 4.0?

Här finns Wikipedia-artiklarna om dig:
- sv: John E. Weinerhall – https://sv.wikipedia.org/wiki/John_E._Weinerhall
- en: John Weinerhall – https://en.wikipedia.org/wiki/John_Weinerhall

Det kräver att fotografen eller den som äger rättigheterna godkänner licensen. Fotografen anges vid användning, och bilden får återanvändas och bearbetas, även i kommersiella sammanhang.

Digg och PRV rekommenderar öppna licenser för offentlig information, som ett komplement till EU öppna data-direktiv från 2019 (https://eur-lex.europa.eu/legal-content/SV/TXT/?uri=CELEX%3A32019L1024). Riksdagens nuvarande bildvillkor anger däremot ingen sådan tydlig fri licens för ledamöternas porträtt trots begäran om det.

En bild från dig vore ett konkret steg framåt. Jag hjälper gärna till med uppladdningen och uppgifter om fotograf och licens.
Du får också gärna lyfta frågan inom riksdagen: varför inte publicera ledamöternas porträtt som ett samlat dataset med tydliga fria licenser?
Hjälp oss att komma vidare och göra våra folkvalda lättare att presentera på Wikipedia.

Vänliga hälsningar,
<ange ditt namn>",ja,ej_aktuell,,,finns,2026-10-08T18:55:43Z,John E. Weinerhall,Östergötlands län,True,sv: https://sv.wikipedia.org/wiki/John_E._Weinerhall; en: https://en.wikipedia.org/wiki/John_Weinerhall,CC BY-SA 4.0,Tom Samuelsson,https://commons.wikimedia.org/wiki/File:John_Weinerhall_2.jpg
Josefin Malmqvist,M,Stockholms län,Tjänstgörande riksdagsledamot,1987,698a36fb-19f3-48cf-bfda-20a17195fbd5,019430605328,Q42712344,Saknar bild (P18),,,https://data.riksdagen.se/filarkiv/bilder/ledamot/698a36fb-19f3-48cf-bfda-20a17195fbd5_192.jpg,josefin.malmqvist@riksdagen.se,Porträttbild till Wikipedia under fri licens,"Hej Josefin Malmqvist,

Jag bidrar till Wikipedia och vill gärna att artikeln om dig ska kunna illustreras med en aktuell porträttbild. Skulle du kunna hjälpa oss genom att ladda upp en bild till Wikimedia Commons under en fri licens, exempelvis CC BY 4.0?

Här finns Wikipedia-artiklarna om dig:
- sv: Josefin Malmqvist – https://sv.wikipedia.org/wiki/Josefin_Malmqvist
- en: Josefin Malmqvist – https://en.wikipedia.org/wiki/Josefin_Malmqvist
- es: Josefin Malmqvist – https://es.wikipedia.org/wiki/Josefin_Malmqvist

Det kräver att fotografen eller den som äger rättigheterna godkänner licensen. Fotografen anges vid användning, och bilden får återanvändas och bearbetas, även i kommersiella sammanhang.

Digg och PRV rekommenderar öppna licenser för offentlig information, som ett komplement till EU öppna data-direktiv från 2019 (https://eur-lex.europa.eu/legal-content/SV/TXT/?uri=CELEX%3A32019L1024). Riksdagens nuvarande bildvillkor anger däremot ingen sådan tydlig fri licens för ledamöternas porträtt trots begäran om det.

En bild från dig vore ett konkret steg framåt. Jag hjälper gärna till med uppladdningen och uppgifter om fotograf och licens.
Du får också gärna lyfta frågan inom riksdagen: varför inte publicera ledamöternas porträtt som ett samlat dataset med tydliga fria licenser?
Hjälp oss att komma vidare och göra våra folkvalda lättare att presentera på Wikipedia.

Vänliga hälsningar,
<ange ditt namn>",ja,finns,2026-10-08T18:55:41Z,Josefin Malmqvist,finns,2026-10-08T18:55:43Z,Josefin Malmqvist,Stockholms län,False,sv: https://sv.wikipedia.org/wiki/Josefin_Malmqvist; en: https://en.wikipedia.org/wiki/Josefin_Malmqvist; es: https://es.wikipedia.org/wiki/Josefin_Malmqvist,,,
Jörgen Berglund,M,Västernorrlands län,Tjänstgörande riksdagsledamot,1974,fe6f437b-729a-4943-8e41-f43d39a5605f,0628005785225,Q57168821,Har bild (P18),http://commons.wikimedia.org/wiki/Special:FilePath/J%C3%B6rgen%20Berglund%20cropped.jpg,,https://data.riksdagen.se/filarkiv/bilder/ledamot/fe6f437b-729a-4943-8e41-f43d39a5605f_192.jpg,jorgen.berglund@riksdagen.se,Porträttbild till Wikipedia under fri licens,"Hej Jörgen Berglund,

Jag bidrar till Wikipedia och vill gärna att artikeln om dig ska kunna illustreras med en aktuell porträttbild. Skulle du kunna hjälpa oss genom att ladda upp en bild till Wikimedia Commons under en fri licens, exempelvis CC BY 4.0?

Här finns Wikipedia-artiklarna om dig:
- sv: Jörgen Berglund – https://sv.wikipedia.org/wiki/J%C3%B6rgen_Berglund
- en: Jörgen Berglund – https://en.wikipedia.org/wiki/J%C3%B6rgen_Berglund

Det kräver att fotografen eller den som äger rättigheterna godkänner licensen. Fotografen anges vid användning, och bilden får återanvändas och bearbetas, även i kommersiella sammanhang.

Digg och PRV rekommenderar öppna licenser för offentlig information, som ett komplement till EU öppna data-direktiv från 2019 (https://eur-lex.europa.eu/legal-content/SV/TXT/?uri=CELEX%3A32019L1024). Riksdagens nuvarande bildvillkor anger däremot ingen sådan tydlig fri licens för ledamöternas porträtt trots begäran om det.

En bild från dig vore ett konkret steg framåt. Jag hjälper gärna till med uppladdningen och uppgifter om fotograf och licens.
Du får också gärna lyfta frågan inom riksdagen: varför inte publicera ledamöternas porträtt som ett samlat dataset med tydliga fria licenser?
Hjälp oss att komma vidare och göra våra folkvalda lättare att presentera på Wikipedia.

Vänliga hälsningar,
<ange ditt namn>",ja,ej_aktuell,,,finns,2026-10-08T18:55:43Z,Jörgen Berglund,Västernorrlands län,True,sv: https://sv.wikipedia.org/wiki/J%C3%B6rgen_Berglund; en: https://en.wikipedia.org/wiki/J%C3%B6rgen_Berglund,CC BY-SA 4.0,"Västernorrlänningen , cropped by Riggwelter",https://commons.wikimedia.org/wiki/File:J%C3%B6rgen_Berglund_cropped.jpg
Karin Enström,M,Stockholms län,Tjänstgörande riksdagsledamot,1966,d7c32504-83e4-11d4-ae60-0050040c9b55,0607691439013,Q3544279,Har bild (P18),http://commons.wikimedia.org/wiki/Special:FilePath/Karin%20Enstr%C3%B6m%20in%202015.jpg,,https://data.riksdagen.se/filarkiv/bilder/ledamot/d7c32504-83e4-11d4-ae60-0050040c9b55_192.jpg,karin.enstrom@riksdagen.se,Porträttbild till Wikipedia under fri licens,"Hej Karin Enström,

Jag bidrar till Wikipedia och vill gärna att artikeln om dig ska kunna illustreras med en aktuell porträttbild. Skulle du kunna hjälpa oss genom att ladda upp en bild till Wikimedia Commons under en fri licens, exempelvis CC BY 4.0?

Här finns Wikipedia-artiklarna om dig:
- sv: Karin Enström – https://sv.wikipedia.org/wiki/Karin_Enstr%C3%B6m
- en: Karin Enström – https://en.wikipedia.org/wiki/Karin_Enstr%C3%B6m
- arz: كارين انستروم – https://arz.wikipedia.org/wiki/%D9%83%D8%A7%D8%B1%D9%8A%D9%86_%D8%A7%D9%86%D8%B3%D8%AA%D8%B1%D9%88%D9%85
- be: Карын Энстром – https://be.wikipedia.org/wiki/%D0%9A%D0%B0%D1%80%D1%8B%D0%BD_%D0%AD%D0%BD%D1%81%D1%82%D1%80%D0%BE%D0%BC
- ca: Karin Enström – https://ca.wikipedia.org/wiki/Karin_Enstr%C3%B6m
- de: Karin Enström – https://de.wikipedia.org/wiki/Karin_Enstr%C3%B6m
- et: Karin Enström – https://et.wikipedia.org/wiki/Karin_Enstr%C3%B6m
- fi: Karin Enström – https://fi.wikipedia.org/wiki/Karin_Enstr%C3%B6m
- fr: Karin Enström – https://fr.wikipedia.org/wiki/Karin_Enstr%C3%B6m
- he: קארין אנסטרם – https://he.wikipedia.org/wiki/%D7%A7%D7%90%D7%A8%D7%99%D7%9F_%D7%90%D7%A0%D7%A1%D7%98%D7%A8%D7%9D
- hy: Կարին Էնստրյոմ – https://hy.wikipedia.org/wiki/%D4%BF%D5%A1%D6%80%D5%AB%D5%B6_%D4%B7%D5%B6%D5%BD%D5%BF%D6%80%D5%B5%D5%B8%D5%B4
- id: Karin Enström – https://id.wikipedia.org/wiki/Karin_Enstr%C3%B6m
- pl: Karin Enström – https://pl.wikipedia.org/wiki/Karin_Enstr%C3%B6m
- ru: Энстрём, Карин – https://ru.wikipedia.org/wiki/%D0%AD%D0%BD%D1%81%D1%82%D1%80%D1%91%D0%BC,_%D0%9A%D0%B0%D1%80%D0%B8%D0%BD
- uk: Карін Енстрем – https://uk.wikipedia.org/wiki/%D0%9A%D0%B0%D1%80%D1%96%D0%BD_%D0%95%D0%BD%D1%81%D1%82%D1%80%D0%B5%D0%BC

Det kräver att fotografen eller den som äger rättigheterna godkänner licensen. Fotografen anges vid användning, och bilden får återanvändas och bearbetas, även i kommersiella sammanhang.

Digg och PRV rekommenderar öppna licenser för offentlig information, som ett komplement till EU öppna data-direktiv från 2019 (https://eur-lex.europa.eu/legal-content/SV/TXT/?uri=CELEX%3A32019L1024). Riksdagens nuvarande bildvillkor anger däremot ingen sådan tydlig fri licens för ledamöternas porträtt trots begäran om det.

En bild från dig vore ett konkret steg framåt. Jag hjälper gärna till med uppladdningen och uppgifter om fotograf och licens.
Du får också gärna lyfta frågan inom riksdagen: varför inte publicera ledamöternas porträtt som ett samlat dataset med tydliga fria licenser?
Hjälp oss att komma vidare och göra våra folkvalda lättare att presentera på Wikipedia.

Vänliga hälsningar,
<ange ditt namn>",ja,ej_aktuell,,,finns,2026-10-08T18:55:43Z,Karin Enström,Stockholms län,True,"sv: https://sv.wikipedia.org/wiki/Karin_Enstr%C3%B6m; en: https://en.wikipedia.org/wiki/Karin_Enstr%C3%B6m; arz: https://arz.wikipedia.org/wiki/%D9%83%D8%A7%D8%B1%D9%8A%D9%86_%D8%A7%D9%86%D8%B3%D8%AA%D8%B1%D9%88%D9%85; be: https://be.wikipedia.org/wiki/%D0%9A%D0%B0%D1%80%D1%8B%D0%BD_%D0%AD%D0%BD%D1%81%D1%82%D1%80%D0%BE%D0%BC; ca: https://ca.wikipedia.org/wiki/Karin_Enstr%C3%B6m; de: https://de.wikipedia.org/wiki/Karin_Enstr%C3%B6m; et: https://et.wikipedia.org/wiki/Karin_Enstr%C3%B6m; fi: https://fi.wikipedia.org/wiki/Karin_Enstr%C3%B6m; fr: https://fr.wikipedia.org/wiki/Karin_Enstr%C3%B6m; he: https://he.wikipedia.org/wiki/%D7%A7%D7%90%D7%A8%D7%99%D7%9F_%D7%90%D7%A0%D7%A1%D7%98%D7%A8%D7%9D; hy: https://hy.wikipedia.org/wiki/%D4%BF%D5%A1%D6%80%D5%AB%D5%B6_%D4%B7%D5%B6%D5%BD%D5%BF%D6%80%D5%B5%D5%B8%D5%B4; id: https://id.wikipedia.org/wiki/Karin_Enstr%C3%B6m; pl: https://pl.wikipedia.org/wiki/Karin_Enstr%C3%B6m; ru: https://ru.wikipedia.org/wiki/%D0%AD%D0%BD%D1%81%D1%82%D1%80%D1%91%D0%BC,_%D0%9A%D0%B0%D1%80%D0%B8%D0%BD; uk: https://uk.wikipedia.org/wiki/%D0%9A%D0%B0%D1%80%D1%96%D0%BD_%D0%95%D0%BD%D1%81%D1%82%D1%80%D0%B5%D0%BC",CC BY-SA 4.0,Frankie Fouganthin,https://commons.wikimedia.org/wiki/File:Karin_Enstr%C3%B6m_in_2015.jpg
Katarina Stenström Ros,M,Dalarnas län,Tjänstgörande statsrådsersättare,1966,9dec1223-0e44-4c20-8edb-23ad3a6acda5,0493411956313,Q141664378,Saknar bild (P18),,,https://data.riksdagen.se/filarkiv/bilder/ledamot/9dec1223-0e44-4c20-8edb-23ad3a6acda5_192.jpg,katarina.stenstrom.ros@riksdagen.se,Porträttbild till Wikipedia under fri licens,"Hej Katarina Stenström Ros,

Jag bidrar till Wikipedia och vill gärna att artikeln om dig ska kunna illustreras med en aktuell porträttbild. Skulle du kunna hjälpa oss genom att ladda upp en bild till Wikimedia Commons under en fri licens, exempelvis CC BY 4.0?

Här finns Wikipedia-artiklarna om dig:
- sv: Katarina Stenström Ros – https://sv.wikipedia.org/wiki/Katarina_Stenstr%C3%B6m_Ros

Det kräver att fotografen eller den som äger rättigheterna godkänner licensen. Fotografen anges vid användning, och bilden får återanvändas och bearbetas, även i kommersiella sammanhang.

Digg och PRV rekommenderar öppna licenser för offentlig information, som ett komplement till EU öppna data-direktiv från 2019 (https://eur-lex.europa.eu/legal-content/SV/TXT/?uri=CELEX%3A32019L1024). Riksdagens nuvarande bildvillkor anger däremot ingen sådan tydlig fri licens för ledamöternas porträtt trots begäran om det.

En bild från dig vore ett konkret steg framåt. Jag hjälper gärna till med uppladdningen och uppgifter om fotograf och licens.
Du får också gärna lyfta frågan inom riksdagen: varför inte publicera ledamöternas porträtt som ett samlat dataset med tydliga fria licenser?
Hjälp oss att komma vidare och göra våra folkvalda lättare att presentera på Wikipedia.

Vänliga hälsningar,
<ange ditt namn>",ja,finns,2026-10-08T18:55:41Z,Katarina Stenström Ros,finns,2026-10-08T18:55:43Z,Katarina Stenström Ros,Dalarnas län,False,sv: https://sv.wikipedia.org/wiki/Katarina_Stenstr%C3%B6m_Ros,,,
Kristina Axén Olin,M,Stockholms kommun,Tjänstgörande riksdagsledamot,1962,8cafb7dc-dbdd-4ac4-bd56-1e4e75daa4a6,0502490570219,Q897282,Har bild (P18),http://commons.wikimedia.org/wiki/Special:FilePath/Kristina%20Ax%C3%A9n%20Olin.jpg,,https://data.riksdagen.se/filarkiv/bilder/ledamot/8cafb7dc-dbdd-4ac4-bd56-1e4e75daa4a6_192.jpg,kristina.axen.olin@riksdagen.se,Porträttbild till Wikipedia under fri licens,"Hej Kristina Axén Olin,

Jag bidrar till Wikipedia och vill gärna att artikeln om dig ska kunna illustreras med en aktuell porträttbild. Skulle du kunna hjälpa oss genom att ladda upp en bild till Wikimedia Commons under en fri licens, exempelvis CC BY 4.0?

Här finns Wikipedia-artiklarna om dig:
- sv: Kristina Axén Olin – https://sv.wikipedia.org/wiki/Kristina_Ax%C3%A9n_Olin
- en: Kristina Axén Olin – https://en.wikipedia.org/wiki/Kristina_Ax%C3%A9n_Olin
- da: Kristina Axén Olin – https://da.wikipedia.org/wiki/Kristina_Ax%C3%A9n_Olin
- hu: Kristina Axén Olin – https://hu.wikipedia.org/wiki/Kristina_Ax%C3%A9n_Olin
- pl: Kristina Axén Olin – https://pl.wikipedia.org/wiki/Kristina_Ax%C3%A9n_Olin
- pt: Kristina Axén Olin – https://pt.wikipedia.org/wiki/Kristina_Ax%C3%A9n_Olin

Det kräver att fotografen eller den som äger rättigheterna godkänner licensen. Fotografen anges vid användning, och bilden får återanvändas och bearbetas, även i kommersiella sammanhang.

Digg och PRV rekommenderar öppna licenser för offentlig information, som ett komplement till EU öppna data-direktiv från 2019 (https://eur-lex.europa.eu/legal-content/SV/TXT/?uri=CELEX%3A32019L1024). Riksdagens nuvarande bildvillkor anger däremot ingen sådan tydlig fri licens för ledamöternas porträtt trots begäran om det.

En bild från dig vore ett konkret steg framåt. Jag hjälper gärna till med uppladdningen och uppgifter om fotograf och licens.
Du får också gärna lyfta frågan inom riksdagen: varför inte publicera ledamöternas porträtt som ett samlat dataset med tydliga fria licenser?
Hjälp oss att komma vidare och göra våra folkvalda lättare att presentera på Wikipedia.

Vänliga hälsningar,
<ange ditt namn>",ja,ej_aktuell,,,finns,2026-10-08T18:55:43Z,Kristina Axén Olin,Stockholms län,True,sv: https://sv.wikipedia.org/wiki/Kristina_Ax%C3%A9n_Olin; en: https://en.wikipedia.org/wiki/Kristina_Ax%C3%A9n_Olin; da: https://da.wikipedia.org/wiki/Kristina_Ax%C3%A9n_Olin; hu: https://hu.wikipedia.org/wiki/Kristina_Ax%C3%A9n_Olin; pl: https://pl.wikipedia.org/wiki/Kristina_Ax%C3%A9n_Olin; pt: https://pt.wikipedia.org/wiki/Kristina_Ax%C3%A9n_Olin,CC BY-SA 4.0,Moderata Samlingspartiet,https://commons.wikimedia.org/wiki/File:Kristina_Ax%C3%A9n_Olin.jpg
Lars Beckman,M,Gävleborgs län,Tjänstgörande riksdagsledamot,1967,db90fc94-9496-4748-9b84-bcfadc24af74,0588282566419,Q5596130,Har bild (P18),http://commons.wikimedia.org/wiki/Special:FilePath/Lars%20Beckman.jpg,,https://data.riksdagen.se/filarkiv/bilder/ledamot/db90fc94-9496-4748-9b84-bcfadc24af74_192.jpg,lars.beckman@riksdagen.se,Porträttbild till Wikipedia under fri licens,"Hej Lars Beckman,

Jag bidrar till Wikipedia och vill gärna att artikeln om dig ska kunna illustreras med en aktuell porträttbild. Skulle du kunna hjälpa oss genom att ladda upp en bild till Wikimedia Commons under en fri licens, exempelvis CC BY 4.0?

Här finns Wikipedia-artiklarna om dig:
- sv: Lars Beckman – https://sv.wikipedia.org/wiki/Lars_Beckman
- en: Lars Beckman – https://en.wikipedia.org/wiki/Lars_Beckman
- arz: لارس بيكمان – https://arz.wikipedia.org/wiki/%D9%84%D8%A7%D8%B1%D8%B3_%D8%A8%D9%8A%D9%83%D9%85%D8%A7%D9%86

Det kräver att fotografen eller den som äger rättigheterna godkänner licensen. Fotografen anges vid användning, och bilden får återanvändas och bearbetas, även i kommersiella sammanhang.

Digg och PRV rekommenderar öppna licenser för offentlig information, som ett komplement till EU öppna data-direktiv från 2019 (https://eur-lex.europa.eu/legal-content/SV/TXT/?uri=CELEX%3A32019L1024). Riksdagens nuvarande bildvillkor anger däremot ingen sådan tydlig fri licens för ledamöternas porträtt trots begäran om det.

En bild från dig vore ett konkret steg framåt. Jag hjälper gärna till med uppladdningen och uppgifter om fotograf och licens.
Du får också gärna lyfta frågan inom riksdagen: varför inte publicera ledamöternas porträtt som ett samlat dataset med tydliga fria licenser?
Hjälp oss att komma vidare och göra våra folkvalda lättare att presentera på Wikipedia.

Vänliga hälsningar,
<ange ditt namn>",ja,ej_aktuell,,,finns,2026-10-08T18:55:43Z,Lars Beckman,Gävleborgs län,True,sv: https://sv.wikipedia.org/wiki/Lars_Beckman; en: https://en.wikipedia.org/wiki/Lars_Beckman; arz: https://arz.wikipedia.org/wiki/%D9%84%D8%A7%D8%B1%D8%B3_%D8%A8%D9%8A%D9%83%D9%85%D8%A7%D9%86,CC BY-SA 4.0,Larsbeckman,https://commons.wikimedia.org/wiki/File:Lars_Beckman.jpg
Lars Johnsson,M,Skåne läns norra och östra,Tjänstgörande statsrådsersättare,1964,e4e65a06-a65b-43d5-9ce1-f2d8a8f2cc37,0410231576416,Q106862214,Saknar bild (P18),,,https://data.riksdagen.se/filarkiv/bilder/ledamot/e4e65a06-a65b-43d5-9ce1-f2d8a8f2cc37_192.jpg,lars.e.johnsson@riksdagen.se,Porträttbild till Wikipedia under fri licens,"Hej Lars Johnsson,

Jag bidrar till Wikipedia och vill gärna att artikeln om dig ska kunna illustreras med en aktuell porträttbild. Skulle du kunna hjälpa oss genom att ladda upp en bild till Wikimedia Commons under en fri licens, exempelvis CC BY 4.0?

Här finns Wikipedia-artiklarna om dig:
- sv: Lars Johnsson – https://sv.wikipedia.org/wiki/Lars_Johnsson

Det kräver att fotografen eller den som äger rättigheterna godkänner licensen. Fotografen anges vid användning, och bilden får återanvändas och bearbetas, även i kommersiella sammanhang.

Digg och PRV rekommenderar öppna licenser för offentlig information, som ett komplement till EU öppna data-direktiv från 2019 (https://eur-lex.europa.eu/legal-content/SV/TXT/?uri=CELEX%3A32019L1024). Riksdagens nuvarande bildvillkor anger däremot ingen sådan tydlig fri licens för ledamöternas porträtt trots begäran om det.

En bild från dig vore ett konkret steg framåt. Jag hjälper gärna till med uppladdningen och uppgifter om fotograf och licens.
Du får också gärna lyfta frågan inom riksdagen: varför inte publicera ledamöternas porträtt som ett samlat dataset med tydliga fria licenser?
Hjälp oss att komma vidare och göra våra folkvalda lättare att presentera på Wikipedia.

Vänliga hälsningar,
<ange ditt namn>",ja,finns,2026-10-08T18:55:41Z,Lars Johnsson,finns,2026-10-08T18:55:43Z,Lars Johnsson,Skåne län,False,sv: https://sv.wikipedia.org/wiki/Lars_Johnsson,,,
Lars Püss,M,Hallands län,Tjänstgörande riksdagsledamot,1966,9f5c5d35-c450-4068-923a-2d8d077223d5,0227531635413,Q30035679,Har bild (P18),http://commons.wikimedia.org/wiki/Special:FilePath/Lars%20P%C3%BCss%20i%20valr%C3%B6relsen%202018.jpg,,https://data.riksdagen.se/filarkiv/bilder/ledamot/9f5c5d35-c450-4068-923a-2d8d077223d5_192.jpg,lars.puss@riksdagen.se,Porträttbild till Wikipedia under fri licens,"Hej Lars Püss,

Jag bidrar till Wikipedia och vill gärna att artikeln om dig ska kunna illustreras med en aktuell porträttbild. Skulle du kunna hjälpa oss genom att ladda upp en bild till Wikimedia Commons under en fri licens, exempelvis CC BY 4.0?

Här finns Wikipedia-artiklarna om dig:
- sv: Lars Püss – https://sv.wikipedia.org/wiki/Lars_P%C3%BCss
- en: Lars Püss – https://en.wikipedia.org/wiki/Lars_P%C3%BCss

Det kräver att fotografen eller den som äger rättigheterna godkänner licensen. Fotografen anges vid användning, och bilden får återanvändas och bearbetas, även i kommersiella sammanhang.

Digg och PRV rekommenderar öppna licenser för offentlig information, som ett komplement till EU öppna data-direktiv från 2019 (https://eur-lex.europa.eu/legal-content/SV/TXT/?uri=CELEX%3A32019L1024). Riksdagens nuvarande bildvillkor anger däremot ingen sådan tydlig fri licens för ledamöternas porträtt trots begäran om det.

En bild från dig vore ett konkret steg framåt. Jag hjälper gärna till med uppladdningen och uppgifter om fotograf och licens.
Du får också gärna lyfta frågan inom riksdagen: varför inte publicera ledamöternas porträtt som ett samlat dataset med tydliga fria licenser?
Hjälp oss att komma vidare och göra våra folkvalda lättare att presentera på Wikipedia.

Vänliga hälsningar,
<ange ditt namn>",ja,ej_aktuell,,,finns,2026-10-08T18:55:43Z,Lars Püss,Hallands län,True,sv: https://sv.wikipedia.org/wiki/Lars_P%C3%BCss; en: https://en.wikipedia.org/wiki/Lars_P%C3%BCss,CC BY-SA 4.0,Gomanden,https://commons.wikimedia.org/wiki/File:Lars_P%C3%BCss_i_valr%C3%B6relsen_2018.jpg
Linda Frohm,M,Norrbottens län,Tjänstgörande riksdagsledamot,1977,595d4d96-e251-47e6-b6fc-e15f8c5194c1,0947396490227,Q141545269,Saknar bild (P18),,,https://data.riksdagen.se/filarkiv/bilder/ledamot/595d4d96-e251-47e6-b6fc-e15f8c5194c1_192.jpg,linda.frohm@riksdagen.se,Porträttbild till Wikipedia under fri licens,"Hej Linda Frohm,

Jag bidrar till Wikipedia och vill gärna att artikeln om dig ska kunna illustreras med en aktuell porträttbild. Skulle du kunna hjälpa oss genom att ladda upp en bild till Wikimedia Commons under en fri licens, exempelvis CC BY 4.0?

Här finns Wikipedia-artiklarna om dig:
- sv: Linda Frohm – https://sv.wikipedia.org/wiki/Linda_Frohm

Det kräver att fotografen eller den som äger rättigheterna godkänner licensen. Fotografen anges vid användning, och bilden får återanvändas och bearbetas, även i kommersiella sammanhang.

Digg och PRV rekommenderar öppna licenser för offentlig information, som ett komplement till EU öppna data-direktiv från 2019 (https://eur-lex.europa.eu/legal-content/SV/TXT/?uri=CELEX%3A32019L1024). Riksdagens nuvarande bildvillkor anger däremot ingen sådan tydlig fri licens för ledamöternas porträtt trots begäran om det.

En bild från dig vore ett konkret steg framåt. Jag hjälper gärna till med uppladdningen och uppgifter om fotograf och licens.
Du får också gärna lyfta frågan inom riksdagen: varför inte publicera ledamöternas porträtt som ett samlat dataset med tydliga fria licenser?
Hjälp oss att komma vidare och göra våra folkvalda lättare att presentera på Wikipedia.

Vänliga hälsningar,
<ange ditt namn>",ja,finns,2026-10-08T18:55:41Z,Linda Frohm,finns,2026-10-08T18:55:43Z,Linda Frohm,Norrbottens län,False,sv: https://sv.wikipedia.org/wiki/Linda_Frohm,,,
Lotta Björklund,M,Värmlands län,Tjänstgörande statsrådsersättare,1969,437879a1-97ff-48bf-b780-aa19d71d08b5,0392083468315,Q141664385,Saknar bild (P18),,,https://data.riksdagen.se/filarkiv/bilder/ledamot/437879a1-97ff-48bf-b780-aa19d71d08b5_192.jpg,lotta.bjorklund@riksdagen.se,Porträttbild till Wikipedia under fri licens,"Hej Lotta Björklund,

Jag bidrar till Wikipedia och vill gärna att artikeln om dig ska kunna illustreras med en aktuell porträttbild. Skulle du kunna hjälpa oss genom att ladda upp en bild till Wikimedia Commons under en fri licens, exempelvis CC BY 4.0?

Det kräver att fotografen eller den som äger rättigheterna godkänner licensen. Fotografen anges vid användning, och bilden får återanvändas och bearbetas, även i kommersiella sammanhang.

Digg och PRV rekommenderar öppna licenser för offentlig information, som ett komplement till EU öppna data-direktiv från 2019 (https://eur-lex.europa.eu/legal-content/SV/TXT/?uri=CELEX%3A32019L1024). Riksdagens nuvarande bildvillkor anger däremot ingen sådan tydlig fri licens för ledamöternas porträtt trots begäran om det.

En bild från dig vore ett konkret steg framåt. Jag hjälper gärna till med uppladdningen och uppgifter om fotograf och licens.
Du får också gärna lyfta frågan inom riksdagen: varför inte publicera ledamöternas porträtt som ett samlat dataset med tydliga fria licenser?
Hjälp oss att komma vidare och göra våra folkvalda lättare att presentera på Wikipedia.

Vänliga hälsningar,
<ange ditt namn>",nej,ej_aktuell,,,ej_aktuell,,,Värmlands län,False,,,,
Lotta Högström,M,Stockholms kommun,Tjänstgörande statsrådsersättare,1962,5bcc9f47-9952-437a-b155-9a89896c7eb3,0248070824217,Q141664388,Saknar bild (P18),,,https://data.riksdagen.se/filarkiv/bilder/ledamot/5bcc9f47-9952-437a-b155-9a89896c7eb3_192.jpg,lotta.hogstrom@riksdagen.se,Porträttbild till Wikipedia under fri licens,"Hej Lotta Högström,

Jag bidrar till Wikipedia och vill gärna att artikeln om dig ska kunna illustreras med en aktuell porträttbild. Skulle du kunna hjälpa oss genom att ladda upp en bild till Wikimedia Commons under en fri licens, exempelvis CC BY 4.0?

Här finns Wikipedia-artiklarna om dig:
- sv: Lotta Högström – https://sv.wikipedia.org/wiki/Lotta_H%C3%B6gstr%C3%B6m

Det kräver att fotografen eller den som äger rättigheterna godkänner licensen. Fotografen anges vid användning, och bilden får återanvändas och bearbetas, även i kommersiella sammanhang.

Digg och PRV rekommenderar öppna licenser för offentlig information, som ett komplement till EU öppna data-direktiv från 2019 (https://eur-lex.europa.eu/legal-content/SV/TXT/?uri=CELEX%3A32019L1024). Riksdagens nuvarande bildvillkor anger däremot ingen sådan tydlig fri licens för ledamöternas porträtt trots begäran om det.

En bild från dig vore ett konkret steg framåt. Jag hjälper gärna till med uppladdningen och uppgifter om fotograf och licens.
Du får också gärna lyfta frågan inom riksdagen: varför inte publicera ledamöternas porträtt som ett samlat dataset med tydliga fria licenser?
Hjälp oss att komma vidare och göra våra folkvalda lättare att presentera på Wikipedia.

Vänliga hälsningar,
<ange ditt namn>",ja,finns,2026-10-08T18:55:41Z,Lotta Högström,finns,2026-10-08T18:55:43Z,Lotta Högström,Stockholms län,False,sv: https://sv.wikipedia.org/wiki/Lotta_H%C3%B6gstr%C3%B6m,,,
Louise Meijer,M,Skåne läns södra,Tjänstgörande riksdagsledamot,1990,88e092fa-1769-43c7-bfef-9d260811c982,0616721755222,Q57168719,Har bild (P18),http://commons.wikimedia.org/wiki/Special:FilePath/Louise%20Meijer%20Moderaterna.jpg,,https://data.riksdagen.se/filarkiv/bilder/ledamot/88e092fa-1769-43c7-bfef-9d260811c982_192.jpg,louise.meijer@riksdagen.se,Porträttbild till Wikipedia under fri licens,"Hej Louise Meijer,

Jag bidrar till Wikipedia och vill gärna att artikeln om dig ska kunna illustreras med en aktuell porträttbild. Skulle du kunna hjälpa oss genom att ladda upp en bild till Wikimedia Commons under en fri licens, exempelvis CC BY 4.0?

Här finns Wikipedia-artiklarna om dig:
- sv: Louise Meijer – https://sv.wikipedia.org/wiki/Louise_Meijer
- en: Louise Meijer – https://en.wikipedia.org/wiki/Louise_Meijer
- es: Louise Meijer – https://es.wikipedia.org/wiki/Louise_Meijer
- fi: Louise Meijer – https://fi.wikipedia.org/wiki/Louise_Meijer
- fr: Louise Meijer – https://fr.wikipedia.org/wiki/Louise_Meijer

Det kräver att fotografen eller den som äger rättigheterna godkänner licensen. Fotografen anges vid användning, och bilden får återanvändas och bearbetas, även i kommersiella sammanhang.

Digg och PRV rekommenderar öppna licenser för offentlig information, som ett komplement till EU öppna data-direktiv från 2019 (https://eur-lex.europa.eu/legal-content/SV/TXT/?uri=CELEX%3A32019L1024). Riksdagens nuvarande bildvillkor anger däremot ingen sådan tydlig fri licens för ledamöternas porträtt trots begäran om det.

En bild från dig vore ett konkret steg framåt. Jag hjälper gärna till med uppladdningen och uppgifter om fotograf och licens.
Du får också gärna lyfta frågan inom riksdagen: varför inte publicera ledamöternas porträtt som ett samlat dataset med tydliga fria licenser?
Hjälp oss att komma vidare och göra våra folkvalda lättare att presentera på Wikipedia.

Vänliga hälsningar,
<ange ditt namn>",ja,ej_aktuell,,,finns,2026-10-08T18:55:43Z,Louise Meijer,Skåne län,True,sv: https://sv.wikipedia.org/wiki/Louise_Meijer; en: https://en.wikipedia.org/wiki/Louise_Meijer; es: https://es.wikipedia.org/wiki/Louise_Meijer; fi: https://fi.wikipedia.org/wiki/Louise_Meijer; fr: https://fr.wikipedia.org/wiki/Louise_Meijer,CC BY-SA 4.0,Tom Samuelsson,https://commons.wikimedia.org/wiki/File:Louise_Meijer_Moderaterna.jpg
Magdalena Hermelin,M,Östergötlands län,Tjänstgörande talmansersättare,1975,e87f12b0-939e-468d-915d-44bace24e58e,0875225206221,Q141593739,Saknar bild (P18),,,https://data.riksdagen.se/filarkiv/bilder/ledamot/e87f12b0-939e-468d-915d-44bace24e58e_192.jpg,magdalena.hermelin@riksdagen.se,Porträttbild till Wikipedia under fri licens,"Hej Magdalena Hermelin,

Jag bidrar till Wikipedia och vill gärna att artikeln om dig ska kunna illustreras med en aktuell porträttbild. Skulle du kunna hjälpa oss genom att ladda upp en bild till Wikimedia Commons under en fri licens, exempelvis CC BY 4.0?

Här finns Wikipedia-artiklarna om dig:
- sv: Magdalena Hermelin – https://sv.wikipedia.org/wiki/Magdalena_Hermelin

Det kräver att fotografen eller den som äger rättigheterna godkänner licensen. Fotografen anges vid användning, och bilden får återanvändas och bearbetas, även i kommersiella sammanhang.

Digg och PRV rekommenderar öppna licenser för offentlig information, som ett komplement till EU öppna data-direktiv från 2019 (https://eur-lex.europa.eu/legal-content/SV/TXT/?uri=CELEX%3A32019L1024). Riksdagens nuvarande bildvillkor anger däremot ingen sådan tydlig fri licens för ledamöternas porträtt trots begäran om det.

En bild från dig vore ett konkret steg framåt. Jag hjälper gärna till med uppladdningen och uppgifter om fotograf och licens.
Du får också gärna lyfta frågan inom riksdagen: varför inte publicera ledamöternas porträtt som ett samlat dataset med tydliga fria licenser?
Hjälp oss att komma vidare och göra våra folkvalda lättare att presentera på Wikipedia.

Vänliga hälsningar,
<ange ditt namn>",ja,finns,2026-10-08T18:55:41Z,Magdalena Hermelin,finns,2026-10-08T18:55:43Z,Magdalena Hermelin,Östergötlands län,False,sv: https://sv.wikipedia.org/wiki/Magdalena_Hermelin,,,
Magnus Resare,M,Värmlands län,Tjänstgörande riksdagsledamot,1987,ddd14cee-8327-4c95-a2d5-b3ce4dbb3a8f,074310796828,Q114772470,Saknar bild (P18),,,https://data.riksdagen.se/filarkiv/bilder/ledamot/ddd14cee-8327-4c95-a2d5-b3ce4dbb3a8f_192.jpg,magnus.resare@riksdagen.se,Porträttbild till Wikipedia under fri licens,"Hej Magnus Resare,

Jag bidrar till Wikipedia och vill gärna att artikeln om dig ska kunna illustreras med en aktuell porträttbild. Skulle du kunna hjälpa oss genom att ladda upp en bild till Wikimedia Commons under en fri licens, exempelvis CC BY 4.0?

Här finns Wikipedia-artiklarna om dig:
- sv: Magnus Resare – https://sv.wikipedia.org/wiki/Magnus_Resare

Det kräver att fotografen eller den som äger rättigheterna godkänner licensen. Fotografen anges vid användning, och bilden får återanvändas och bearbetas, även i kommersiella sammanhang.

Digg och PRV rekommenderar öppna licenser för offentlig information, som ett komplement till EU öppna data-direktiv från 2019 (https://eur-lex.europa.eu/legal-content/SV/TXT/?uri=CELEX%3A32019L1024). Riksdagens nuvarande bildvillkor anger däremot ingen sådan tydlig fri licens för ledamöternas porträtt trots begäran om det.

En bild från dig vore ett konkret steg framåt. Jag hjälper gärna till med uppladdningen och uppgifter om fotograf och licens.
Du får också gärna lyfta frågan inom riksdagen: varför inte publicera ledamöternas porträtt som ett samlat dataset med tydliga fria licenser?
Hjälp oss att komma vidare och göra våra folkvalda lättare att presentera på Wikipedia.

Vänliga hälsningar,
<ange ditt namn>",ja,finns,2026-10-08T18:55:41Z,Magnus Resare,finns,2026-10-08T18:55:43Z,Magnus Resare,Värmlands län,False,sv: https://sv.wikipedia.org/wiki/Magnus_Resare,,,
Maria Stockhaus,M,Stockholms län,Tjänstgörande statsrådsersättare,1963,ee32e119-fdfe-4e00-b136-b2102d79b2a6,0932000030511,Q4980571,Saknar bild (P18),,,https://data.riksdagen.se/filarkiv/bilder/ledamot/ee32e119-fdfe-4e00-b136-b2102d79b2a6_192.jpg,maria.stockhaus@riksdagen.se,Porträttbild till Wikipedia under fri licens,"Hej Maria Stockhaus,

Jag bidrar till Wikipedia och vill gärna att artikeln om dig ska kunna illustreras med en aktuell porträttbild. Skulle du kunna hjälpa oss genom att ladda upp en bild till Wikimedia Commons under en fri licens, exempelvis CC BY 4.0?

Här finns Wikipedia-artiklarna om dig:
- sv: Maria Stockhaus – https://sv.wikipedia.org/wiki/Maria_Stockhaus
- en: Maria Stockhaus – https://en.wikipedia.org/wiki/Maria_Stockhaus

Det kräver att fotografen eller den som äger rättigheterna godkänner licensen. Fotografen anges vid användning, och bilden får återanvändas och bearbetas, även i kommersiella sammanhang.

Digg och PRV rekommenderar öppna licenser för offentlig information, som ett komplement till EU öppna data-direktiv från 2019 (https://eur-lex.europa.eu/legal-content/SV/TXT/?uri=CELEX%3A32019L1024). Riksdagens nuvarande bildvillkor anger däremot ingen sådan tydlig fri licens för ledamöternas porträtt trots begäran om det.

En bild från dig vore ett konkret steg framåt. Jag hjälper gärna till med uppladdningen och uppgifter om fotograf och licens.
Du får också gärna lyfta frågan inom riksdagen: varför inte publicera ledamöternas porträtt som ett samlat dataset med tydliga fria licenser?
Hjälp oss att komma vidare och göra våra folkvalda lättare att presentera på Wikipedia.

Vänliga hälsningar,
<ange ditt namn>",ja,finns,2026-10-08T18:55:41Z,Maria Stockhaus,finns,2026-10-08T18:55:43Z,Maria Stockhaus,Stockholms län,False,sv: https://sv.wikipedia.org/wiki/Maria_Stockhaus; en: https://en.wikipedia.org/wiki/Maria_Stockhaus,,,
Marie Nicholson,M,Kalmar län,Tjänstgörande riksdagsledamot,1976,8c8b9102-1695-4533-a2a2-f95b98c63032,0749416304126,Q75461145,Har bild (P18),http://commons.wikimedia.org/wiki/Special:FilePath/Marie%20Nicholson%20%28M%29.jpg,,https://data.riksdagen.se/filarkiv/bilder/ledamot/8c8b9102-1695-4533-a2a2-f95b98c63032_192.jpg,marie.nicholson@riksdagen.se,Porträttbild till Wikipedia under fri licens,"Hej Marie Nicholson,

Jag bidrar till Wikipedia och vill gärna att artikeln om dig ska kunna illustreras med en aktuell porträttbild. Skulle du kunna hjälpa oss genom att ladda upp en bild till Wikimedia Commons under en fri licens, exempelvis CC BY 4.0?

Här finns Wikipedia-artiklarna om dig:
- sv: Marie Nicholson – https://sv.wikipedia.org/wiki/Marie_Nicholson
- en: Marie Nicholson – https://en.wikipedia.org/wiki/Marie_Nicholson

Det kräver att fotografen eller den som äger rättigheterna godkänner licensen. Fotografen anges vid användning, och bilden får återanvändas och bearbetas, även i kommersiella sammanhang.

Digg och PRV rekommenderar öppna licenser för offentlig information, som ett komplement till EU öppna data-direktiv från 2019 (https://eur-lex.europa.eu/legal-content/SV/TXT/?uri=CELEX%3A32019L1024). Riksdagens nuvarande bildvillkor anger däremot ingen sådan tydlig fri licens för ledamöternas porträtt trots begäran om det.

En bild från dig vore ett konkret steg framåt. Jag hjälper gärna till med uppladdningen och uppgifter om fotograf och licens.
Du får också gärna lyfta frågan inom riksdagen: varför inte publicera ledamöternas porträtt som ett samlat dataset med tydliga fria licenser?
Hjälp oss att komma vidare och göra våra folkvalda lättare att presentera på Wikipedia.

Vänliga hälsningar,
<ange ditt namn>",ja,ej_aktuell,,,finns,2026-10-08T18:55:43Z,Marie Nicholson,Kalmar län,True,sv: https://sv.wikipedia.org/wiki/Marie_Nicholson; en: https://en.wikipedia.org/wiki/Marie_Nicholson,CC BY-SA 4.0,Moreover8,https://commons.wikimedia.org/wiki/File:Marie_Nicholson_(M).jpg
Marie-Louise Hänel Sandström,M,Göteborgs kommun,Tjänstgörande riksdagsledamot,1968,ddbc56dc-35aa-4c01-828c-5a117e4f2682,0810852280213,Q70586981,Saknar bild (P18),,,https://data.riksdagen.se/filarkiv/bilder/ledamot/ddbc56dc-35aa-4c01-828c-5a117e4f2682_192.jpg,marie-louise.hanel.sandstrom@riksdagen.se,Porträttbild till Wikipedia under fri licens,"Hej Marie-Louise Hänel Sandström,

Jag bidrar till Wikipedia och vill gärna att artikeln om dig ska kunna illustreras med en aktuell porträttbild. Skulle du kunna hjälpa oss genom att ladda upp en bild till Wikimedia Commons under en fri licens, exempelvis CC BY 4.0?

Här finns Wikipedia-artiklarna om dig:
- sv: Marie-Louise Hänel Sandström – https://sv.wikipedia.org/wiki/Marie-Louise_H%C3%A4nel_Sandstr%C3%B6m
- en: Marie-Louise Hänel Sandström – https://en.wikipedia.org/wiki/Marie-Louise_H%C3%A4nel_Sandstr%C3%B6m

Det kräver att fotografen eller den som äger rättigheterna godkänner licensen. Fotografen anges vid användning, och bilden får återanvändas och bearbetas, även i kommersiella sammanhang.

Digg och PRV rekommenderar öppna licenser för offentlig information, som ett komplement till EU öppna data-direktiv från 2019 (https://eur-lex.europa.eu/legal-content/SV/TXT/?uri=CELEX%3A32019L1024). Riksdagens nuvarande bildvillkor anger däremot ingen sådan tydlig fri licens för ledamöternas porträtt trots begäran om det.

En bild från dig vore ett konkret steg framåt. Jag hjälper gärna till med uppladdningen och uppgifter om fotograf och licens.
Du får också gärna lyfta frågan inom riksdagen: varför inte publicera ledamöternas porträtt som ett samlat dataset med tydliga fria licenser?
Hjälp oss att komma vidare och göra våra folkvalda lättare att presentera på Wikipedia.

Vänliga hälsningar,
<ange ditt namn>",ja,finns,2026-10-08T18:55:41Z,Marie-Louise Hänel Sandström,finns,2026-10-08T18:55:43Z,Marie-Louise Hänel Sandström,Västra Götalands län,False,sv: https://sv.wikipedia.org/wiki/Marie-Louise_H%C3%A4nel_Sandstr%C3%B6m; en: https://en.wikipedia.org/wiki/Marie-Louise_H%C3%A4nel_Sandstr%C3%B6m,,,
Matilda Ekeblad,M,Östergötlands län,Tjänstgörande riksdagsledamot,1996,502333c3-46ac-4f71-adcd-a7850913e136,0871514710725,Q101961506,Har bild (P18),http://commons.wikimedia.org/wiki/Special:FilePath/M.Ekeblad%201.jpg,,https://data.riksdagen.se/filarkiv/bilder/ledamot/502333c3-46ac-4f71-adcd-a7850913e136_192.jpg,matilda.ekeblad@riksdagen.se,Porträttbild till Wikipedia under fri licens,"Hej Matilda Ekeblad,

Jag bidrar till Wikipedia och vill gärna att artikeln om dig ska kunna illustreras med en aktuell porträttbild. Skulle du kunna hjälpa oss genom att ladda upp en bild till Wikimedia Commons under en fri licens, exempelvis CC BY 4.0?

Här finns Wikipedia-artiklarna om dig:
- sv: Matilda Ekeblad – https://sv.wikipedia.org/wiki/Matilda_Ekeblad
- en: Matilda Ekeblad – https://en.wikipedia.org/wiki/Matilda_Ekeblad

Det kräver att fotografen eller den som äger rättigheterna godkänner licensen. Fotografen anges vid användning, och bilden får återanvändas och bearbetas, även i kommersiella sammanhang.

Digg och PRV rekommenderar öppna licenser för offentlig information, som ett komplement till EU öppna data-direktiv från 2019 (https://eur-lex.europa.eu/legal-content/SV/TXT/?uri=CELEX%3A32019L1024). Riksdagens nuvarande bildvillkor anger däremot ingen sådan tydlig fri licens för ledamöternas porträtt trots begäran om det.

En bild från dig vore ett konkret steg framåt. Jag hjälper gärna till med uppladdningen och uppgifter om fotograf och licens.
Du får också gärna lyfta frågan inom riksdagen: varför inte publicera ledamöternas porträtt som ett samlat dataset med tydliga fria licenser?
Hjälp oss att komma vidare och göra våra folkvalda lättare att presentera på Wikipedia.

Vänliga hälsningar,
<ange ditt namn>",ja,ej_aktuell,,,finns,2026-10-08T18:55:43Z,Matilda Ekeblad,Östergötlands län,True,sv: https://sv.wikipedia.org/wiki/Matilda_Ekeblad; en: https://en.wikipedia.org/wiki/Matilda_Ekeblad,CC BY 4.0,Klara Söderberg/Moderata ungdomsförbundet,https://commons.wikimedia.org/wiki/File:M.Ekeblad_1.jpg
Mats Green,M,Jönköpings län,Tjänstgörande riksdagsledamot,1979,d5c26045-6fd1-4c05-8f97-7195e1e324ff,0538387395826,Q18239250,Har bild (P18),http://commons.wikimedia.org/wiki/Special:FilePath/Mats%20Green%20Moderaterna.jpg,,https://data.riksdagen.se/filarkiv/bilder/ledamot/d5c26045-6fd1-4c05-8f97-7195e1e324ff_192.jpg,mats.green@riksdagen.se,Porträttbild till Wikipedia under fri licens,"Hej Mats Green,

Jag bidrar till Wikipedia och vill gärna att artikeln om dig ska kunna illustreras med en aktuell porträttbild. Skulle du kunna hjälpa oss genom att ladda upp en bild till Wikimedia Commons under en fri licens, exempelvis CC BY 4.0?

Här finns Wikipedia-artiklarna om dig:
- sv: Mats Green – https://sv.wikipedia.org/wiki/Mats_Green
- en: Mats Green – https://en.wikipedia.org/wiki/Mats_Green
- ar: ماتس غرين – https://ar.wikipedia.org/wiki/%D9%85%D8%A7%D8%AA%D8%B3_%D8%BA%D8%B1%D9%8A%D9%86

Det kräver att fotografen eller den som äger rättigheterna godkänner licensen. Fotografen anges vid användning, och bilden får återanvändas och bearbetas, även i kommersiella sammanhang.

Digg och PRV rekommenderar öppna licenser för offentlig information, som ett komplement till EU öppna data-direktiv från 2019 (https://eur-lex.europa.eu/legal-content/SV/TXT/?uri=CELEX%3A32019L1024). Riksdagens nuvarande bildvillkor anger däremot ingen sådan tydlig fri licens för ledamöternas porträtt trots begäran om det.

En bild från dig vore ett konkret steg framåt. Jag hjälper gärna till med uppladdningen och uppgifter om fotograf och licens.
Du får också gärna lyfta frågan inom riksdagen: varför inte publicera ledamöternas porträtt som ett samlat dataset med tydliga fria licenser?
Hjälp oss att komma vidare och göra våra folkvalda lättare att presentera på Wikipedia.

Vänliga hälsningar,
<ange ditt namn>",ja,ej_aktuell,,,finns,2026-10-08T18:55:43Z,Mats Green,Jönköpings län,True,sv: https://sv.wikipedia.org/wiki/Mats_Green; en: https://en.wikipedia.org/wiki/Mats_Green; ar: https://ar.wikipedia.org/wiki/%D9%85%D8%A7%D8%AA%D8%B3_%D8%BA%D8%B1%D9%8A%D9%86,CC BY-SA 4.0,Tom Samuelsson,https://commons.wikimedia.org/wiki/File:Mats_Green_Moderaterna.jpg
Mats Sander,M,Skåne läns västra,Tjänstgörande riksdagsledamot,1963,783cb616-bbb0-49ff-9f2a-1200fd90f133,0150200797210,Q6092482,Saknar bild (P18),,,https://data.riksdagen.se/filarkiv/bilder/ledamot/783cb616-bbb0-49ff-9f2a-1200fd90f133_192.jpg,mats.sander@riksdagen.se,Porträttbild till Wikipedia under fri licens,"Hej Mats Sander,

Jag bidrar till Wikipedia och vill gärna att artikeln om dig ska kunna illustreras med en aktuell porträttbild. Skulle du kunna hjälpa oss genom att ladda upp en bild till Wikimedia Commons under en fri licens, exempelvis CC BY 4.0?

Här finns Wikipedia-artiklarna om dig:
- sv: Mats Sander – https://sv.wikipedia.org/wiki/Mats_Sander
- arz: ماتس ساندير – https://arz.wikipedia.org/wiki/%D9%85%D8%A7%D8%AA%D8%B3_%D8%B3%D8%A7%D9%86%D8%AF%D9%8A%D8%B1

Det kräver att fotografen eller den som äger rättigheterna godkänner licensen. Fotografen anges vid användning, och bilden får återanvändas och bearbetas, även i kommersiella sammanhang.

Digg och PRV rekommenderar öppna licenser för offentlig information, som ett komplement till EU öppna data-direktiv från 2019 (https://eur-lex.europa.eu/legal-content/SV/TXT/?uri=CELEX%3A32019L1024). Riksdagens nuvarande bildvillkor anger däremot ingen sådan tydlig fri licens för ledamöternas porträtt trots begäran om det.

En bild från dig vore ett konkret steg framåt. Jag hjälper gärna till med uppladdningen och uppgifter om fotograf och licens.
Du får också gärna lyfta frågan inom riksdagen: varför inte publicera ledamöternas porträtt som ett samlat dataset med tydliga fria licenser?
Hjälp oss att komma vidare och göra våra folkvalda lättare att presentera på Wikipedia.

Vänliga hälsningar,
<ange ditt namn>",ja,finns,2026-10-08T18:55:41Z,Mats Sander,finns,2026-10-08T18:55:43Z,Mats Sander,Skåne län,False,sv: https://sv.wikipedia.org/wiki/Mats_Sander; arz: https://arz.wikipedia.org/wiki/%D9%85%D8%A7%D8%AA%D8%B3_%D8%B3%D8%A7%D9%86%D8%AF%D9%8A%D8%B1,,,
Mattias Karlsson,M,Norrbottens län,Tjänstgörande riksdagsledamot,1972,951f7039-b277-4696-ab49-7f0df0f39d1a,0522054204918,Q70588456,Saknar bild (P18),,,https://data.riksdagen.se/filarkiv/bilder/ledamot/951f7039-b277-4696-ab49-7f0df0f39d1a_192.jpg,mattias.j.karlsson@riksdagen.se,Porträttbild till Wikipedia under fri licens,"Hej Mattias Karlsson,

Jag bidrar till Wikipedia och vill gärna att artikeln om dig ska kunna illustreras med en aktuell porträttbild. Skulle du kunna hjälpa oss genom att ladda upp en bild till Wikimedia Commons under en fri licens, exempelvis CC BY 4.0?

Här finns Wikipedia-artiklarna om dig:
- sv: Mattias Karlsson (moderat) – https://sv.wikipedia.org/wiki/Mattias_Karlsson_(moderat)
- en: Mattias Karlsson (politician, born 1972) – https://en.wikipedia.org/wiki/Mattias_Karlsson_(politician,_born_1972)

Det kräver att fotografen eller den som äger rättigheterna godkänner licensen. Fotografen anges vid användning, och bilden får återanvändas och bearbetas, även i kommersiella sammanhang.

Digg och PRV rekommenderar öppna licenser för offentlig information, som ett komplement till EU öppna data-direktiv från 2019 (https://eur-lex.europa.eu/legal-content/SV/TXT/?uri=CELEX%3A32019L1024). Riksdagens nuvarande bildvillkor anger däremot ingen sådan tydlig fri licens för ledamöternas porträtt trots begäran om det.

En bild från dig vore ett konkret steg framåt. Jag hjälper gärna till med uppladdningen och uppgifter om fotograf och licens.
Du får också gärna lyfta frågan inom riksdagen: varför inte publicera ledamöternas porträtt som ett samlat dataset med tydliga fria licenser?
Hjälp oss att komma vidare och göra våra folkvalda lättare att presentera på Wikipedia.

Vänliga hälsningar,
<ange ditt namn>",ja,finns,2026-10-08T18:55:41Z,Mattias Karlsson (moderat),finns,2026-10-08T18:55:43Z,Mattias Karlsson (moderat),Norrbottens län,False,"sv: https://sv.wikipedia.org/wiki/Mattias_Karlsson_(moderat); en: https://en.wikipedia.org/wiki/Mattias_Karlsson_(politician,_born_1972)",,,
Merit Frost Lindberg,M,Stockholms kommun,Tjänstgörande statsrådsersättare,1973,20345589-95e2-4dc0-aec9-89a5c85d55dc,0533104339313,Q115564925,Saknar bild (P18),,,https://data.riksdagen.se/filarkiv/bilder/ledamot/20345589-95e2-4dc0-aec9-89a5c85d55dc_192.jpg,merit.frost.lindberg@riksdagen.se,Porträttbild till Wikipedia under fri licens,"Hej Merit Frost Lindberg,

Jag bidrar till Wikipedia och vill gärna att artikeln om dig ska kunna illustreras med en aktuell porträttbild. Skulle du kunna hjälpa oss genom att ladda upp en bild till Wikimedia Commons under en fri licens, exempelvis CC BY 4.0?

Här finns Wikipedia-artiklarna om dig:
- sv: Merit Frost Lindberg – https://sv.wikipedia.org/wiki/Merit_Frost_Lindberg

Det kräver att fotografen eller den som äger rättigheterna godkänner licensen. Fotografen anges vid användning, och bilden får återanvändas och bearbetas, även i kommersiella sammanhang.

Digg och PRV rekommenderar öppna licenser för offentlig information, som ett komplement till EU öppna data-direktiv från 2019 (https://eur-lex.europa.eu/legal-content/SV/TXT/?uri=CELEX%3A32019L1024). Riksdagens nuvarande bildvillkor anger däremot ingen sådan tydlig fri licens för ledamöternas porträtt trots begäran om det.

En bild från dig vore ett konkret steg framåt. Jag hjälper gärna till med uppladdningen och uppgifter om fotograf och licens.
Du får också gärna lyfta frågan inom riksdagen: varför inte publicera ledamöternas porträtt som ett samlat dataset med tydliga fria licenser?
Hjälp oss att komma vidare och göra våra folkvalda lättare att presentera på Wikipedia.

Vänliga hälsningar,
<ange ditt namn>",ja,finns,2026-10-08T18:55:41Z,Merit Frost Lindberg,finns,2026-10-08T18:55:43Z,Merit Frost Lindberg,Stockholms län,False,sv: https://sv.wikipedia.org/wiki/Merit_Frost_Lindberg,,,
Mikael Damsgaard,M,Västmanlands län,Tjänstgörande riksdagsledamot,1976,cd568a26-75c0-401e-a4de-d43589a8dc21,066036027425,Q70407251,Saknar bild (P18),,,https://data.riksdagen.se/filarkiv/bilder/ledamot/cd568a26-75c0-401e-a4de-d43589a8dc21_192.jpg,mikael.damsgaard@riksdagen.se,Porträttbild till Wikipedia under fri licens,"Hej Mikael Damsgaard,

Jag bidrar till Wikipedia och vill gärna att artikeln om dig ska kunna illustreras med en aktuell porträttbild. Skulle du kunna hjälpa oss genom att ladda upp en bild till Wikimedia Commons under en fri licens, exempelvis CC BY 4.0?

Här finns Wikipedia-artiklarna om dig:
- sv: Mikael Damsgaard – https://sv.wikipedia.org/wiki/Mikael_Damsgaard
- en: Mikael Damsgaard – https://en.wikipedia.org/wiki/Mikael_Damsgaard
- pt: Mikael Damsgaard – https://pt.wikipedia.org/wiki/Mikael_Damsgaard

Det kräver att fotografen eller den som äger rättigheterna godkänner licensen. Fotografen anges vid användning, och bilden får återanvändas och bearbetas, även i kommersiella sammanhang.

Digg och PRV rekommenderar öppna licenser för offentlig information, som ett komplement till EU öppna data-direktiv från 2019 (https://eur-lex.europa.eu/legal-content/SV/TXT/?uri=CELEX%3A32019L1024). Riksdagens nuvarande bildvillkor anger däremot ingen sådan tydlig fri licens för ledamöternas porträtt trots begäran om det.

En bild från dig vore ett konkret steg framåt. Jag hjälper gärna till med uppladdningen och uppgifter om fotograf och licens.
Du får också gärna lyfta frågan inom riksdagen: varför inte publicera ledamöternas porträtt som ett samlat dataset med tydliga fria licenser?
Hjälp oss att komma vidare och göra våra folkvalda lättare att presentera på Wikipedia.

Vänliga hälsningar,
<ange ditt namn>",ja,finns,2026-10-08T18:55:41Z,Mikael Damsgaard,finns,2026-10-08T18:55:44Z,Mikael Damsgaard,Västmanlands län,False,sv: https://sv.wikipedia.org/wiki/Mikael_Damsgaard; en: https://en.wikipedia.org/wiki/Mikael_Damsgaard; pt: https://pt.wikipedia.org/wiki/Mikael_Damsgaard,,,
Niclas Nilsson,M,Hallands län,Tjänstgörande ersättare,1965,9bac25ff-aea2-45c9-a0ad-e7ec3af930e5,0853651496711,Q141664400,Saknar bild (P18),,,https://data.riksdagen.se/filarkiv/bilder/ledamot/9bac25ff-aea2-45c9-a0ad-e7ec3af930e5_192.jpg,niclas.nilsson@riksdagen.se,Porträttbild till Wikipedia under fri licens,"Hej Niclas Nilsson,

Jag bidrar till Wikipedia och vill gärna att artikeln om dig ska kunna illustreras med en aktuell porträttbild. Skulle du kunna hjälpa oss genom att ladda upp en bild till Wikimedia Commons under en fri licens, exempelvis CC BY 4.0?

Här finns Wikipedia-artiklarna om dig:
- sv: Niclas Nilsson (politiker) – https://sv.wikipedia.org/wiki/Niclas_Nilsson_(politiker)

Det kräver att fotografen eller den som äger rättigheterna godkänner licensen. Fotografen anges vid användning, och bilden får återanvändas och bearbetas, även i kommersiella sammanhang.

Digg och PRV rekommenderar öppna licenser för offentlig information, som ett komplement till EU öppna data-direktiv från 2019 (https://eur-lex.europa.eu/legal-content/SV/TXT/?uri=CELEX%3A32019L1024). Riksdagens nuvarande bildvillkor anger däremot ingen sådan tydlig fri licens för ledamöternas porträtt trots begäran om det.

En bild från dig vore ett konkret steg framåt. Jag hjälper gärna till med uppladdningen och uppgifter om fotograf och licens.
Du får också gärna lyfta frågan inom riksdagen: varför inte publicera ledamöternas porträtt som ett samlat dataset med tydliga fria licenser?
Hjälp oss att komma vidare och göra våra folkvalda lättare att presentera på Wikipedia.

Vänliga hälsningar,
<ange ditt namn>",ja,finns,2026-10-08T18:55:42Z,Niclas Nilsson (politiker),finns,2026-10-08T18:55:44Z,Niclas Nilsson (politiker),Hallands län,False,sv: https://sv.wikipedia.org/wiki/Niclas_Nilsson_(politiker),,,
Oliver Rosengren,M,Kronobergs län,Tjänstgörande riksdagsledamot,1992,6dc591b2-0f19-47a8-a143-355f8490952f,039102787629,Q71577635,Har bild (P18),http://commons.wikimedia.org/wiki/Special:FilePath/Oliver%20rosengren.22g405.1322401.jpg,,https://data.riksdagen.se/filarkiv/bilder/ledamot/6dc591b2-0f19-47a8-a143-355f8490952f_192.jpg,oliver.rosengren@riksdagen.se,Porträttbild till Wikipedia under fri licens,"Hej Oliver Rosengren,

Jag bidrar till Wikipedia och vill gärna att artikeln om dig ska kunna illustreras med en aktuell porträttbild. Skulle du kunna hjälpa oss genom att ladda upp en bild till Wikimedia Commons under en fri licens, exempelvis CC BY 4.0?

Här finns Wikipedia-artiklarna om dig:
- sv: Oliver Rosengren – https://sv.wikipedia.org/wiki/Oliver_Rosengren
- en: Oliver Rosengren – https://en.wikipedia.org/wiki/Oliver_Rosengren

Det kräver att fotografen eller den som äger rättigheterna godkänner licensen. Fotografen anges vid användning, och bilden får återanvändas och bearbetas, även i kommersiella sammanhang.

Digg och PRV rekommenderar öppna licenser för offentlig information, som ett komplement till EU öppna data-direktiv från 2019 (https://eur-lex.europa.eu/legal-content/SV/TXT/?uri=CELEX%3A32019L1024). Riksdagens nuvarande bildvillkor anger däremot ingen sådan tydlig fri licens för ledamöternas porträtt trots begäran om det.

En bild från dig vore ett konkret steg framåt. Jag hjälper gärna till med uppladdningen och uppgifter om fotograf och licens.
Du får också gärna lyfta frågan inom riksdagen: varför inte publicera ledamöternas porträtt som ett samlat dataset med tydliga fria licenser?
Hjälp oss att komma vidare och göra våra folkvalda lättare att presentera på Wikipedia.

Vänliga hälsningar,
<ange ditt namn>",ja,ej_aktuell,,,finns,2026-10-08T18:55:44Z,Oliver Rosengren,Kronobergs län,True,sv: https://sv.wikipedia.org/wiki/Oliver_Rosengren; en: https://en.wikipedia.org/wiki/Oliver_Rosengren,CC BY-SA 3.0,http://politik.in2pic.com + Own,https://commons.wikimedia.org/wiki/File:Oliver_rosengren.22g405.1322401.jpg
Olle Olson,M,Kalmar län,Tjänstgörande riksdagsledamot,1994,ea1cfbec-efbf-496f-b6c7-5f4be8335761,0385243834229,Q141502840,Saknar bild (P18),,,https://data.riksdagen.se/filarkiv/bilder/ledamot/ea1cfbec-efbf-496f-b6c7-5f4be8335761_192.jpg,olle.olson@riksdagen.se,Porträttbild till Wikipedia under fri licens,"Hej Olle Olson,

Jag bidrar till Wikipedia och vill gärna att artikeln om dig ska kunna illustreras med en aktuell porträttbild. Skulle du kunna hjälpa oss genom att ladda upp en bild till Wikimedia Commons under en fri licens, exempelvis CC BY 4.0?

Här finns Wikipedia-artiklarna om dig:
- sv: Olle Olson – https://sv.wikipedia.org/wiki/Olle_Olson
- en: Olle Olson – https://en.wikipedia.org/wiki/Olle_Olson

Det kräver att fotografen eller den som äger rättigheterna godkänner licensen. Fotografen anges vid användning, och bilden får återanvändas och bearbetas, även i kommersiella sammanhang.

Digg och PRV rekommenderar öppna licenser för offentlig information, som ett komplement till EU öppna data-direktiv från 2019 (https://eur-lex.europa.eu/legal-content/SV/TXT/?uri=CELEX%3A32019L1024). Riksdagens nuvarande bildvillkor anger däremot ingen sådan tydlig fri licens för ledamöternas porträtt trots begäran om det.

En bild från dig vore ett konkret steg framåt. Jag hjälper gärna till med uppladdningen och uppgifter om fotograf och licens.
Du får också gärna lyfta frågan inom riksdagen: varför inte publicera ledamöternas porträtt som ett samlat dataset med tydliga fria licenser?
Hjälp oss att komma vidare och göra våra folkvalda lättare att presentera på Wikipedia.

Vänliga hälsningar,
<ange ditt namn>",ja,finns,2026-10-08T18:55:42Z,Olle Olson,finns,2026-10-08T18:55:44Z,Olle Olson,Kalmar län,False,sv: https://sv.wikipedia.org/wiki/Olle_Olson; en: https://en.wikipedia.org/wiki/Olle_Olson,,,
Oskar Svärd,M,Örebro län,Tjänstgörande riksdagsledamot,1995,550799bc-79b5-4dff-a26a-94c96a61ab5b,0372414474424,Q114198430,Saknar bild (P18),,,https://data.riksdagen.se/filarkiv/bilder/ledamot/550799bc-79b5-4dff-a26a-94c96a61ab5b_192.jpg,oskar.svard@riksdagen.se,Porträttbild till Wikipedia under fri licens,"Hej Oskar Svärd,

Jag bidrar till Wikipedia och vill gärna att artikeln om dig ska kunna illustreras med en aktuell porträttbild. Skulle du kunna hjälpa oss genom att ladda upp en bild till Wikimedia Commons under en fri licens, exempelvis CC BY 4.0?

Här finns Wikipedia-artiklarna om dig:
- sv: Oskar Svärd (politiker) – https://sv.wikipedia.org/wiki/Oskar_Sv%C3%A4rd_(politiker)
- en: Oskar Svärd (politician) – https://en.wikipedia.org/wiki/Oskar_Sv%C3%A4rd_(politician)

Det kräver att fotografen eller den som äger rättigheterna godkänner licensen. Fotografen anges vid användning, och bilden får återanvändas och bearbetas, även i kommersiella sammanhang.

Digg och PRV rekommenderar öppna licenser för offentlig information, som ett komplement till EU öppna data-direktiv från 2019 (https://eur-lex.europa.eu/legal-content/SV/TXT/?uri=CELEX%3A32019L1024). Riksdagens nuvarande bildvillkor anger däremot ingen sådan tydlig fri licens för ledamöternas porträtt trots begäran om det.

En bild från dig vore ett konkret steg framåt. Jag hjälper gärna till med uppladdningen och uppgifter om fotograf och licens.
Du får också gärna lyfta frågan inom riksdagen: varför inte publicera ledamöternas porträtt som ett samlat dataset med tydliga fria licenser?
Hjälp oss att komma vidare och göra våra folkvalda lättare att presentera på Wikipedia.

Vänliga hälsningar,
<ange ditt namn>",ja,finns,2026-10-08T18:55:42Z,Oskar Svärd (politiker),finns,2026-10-08T18:55:44Z,Oskar Svärd (politiker),Örebro län,False,sv: https://sv.wikipedia.org/wiki/Oskar_Sv%C3%A4rd_(politiker); en: https://en.wikipedia.org/wiki/Oskar_Sv%C3%A4rd_(politician),,,
Peter Ollén,M,Malmö kommun,Tjänstgörande riksdagsledamot,1959,d47e2539-1077-4182-bdb1-d4873dda8583,0191189790215,Q114031230,Har bild (P18),http://commons.wikimedia.org/wiki/Special:FilePath/2013-10-23%20Svenska%20Publishingdagen%2C%20Peter%20Oll%C3%A9n%202.JPG,,https://data.riksdagen.se/filarkiv/bilder/ledamot/d47e2539-1077-4182-bdb1-d4873dda8583_192.jpg,peter.ollen@riksdagen.se,Porträttbild till Wikipedia under fri licens,"Hej Peter Ollén,

Jag bidrar till Wikipedia och vill gärna att artikeln om dig ska kunna illustreras med en aktuell porträttbild. Skulle du kunna hjälpa oss genom att ladda upp en bild till Wikimedia Commons under en fri licens, exempelvis CC BY 4.0?

Här finns Wikipedia-artiklarna om dig:
- sv: Peter Ollén – https://sv.wikipedia.org/wiki/Peter_Oll%C3%A9n
- en: Peter Ollén – https://en.wikipedia.org/wiki/Peter_Oll%C3%A9n

Det kräver att fotografen eller den som äger rättigheterna godkänner licensen. Fotografen anges vid användning, och bilden får återanvändas och bearbetas, även i kommersiella sammanhang.

Digg och PRV rekommenderar öppna licenser för offentlig information, som ett komplement till EU öppna data-direktiv från 2019 (https://eur-lex.europa.eu/legal-content/SV/TXT/?uri=CELEX%3A32019L1024). Riksdagens nuvarande bildvillkor anger däremot ingen sådan tydlig fri licens för ledamöternas porträtt trots begäran om det.

En bild från dig vore ett konkret steg framåt. Jag hjälper gärna till med uppladdningen och uppgifter om fotograf och licens.
Du får också gärna lyfta frågan inom riksdagen: varför inte publicera ledamöternas porträtt som ett samlat dataset med tydliga fria licenser?
Hjälp oss att komma vidare och göra våra folkvalda lättare att presentera på Wikipedia.

Vänliga hälsningar,
<ange ditt namn>",ja,ej_aktuell,,,finns,2026-10-08T18:55:44Z,Peter Ollén,Skåne län,True,sv: https://sv.wikipedia.org/wiki/Peter_Oll%C3%A9n; en: https://en.wikipedia.org/wiki/Peter_Oll%C3%A9n,CC BY 3.0,Axel Pettersson,"https://commons.wikimedia.org/wiki/File:2013-10-23_Svenska_Publishingdagen,_Peter_Oll%C3%A9n_2.JPG"
Sophia Granswed Baat,M,Stockholms kommun,Tjänstgörande statsrådsersättare,1986,48a963f4-d039-4f56-af52-516ad2659b3d,0261500266924,Q141600242,Saknar bild (P18),,,https://data.riksdagen.se/filarkiv/bilder/ledamot/48a963f4-d039-4f56-af52-516ad2659b3d_192.jpg,sophia.granswed.baat@riksdagen.se,Porträttbild till Wikipedia under fri licens,"Hej Sophia Granswed Baat,

Jag bidrar till Wikipedia och vill gärna att artikeln om dig ska kunna illustreras med en aktuell porträttbild. Skulle du kunna hjälpa oss genom att ladda upp en bild till Wikimedia Commons under en fri licens, exempelvis CC BY 4.0?

Här finns Wikipedia-artiklarna om dig:
- sv: Sophia Granswed Baat – https://sv.wikipedia.org/wiki/Sophia_Granswed_Baat

Det kräver att fotografen eller den som äger rättigheterna godkänner licensen. Fotografen anges vid användning, och bilden får återanvändas och bearbetas, även i kommersiella sammanhang.

Digg och PRV rekommenderar öppna licenser för offentlig information, som ett komplement till EU öppna data-direktiv från 2019 (https://eur-lex.europa.eu/legal-content/SV/TXT/?uri=CELEX%3A32019L1024). Riksdagens nuvarande bildvillkor anger däremot ingen sådan tydlig fri licens för ledamöternas porträtt trots begäran om det.

En bild från dig vore ett konkret steg framåt. Jag hjälper gärna till med uppladdningen och uppgifter om fotograf och licens.
Du får också gärna lyfta frågan inom riksdagen: varför inte publicera ledamöternas porträtt som ett samlat dataset med tydliga fria licenser?
Hjälp oss att komma vidare och göra våra folkvalda lättare att presentera på Wikipedia.

Vänliga hälsningar,
<ange ditt namn>",ja,finns,2026-10-08T18:55:42Z,Sophia Granswed Baat,finns,2026-10-08T18:55:44Z,Sophia Granswed Baat,Stockholms län,False,sv: https://sv.wikipedia.org/wiki/Sophia_Granswed_Baat,,,
Stefan Olsson,M,Uppsala län,Tjänstgörande riksdagsledamot,1968,7aa3686d-39b7-4b72-9790-1ec8f7541b0d,0222102752213,Q6027959,Saknar bild (P18),,,https://data.riksdagen.se/filarkiv/bilder/ledamot/7aa3686d-39b7-4b72-9790-1ec8f7541b0d_192.jpg,stefan.olsson@riksdagen.se,Porträttbild till Wikipedia under fri licens,"Hej Stefan Olsson,

Jag bidrar till Wikipedia och vill gärna att artikeln om dig ska kunna illustreras med en aktuell porträttbild. Skulle du kunna hjälpa oss genom att ladda upp en bild till Wikimedia Commons under en fri licens, exempelvis CC BY 4.0?

Här finns Wikipedia-artiklarna om dig:
- sv: Stefan Olsson (statsvetare) – https://sv.wikipedia.org/wiki/Stefan_Olsson_(statsvetare)
- en: Stefan Olsson (politician) – https://en.wikipedia.org/wiki/Stefan_Olsson_(politician)

Det kräver att fotografen eller den som äger rättigheterna godkänner licensen. Fotografen anges vid användning, och bilden får återanvändas och bearbetas, även i kommersiella sammanhang.

Digg och PRV rekommenderar öppna licenser för offentlig information, som ett komplement till EU öppna data-direktiv från 2019 (https://eur-lex.europa.eu/legal-content/SV/TXT/?uri=CELEX%3A32019L1024). Riksdagens nuvarande bildvillkor anger däremot ingen sådan tydlig fri licens för ledamöternas porträtt trots begäran om det.

En bild från dig vore ett konkret steg framåt. Jag hjälper gärna till med uppladdningen och uppgifter om fotograf och licens.
Du får också gärna lyfta frågan inom riksdagen: varför inte publicera ledamöternas porträtt som ett samlat dataset med tydliga fria licenser?
Hjälp oss att komma vidare och göra våra folkvalda lättare att presentera på Wikipedia.

Vänliga hälsningar,
<ange ditt namn>",ja,finns,2026-10-08T18:55:42Z,Stefan Olsson (statsvetare),finns,2026-10-08T18:55:44Z,Stefan Olsson (statsvetare),Uppsala län,False,sv: https://sv.wikipedia.org/wiki/Stefan_Olsson_(statsvetare); en: https://en.wikipedia.org/wiki/Stefan_Olsson_(politician),,,
Sten Bergheden,M,Västra Götalands läns östra,Tjänstgörande riksdagsledamot,1965,641344b2-dc65-4282-b308-8fca005983a1,0828721176319,Q5572155,Har bild (P18),http://commons.wikimedia.org/wiki/Special:FilePath/Sten%20Bergheden.jpg,,https://data.riksdagen.se/filarkiv/bilder/ledamot/641344b2-dc65-4282-b308-8fca005983a1_192.jpg,sten.bergheden@riksdagen.se,Porträttbild till Wikipedia under fri licens,"Hej Sten Bergheden,

Jag bidrar till Wikipedia och vill gärna att artikeln om dig ska kunna illustreras med en aktuell porträttbild. Skulle du kunna hjälpa oss genom att ladda upp en bild till Wikimedia Commons under en fri licens, exempelvis CC BY 4.0?

Här finns Wikipedia-artiklarna om dig:
- sv: Sten Bergheden – https://sv.wikipedia.org/wiki/Sten_Bergheden
- en: Sten Bergheden – https://en.wikipedia.org/wiki/Sten_Bergheden
- arz: ستين بيرجيدين – https://arz.wikipedia.org/wiki/%D8%B3%D8%AA%D9%8A%D9%86_%D8%A8%D9%8A%D8%B1%D8%AC%D9%8A%D8%AF%D9%8A%D9%86

Det kräver att fotografen eller den som äger rättigheterna godkänner licensen. Fotografen anges vid användning, och bilden får återanvändas och bearbetas, även i kommersiella sammanhang.

Digg och PRV rekommenderar öppna licenser för offentlig information, som ett komplement till EU öppna data-direktiv från 2019 (https://eur-lex.europa.eu/legal-content/SV/TXT/?uri=CELEX%3A32019L1024). Riksdagens nuvarande bildvillkor anger däremot ingen sådan tydlig fri licens för ledamöternas porträtt trots begäran om det.

En bild från dig vore ett konkret steg framåt. Jag hjälper gärna till med uppladdningen och uppgifter om fotograf och licens.
Du får också gärna lyfta frågan inom riksdagen: varför inte publicera ledamöternas porträtt som ett samlat dataset med tydliga fria licenser?
Hjälp oss att komma vidare och göra våra folkvalda lättare att presentera på Wikipedia.

Vänliga hälsningar,
<ange ditt namn>",ja,ej_aktuell,,,finns,2026-10-08T18:55:44Z,Sten Bergheden,Västra Götalands län,True,sv: https://sv.wikipedia.org/wiki/Sten_Bergheden; en: https://en.wikipedia.org/wiki/Sten_Bergheden; arz: https://arz.wikipedia.org/wiki/%D8%B3%D8%AA%D9%8A%D9%86_%D8%A8%D9%8A%D8%B1%D8%AC%D9%8A%D8%AF%D9%8A%D9%86,CC BY-SA 3.0,Esquilo,https://commons.wikimedia.org/wiki/File:Sten_Bergheden.jpg
Susanne Wahlström,M,Jönköpings län,Tjänstgörande riksdagsledamot,1973,49227f78-f55c-4bfe-90d0-362031de6177,0541314446913,Q60144211,Saknar bild (P18),,,https://data.riksdagen.se/filarkiv/bilder/ledamot/49227f78-f55c-4bfe-90d0-362031de6177_192.jpg,susanne.wahlstrom@riksdagen.se,Porträttbild till Wikipedia under fri licens,"Hej Susanne Wahlström,

Jag bidrar till Wikipedia och vill gärna att artikeln om dig ska kunna illustreras med en aktuell porträttbild. Skulle du kunna hjälpa oss genom att ladda upp en bild till Wikimedia Commons under en fri licens, exempelvis CC BY 4.0?

Här finns Wikipedia-artiklarna om dig:
- sv: Susanne Wahlström – https://sv.wikipedia.org/wiki/Susanne_Wahlstr%C3%B6m

Det kräver att fotografen eller den som äger rättigheterna godkänner licensen. Fotografen anges vid användning, och bilden får återanvändas och bearbetas, även i kommersiella sammanhang.

Digg och PRV rekommenderar öppna licenser för offentlig information, som ett komplement till EU öppna data-direktiv från 2019 (https://eur-lex.europa.eu/legal-content/SV/TXT/?uri=CELEX%3A32019L1024). Riksdagens nuvarande bildvillkor anger däremot ingen sådan tydlig fri licens för ledamöternas porträtt trots begäran om det.

En bild från dig vore ett konkret steg framåt. Jag hjälper gärna till med uppladdningen och uppgifter om fotograf och licens.
Du får också gärna lyfta frågan inom riksdagen: varför inte publicera ledamöternas porträtt som ett samlat dataset med tydliga fria licenser?
Hjälp oss att komma vidare och göra våra folkvalda lättare att presentera på Wikipedia.

Vänliga hälsningar,
<ange ditt namn>",ja,finns,2026-10-08T18:55:42Z,Susanne Wahlström,finns,2026-10-08T18:55:44Z,Susanne Wahlström,Jönköpings län,False,sv: https://sv.wikipedia.org/wiki/Susanne_Wahlstr%C3%B6m,,,
Thomas Ragnarsson,M,Kronobergs län,Tjänstgörande riksdagsledamot,1970,90b66947-2ca5-450f-a304-6e3d8af3dcb6,071293048118,Q114031224,Saknar bild (P18),,,https://data.riksdagen.se/filarkiv/bilder/ledamot/90b66947-2ca5-450f-a304-6e3d8af3dcb6_192.jpg,thomas.ragnarsson@riksdagen.se,Porträttbild till Wikipedia under fri licens,"Hej Thomas Ragnarsson,

Jag bidrar till Wikipedia och vill gärna att artikeln om dig ska kunna illustreras med en aktuell porträttbild. Skulle du kunna hjälpa oss genom att ladda upp en bild till Wikimedia Commons under en fri licens, exempelvis CC BY 4.0?

Här finns Wikipedia-artiklarna om dig:
- sv: Thomas Ragnarsson – https://sv.wikipedia.org/wiki/Thomas_Ragnarsson
- en: Thomas Ragnarsson – https://en.wikipedia.org/wiki/Thomas_Ragnarsson

Det kräver att fotografen eller den som äger rättigheterna godkänner licensen. Fotografen anges vid användning, och bilden får återanvändas och bearbetas, även i kommersiella sammanhang.

Digg och PRV rekommenderar öppna licenser för offentlig information, som ett komplement till EU öppna data-direktiv från 2019 (https://eur-lex.europa.eu/legal-content/SV/TXT/?uri=CELEX%3A32019L1024). Riksdagens nuvarande bildvillkor anger däremot ingen sådan tydlig fri licens för ledamöternas porträtt trots begäran om det.

En bild från dig vore ett konkret steg framåt. Jag hjälper gärna till med uppladdningen och uppgifter om fotograf och licens.
Du får också gärna lyfta frågan inom riksdagen: varför inte publicera ledamöternas porträtt som ett samlat dataset med tydliga fria licenser?
Hjälp oss att komma vidare och göra våra folkvalda lättare att presentera på Wikipedia.

Vänliga hälsningar,
<ange ditt namn>",ja,finns,2026-10-08T18:55:42Z,Thomas Ragnarsson,finns,2026-10-08T18:55:44Z,Thomas Ragnarsson,Kronobergs län,False,sv: https://sv.wikipedia.org/wiki/Thomas_Ragnarsson; en: https://en.wikipedia.org/wiki/Thomas_Ragnarsson,,,
Tony Rahm,M,Malmö kommun,Tjänstgörande ersättare,1987,afbe0872-7e2b-4aa9-9da2-36ea02a66e54,0869100760228,Q141664436,Saknar bild (P18),,,https://data.riksdagen.se/filarkiv/bilder/ledamot/afbe0872-7e2b-4aa9-9da2-36ea02a66e54_192.jpg,tony.rahm@riksdagen.se,Porträttbild till Wikipedia under fri licens,"Hej Tony Rahm,

Jag bidrar till Wikipedia och vill gärna att artikeln om dig ska kunna illustreras med en aktuell porträttbild. Skulle du kunna hjälpa oss genom att ladda upp en bild till Wikimedia Commons under en fri licens, exempelvis CC BY 4.0?

Här finns Wikipedia-artiklarna om dig:
- sv: Tony Rahm – https://sv.wikipedia.org/wiki/Tony_Rahm

Det kräver att fotografen eller den som äger rättigheterna godkänner licensen. Fotografen anges vid användning, och bilden får återanvändas och bearbetas, även i kommersiella sammanhang.

Digg och PRV rekommenderar öppna licenser för offentlig information, som ett komplement till EU öppna data-direktiv från 2019 (https://eur-lex.europa.eu/legal-content/SV/TXT/?uri=CELEX%3A32019L1024). Riksdagens nuvarande bildvillkor anger däremot ingen sådan tydlig fri licens för ledamöternas porträtt trots begäran om det.

En bild från dig vore ett konkret steg framåt. Jag hjälper gärna till med uppladdningen och uppgifter om fotograf och licens.
Du får också gärna lyfta frågan inom riksdagen: varför inte publicera ledamöternas porträtt som ett samlat dataset med tydliga fria licenser?
Hjälp oss att komma vidare och göra våra folkvalda lättare att presentera på Wikipedia.

Vänliga hälsningar,
<ange ditt namn>",ja,finns,2026-10-08T18:55:42Z,Tony Rahm,finns,2026-10-08T18:55:44Z,Tony Rahm,Skåne län,False,sv: https://sv.wikipedia.org/wiki/Tony_Rahm,,,
Tony Ring,M,Örebro län,Tjänstgörande statsrådsersättare,1964,d049280b-2e71-426f-ba1b-4c7702330b2f,0218091322915,Q6072928,Saknar bild (P18),,,https://data.riksdagen.se/filarkiv/bilder/ledamot/d049280b-2e71-426f-ba1b-4c7702330b2f_192.jpg,tony.ring@riksdagen.se,Porträttbild till Wikipedia under fri licens,"Hej Tony Ring,

Jag bidrar till Wikipedia och vill gärna att artikeln om dig ska kunna illustreras med en aktuell porträttbild. Skulle du kunna hjälpa oss genom att ladda upp en bild till Wikimedia Commons under en fri licens, exempelvis CC BY 4.0?

Här finns Wikipedia-artiklarna om dig:
- sv: Tony Ring – https://sv.wikipedia.org/wiki/Tony_Ring
- en: Tony Ring – https://en.wikipedia.org/wiki/Tony_Ring
- no: Tony Ring – https://no.wikipedia.org/wiki/Tony_Ring

Det kräver att fotografen eller den som äger rättigheterna godkänner licensen. Fotografen anges vid användning, och bilden får återanvändas och bearbetas, även i kommersiella sammanhang.

Digg och PRV rekommenderar öppna licenser för offentlig information, som ett komplement till EU öppna data-direktiv från 2019 (https://eur-lex.europa.eu/legal-content/SV/TXT/?uri=CELEX%3A32019L1024). Riksdagens nuvarande bildvillkor anger däremot ingen sådan tydlig fri licens för ledamöternas porträtt trots begäran om det.

En bild från dig vore ett konkret steg framåt. Jag hjälper gärna till med uppladdningen och uppgifter om fotograf och licens.
Du får också gärna lyfta frågan inom riksdagen: varför inte publicera ledamöternas porträtt som ett samlat dataset med tydliga fria licenser?
Hjälp oss att komma vidare och göra våra folkvalda lättare att presentera på Wikipedia.

Vänliga hälsningar,
<ange ditt namn>",ja,finns,2026-10-08T18:55:42Z,Tony Ring,finns,2026-10-08T18:55:44Z,Tony Ring,Örebro län,False,sv: https://sv.wikipedia.org/wiki/Tony_Ring; en: https://en.wikipedia.org/wiki/Tony_Ring; no: https://no.wikipedia.org/wiki/Tony_Ring,,,
Ulrik Nilsson,M,Västra Götalands läns södra,Tjänstgörande riksdagsledamot,1963,3aebee98-eff2-4092-9618-b017c1821b84,0410640630411,Q6012202,Har bild (P18),http://commons.wikimedia.org/wiki/Special:FilePath/Ulrik%20Nilsson%20%28Sweden%29%2C%20EOM%20to%20North%20Macedonia%2C%20Parliamentary%20Briefings%2C%206%20May%202024%20%2853701718217%29.jpg,,https://data.riksdagen.se/filarkiv/bilder/ledamot/3aebee98-eff2-4092-9618-b017c1821b84_192.jpg,ulrik.nilsson@riksdagen.se,Porträttbild till Wikipedia under fri licens,"Hej Ulrik Nilsson,

Jag bidrar till Wikipedia och vill gärna att artikeln om dig ska kunna illustreras med en aktuell porträttbild. Skulle du kunna hjälpa oss genom att ladda upp en bild till Wikimedia Commons under en fri licens, exempelvis CC BY 4.0?

Här finns Wikipedia-artiklarna om dig:
- sv: Ulrik Nilsson – https://sv.wikipedia.org/wiki/Ulrik_Nilsson
- en: Ulrik Nilsson – https://en.wikipedia.org/wiki/Ulrik_Nilsson
- arz: الريك نيلسون – https://arz.wikipedia.org/wiki/%D8%A7%D9%84%D8%B1%D9%8A%D9%83_%D9%86%D9%8A%D9%84%D8%B3%D9%88%D9%86

Det kräver att fotografen eller den som äger rättigheterna godkänner licensen. Fotografen anges vid användning, och bilden får återanvändas och bearbetas, även i kommersiella sammanhang.

Digg och PRV rekommenderar öppna licenser för offentlig information, som ett komplement till EU öppna data-direktiv från 2019 (https://eur-lex.europa.eu/legal-content/SV/TXT/?uri=CELEX%3A32019L1024). Riksdagens nuvarande bildvillkor anger däremot ingen sådan tydlig fri licens för ledamöternas porträtt trots begäran om det.

En bild från dig vore ett konkret steg framåt. Jag hjälper gärna till med uppladdningen och uppgifter om fotograf och licens.
Du får också gärna lyfta frågan inom riksdagen: varför inte publicera ledamöternas porträtt som ett samlat dataset med tydliga fria licenser?
Hjälp oss att komma vidare och göra våra folkvalda lättare att presentera på Wikipedia.

Vänliga hälsningar,
<ange ditt namn>",ja,ej_aktuell,,,finns,2026-10-08T18:55:44Z,Ulrik Nilsson,Västra Götalands län,True,sv: https://sv.wikipedia.org/wiki/Ulrik_Nilsson; en: https://en.wikipedia.org/wiki/Ulrik_Nilsson; arz: https://arz.wikipedia.org/wiki/%D8%A7%D9%84%D8%B1%D9%8A%D9%83_%D9%86%D9%8A%D9%84%D8%B3%D9%88%D9%86,CC BY-SA 2.0,"OSCE Parliamentary Assembly from Copenhagen, Denmark","https://commons.wikimedia.org/wiki/File:Ulrik_Nilsson_(Sweden),_EOM_to_North_Macedonia,_Parliamentary_Briefings,_6_May_2024_(53701718217).jpg"
Viktor Wärnick,M,Gävleborgs län,Tjänstgörande riksdagsledamot,1991,7cdc7712-4bb7-4361-8b72-8f98a111d0c5,0796312429425,Q60732958,Har bild (P18),http://commons.wikimedia.org/wiki/Special:FilePath/Viktor%20W%C3%A4rnick.jpg,,https://data.riksdagen.se/filarkiv/bilder/ledamot/7cdc7712-4bb7-4361-8b72-8f98a111d0c5_192.jpg,viktor.warnick@riksdagen.se,Porträttbild till Wikipedia under fri licens,"Hej Viktor Wärnick,

Jag bidrar till Wikipedia och vill gärna att artikeln om dig ska kunna illustreras med en aktuell porträttbild. Skulle du kunna hjälpa oss genom att ladda upp en bild till Wikimedia Commons under en fri licens, exempelvis CC BY 4.0?

Här finns Wikipedia-artiklarna om dig:
- sv: Viktor Wärnick – https://sv.wikipedia.org/wiki/Viktor_W%C3%A4rnick
- en: Viktor Wärnick – https://en.wikipedia.org/wiki/Viktor_W%C3%A4rnick
- pt: Viktor Wärnick – https://pt.wikipedia.org/wiki/Viktor_W%C3%A4rnick

Det kräver att fotografen eller den som äger rättigheterna godkänner licensen. Fotografen anges vid användning, och bilden får återanvändas och bearbetas, även i kommersiella sammanhang.

Digg och PRV rekommenderar öppna licenser för offentlig information, som ett komplement till EU öppna data-direktiv från 2019 (https://eur-lex.europa.eu/legal-content/SV/TXT/?uri=CELEX%3A32019L1024). Riksdagens nuvarande bildvillkor anger däremot ingen sådan tydlig fri licens för ledamöternas porträtt trots begäran om det.

En bild från dig vore ett konkret steg framåt. Jag hjälper gärna till med uppladdningen och uppgifter om fotograf och licens.
Du får också gärna lyfta frågan inom riksdagen: varför inte publicera ledamöternas porträtt som ett samlat dataset med tydliga fria licenser?
Hjälp oss att komma vidare och göra våra folkvalda lättare att presentera på Wikipedia.

Vänliga hälsningar,
<ange ditt namn>",ja,ej_aktuell,,,finns,2026-10-08T18:55:44Z,Viktor Wärnick,Gävleborgs län,True,sv: https://sv.wikipedia.org/wiki/Viktor_W%C3%A4rnick; en: https://en.wikipedia.org/wiki/Viktor_W%C3%A4rnick; pt: https://pt.wikipedia.org/wiki/Viktor_W%C3%A4rnick,CC BY-SA 3.0,Esquilo,https://commons.wikimedia.org/wiki/File:Viktor_W%C3%A4rnick.jpg
Åsa Coenraads,M,Blekinge län,Tjänstgörande riksdagsledamot,1978,d07b112d-3095-4283-bf67-806499587845,0564126739422,Q4943175,Har bild (P18),http://commons.wikimedia.org/wiki/Special:FilePath/%C3%85sa%20Coenraads.jpg,,https://data.riksdagen.se/filarkiv/bilder/ledamot/d07b112d-3095-4283-bf67-806499587845_192.jpg,asa.coenraads@riksdagen.se,Porträttbild till Wikipedia under fri licens,"Hej Åsa Coenraads,

Jag bidrar till Wikipedia och vill gärna att artikeln om dig ska kunna illustreras med en aktuell porträttbild. Skulle du kunna hjälpa oss genom att ladda upp en bild till Wikimedia Commons under en fri licens, exempelvis CC BY 4.0?

Här finns Wikipedia-artiklarna om dig:
- sv: Åsa Coenraads – https://sv.wikipedia.org/wiki/%C3%85sa_Coenraads
- arz: اوسا كوينرادس – https://arz.wikipedia.org/wiki/%D8%A7%D9%88%D8%B3%D8%A7_%D9%83%D9%88%D9%8A%D9%86%D8%B1%D8%A7%D8%AF%D8%B3

Det kräver att fotografen eller den som äger rättigheterna godkänner licensen. Fotografen anges vid användning, och bilden får återanvändas och bearbetas, även i kommersiella sammanhang.

Digg och PRV rekommenderar öppna licenser för offentlig information, som ett komplement till EU öppna data-direktiv från 2019 (https://eur-lex.europa.eu/legal-content/SV/TXT/?uri=CELEX%3A32019L1024). Riksdagens nuvarande bildvillkor anger däremot ingen sådan tydlig fri licens för ledamöternas porträtt trots begäran om det.

En bild från dig vore ett konkret steg framåt. Jag hjälper gärna till med uppladdningen och uppgifter om fotograf och licens.
Du får också gärna lyfta frågan inom riksdagen: varför inte publicera ledamöternas porträtt som ett samlat dataset med tydliga fria licenser?
Hjälp oss att komma vidare och göra våra folkvalda lättare att presentera på Wikipedia.

Vänliga hälsningar,
<ange ditt namn>",ja,ej_aktuell,,,finns,2026-10-08T18:55:44Z,Åsa Coenraads,Blekinge län,True,sv: https://sv.wikipedia.org/wiki/%C3%85sa_Coenraads; arz: https://arz.wikipedia.org/wiki/%D8%A7%D9%88%D8%B3%D8%A7_%D9%83%D9%88%D9%8A%D9%86%D8%B1%D8%A7%D8%AF%D8%B3,CC BY-SA 3.0,Frankie Fouganthin,https://commons.wikimedia.org/wiki/File:%C3%85sa_Coenraads.jpg
Ajda Asgari,MP,Stockholms län,Tjänstgörande riksdagsledamot,1989,0961de3f-2705-417e-82b6-6a1e29757177,0948821964428,Q141503156,Saknar bild (P18),,,https://data.riksdagen.se/filarkiv/bilder/ledamot/0961de3f-2705-417e-82b6-6a1e29757177_192.jpg,ajda.asgari@riksdagen.se,Porträttbild till Wikipedia under fri licens,"Hej Ajda Asgari,

Jag bidrar till Wikipedia och vill gärna att artikeln om dig ska kunna illustreras med en aktuell porträttbild. Skulle du kunna hjälpa oss genom att ladda upp en bild till Wikimedia Commons under en fri licens, exempelvis CC BY 4.0?

Här finns Wikipedia-artiklarna om dig:
- sv: Ajda Asgari – https://sv.wikipedia.org/wiki/Ajda_Asgari

Det kräver att fotografen eller den som äger rättigheterna godkänner licensen. Fotografen anges vid användning, och bilden får återanvändas och bearbetas, även i kommersiella sammanhang.

Digg och PRV rekommenderar öppna licenser för offentlig information, som ett komplement till EU öppna data-direktiv från 2019 (https://eur-lex.europa.eu/legal-content/SV/TXT/?uri=CELEX%3A32019L1024). Riksdagens nuvarande bildvillkor anger däremot ingen sådan tydlig fri licens för ledamöternas porträtt trots begäran om det.

En bild från dig vore ett konkret steg framåt. Jag hjälper gärna till med uppladdningen och uppgifter om fotograf och licens.
Du får också gärna lyfta frågan inom riksdagen: varför inte publicera ledamöternas porträtt som ett samlat dataset med tydliga fria licenser?
Hjälp oss att komma vidare och göra våra folkvalda lättare att presentera på Wikipedia.

Vänliga hälsningar,
<ange ditt namn>",ja,finns,2026-10-08T18:55:40Z,Ajda Asgari,finns,2026-10-08T18:55:42Z,Ajda Asgari,Stockholms län,False,sv: https://sv.wikipedia.org/wiki/Ajda_Asgari,,,
Amanda Lind,MP,Stockholms län,Tjänstgörande riksdagsledamot,1980,cc9a2dce-628c-4cbe-9e82-489b1078f7b8,0888807074321,Q24018140,Har bild (P18),http://commons.wikimedia.org/wiki/Special:FilePath/Amanda%20Lind%20Almedalsveckan%202023%201%20%28cropped%202%29.jpg,,https://data.riksdagen.se/filarkiv/bilder/ledamot/cc9a2dce-628c-4cbe-9e82-489b1078f7b8_192.jpg,amanda.lind@riksdagen.se,Porträttbild till Wikipedia under fri licens,"Hej Amanda Lind,

Jag bidrar till Wikipedia och vill gärna att artikeln om dig ska kunna illustreras med en aktuell porträttbild. Skulle du kunna hjälpa oss genom att ladda upp en bild till Wikimedia Commons under en fri licens, exempelvis CC BY 4.0?

Här finns Wikipedia-artiklarna om dig:
- sv: Amanda Lind – https://sv.wikipedia.org/wiki/Amanda_Lind
- en: Amanda Lind – https://en.wikipedia.org/wiki/Amanda_Lind
- af: Amanda Lind – https://af.wikipedia.org/wiki/Amanda_Lind
- ar: أماندا ليند – https://ar.wikipedia.org/wiki/%D8%A3%D9%85%D8%A7%D9%86%D8%AF%D8%A7_%D9%84%D9%8A%D9%86%D8%AF
- be: Аманда Лінд – https://be.wikipedia.org/wiki/%D0%90%D0%BC%D0%B0%D0%BD%D0%B4%D0%B0_%D0%9B%D1%96%D0%BD%D0%B4
- cs: Amanda Lindová – https://cs.wikipedia.org/wiki/Amanda_Lindov%C3%A1
- de: Amanda Lind – https://de.wikipedia.org/wiki/Amanda_Lind
- eo: Amanda Lind – https://eo.wikipedia.org/wiki/Amanda_Lind
- es: Amanda Lind – https://es.wikipedia.org/wiki/Amanda_Lind
- fi: Amanda Lind – https://fi.wikipedia.org/wiki/Amanda_Lind
- fr: Amanda Lind – https://fr.wikipedia.org/wiki/Amanda_Lind
- ha: Amanda Lind – https://ha.wikipedia.org/wiki/Amanda_Lind
- hu: Amanda Lind – https://hu.wikipedia.org/wiki/Amanda_Lind
- id: Amanda Lind – https://id.wikipedia.org/wiki/Amanda_Lind
- it: Amanda Lind – https://it.wikipedia.org/wiki/Amanda_Lind
- no: Amanda Lind – https://no.wikipedia.org/wiki/Amanda_Lind
- pl: Amanda Lind – https://pl.wikipedia.org/wiki/Amanda_Lind
- ru: Линд, Аманда – https://ru.wikipedia.org/wiki/%D0%9B%D0%B8%D0%BD%D0%B4,_%D0%90%D0%BC%D0%B0%D0%BD%D0%B4%D0%B0
- simple: Amanda Lind – https://simple.wikipedia.org/wiki/Amanda_Lind
- tr: Amanda Lind – https://tr.wikipedia.org/wiki/Amanda_Lind
- uk: Аманда Лінд – https://uk.wikipedia.org/wiki/%D0%90%D0%BC%D0%B0%D0%BD%D0%B4%D0%B0_%D0%9B%D1%96%D0%BD%D0%B4

Det kräver att fotografen eller den som äger rättigheterna godkänner licensen. Fotografen anges vid användning, och bilden får återanvändas och bearbetas, även i kommersiella sammanhang.

Digg och PRV rekommenderar öppna licenser för offentlig information, som ett komplement till EU öppna data-direktiv från 2019 (https://eur-lex.europa.eu/legal-content/SV/TXT/?uri=CELEX%3A32019L1024). Riksdagens nuvarande bildvillkor anger däremot ingen sådan tydlig fri licens för ledamöternas porträtt trots begäran om det.

En bild från dig vore ett konkret steg framåt. Jag hjälper gärna till med uppladdningen och uppgifter om fotograf och licens.
Du får också gärna lyfta frågan inom riksdagen: varför inte publicera ledamöternas porträtt som ett samlat dataset med tydliga fria licenser?
Hjälp oss att komma vidare och göra våra folkvalda lättare att presentera på Wikipedia.

Vänliga hälsningar,
<ange ditt namn>",ja,ej_aktuell,,,finns,2026-10-08T18:55:42Z,Amanda Lind,Stockholms län,True,"sv: https://sv.wikipedia.org/wiki/Amanda_Lind; en: https://en.wikipedia.org/wiki/Amanda_Lind; af: https://af.wikipedia.org/wiki/Amanda_Lind; ar: https://ar.wikipedia.org/wiki/%D8%A3%D9%85%D8%A7%D9%86%D8%AF%D8%A7_%D9%84%D9%8A%D9%86%D8%AF; be: https://be.wikipedia.org/wiki/%D0%90%D0%BC%D0%B0%D0%BD%D0%B4%D0%B0_%D0%9B%D1%96%D0%BD%D0%B4; cs: https://cs.wikipedia.org/wiki/Amanda_Lindov%C3%A1; de: https://de.wikipedia.org/wiki/Amanda_Lind; eo: https://eo.wikipedia.org/wiki/Amanda_Lind; es: https://es.wikipedia.org/wiki/Amanda_Lind; fi: https://fi.wikipedia.org/wiki/Amanda_Lind; fr: https://fr.wikipedia.org/wiki/Amanda_Lind; ha: https://ha.wikipedia.org/wiki/Amanda_Lind; hu: https://hu.wikipedia.org/wiki/Amanda_Lind; id: https://id.wikipedia.org/wiki/Amanda_Lind; it: https://it.wikipedia.org/wiki/Amanda_Lind; no: https://no.wikipedia.org/wiki/Amanda_Lind; pl: https://pl.wikipedia.org/wiki/Amanda_Lind; ru: https://ru.wikipedia.org/wiki/%D0%9B%D0%B8%D0%BD%D0%B4,_%D0%90%D0%BC%D0%B0%D0%BD%D0%B4%D0%B0; simple: https://simple.wikipedia.org/wiki/Amanda_Lind; tr: https://tr.wikipedia.org/wiki/Amanda_Lind; uk: https://uk.wikipedia.org/wiki/%D0%90%D0%BC%D0%B0%D0%BD%D0%B4%D0%B0_%D0%9B%D1%96%D0%BD%D0%B4",CC BY-SA 4.0,Josefine Hellroth Larsson (WMSE),https://commons.wikimedia.org/wiki/File:Amanda_Lind_Almedalsveckan_2023_1_(cropped_2).jpg
Annika Hirvonen,MP,Stockholms län,Tjänstgörande riksdagsledamot,1989,a9346ffe-2c1f-4e2b-b686-d8248a3d0db2,0819601620927,Q18242588,Har bild (P18),http://commons.wikimedia.org/wiki/Special:FilePath/Annika%20Hirvonen.jpg,,https://data.riksdagen.se/filarkiv/bilder/ledamot/a9346ffe-2c1f-4e2b-b686-d8248a3d0db2_192.jpg,annika.hirvonen@riksdagen.se,Porträttbild till Wikipedia under fri licens,"Hej Annika Hirvonen,

Jag bidrar till Wikipedia och vill gärna att artikeln om dig ska kunna illustreras med en aktuell porträttbild. Skulle du kunna hjälpa oss genom att ladda upp en bild till Wikimedia Commons under en fri licens, exempelvis CC BY 4.0?

Här finns Wikipedia-artiklarna om dig:
- sv: Annika Hirvonen – https://sv.wikipedia.org/wiki/Annika_Hirvonen
- en: Annika Hirvonen – https://en.wikipedia.org/wiki/Annika_Hirvonen
- fi: Annika Hirvonen – https://fi.wikipedia.org/wiki/Annika_Hirvonen
- pl: Annika Hirvonen – https://pl.wikipedia.org/wiki/Annika_Hirvonen

Det kräver att fotografen eller den som äger rättigheterna godkänner licensen. Fotografen anges vid användning, och bilden får återanvändas och bearbetas, även i kommersiella sammanhang.

Digg och PRV rekommenderar öppna licenser för offentlig information, som ett komplement till EU öppna data-direktiv från 2019 (https://eur-lex.europa.eu/legal-content/SV/TXT/?uri=CELEX%3A32019L1024). Riksdagens nuvarande bildvillkor anger däremot ingen sådan tydlig fri licens för ledamöternas porträtt trots begäran om det.

En bild från dig vore ett konkret steg framåt. Jag hjälper gärna till med uppladdningen och uppgifter om fotograf och licens.
Du får också gärna lyfta frågan inom riksdagen: varför inte publicera ledamöternas porträtt som ett samlat dataset med tydliga fria licenser?
Hjälp oss att komma vidare och göra våra folkvalda lättare att presentera på Wikipedia.

Vänliga hälsningar,
<ange ditt namn>",ja,ej_aktuell,,,finns,2026-10-08T18:55:42Z,Annika Hirvonen,Stockholms län,True,sv: https://sv.wikipedia.org/wiki/Annika_Hirvonen; en: https://en.wikipedia.org/wiki/Annika_Hirvonen; fi: https://fi.wikipedia.org/wiki/Annika_Hirvonen; pl: https://pl.wikipedia.org/wiki/Annika_Hirvonen,CC BY-SA 3.0,Esquilo,https://commons.wikimedia.org/wiki/File:Annika_Hirvonen.jpg
Bassem Nasr,MP,Malmö kommun,Tjänstgörande riksdagsledamot,1981,4ee449e9-0492-4408-ba0b-0db6ad5b0803,0639398547124,Q115110453,Saknar bild (P18),,,https://data.riksdagen.se/filarkiv/bilder/ledamot/4ee449e9-0492-4408-ba0b-0db6ad5b0803_192.jpg,bassem.nasr@riksdagen.se,Porträttbild till Wikipedia under fri licens,"Hej Bassem Nasr,

Jag bidrar till Wikipedia och vill gärna att artikeln om dig ska kunna illustreras med en aktuell porträttbild. Skulle du kunna hjälpa oss genom att ladda upp en bild till Wikimedia Commons under en fri licens, exempelvis CC BY 4.0?

Här finns Wikipedia-artiklarna om dig:
- sv: Bassem Nasr – https://sv.wikipedia.org/wiki/Bassem_Nasr
- en: Bassem Nasr – https://en.wikipedia.org/wiki/Bassem_Nasr

Det kräver att fotografen eller den som äger rättigheterna godkänner licensen. Fotografen anges vid användning, och bilden får återanvändas och bearbetas, även i kommersiella sammanhang.

Digg och PRV rekommenderar öppna licenser för offentlig information, som ett komplement till EU öppna data-direktiv från 2019 (https://eur-lex.europa.eu/legal-content/SV/TXT/?uri=CELEX%3A32019L1024). Riksdagens nuvarande bildvillkor anger däremot ingen sådan tydlig fri licens för ledamöternas porträtt trots begäran om det.

En bild från dig vore ett konkret steg framåt. Jag hjälper gärna till med uppladdningen och uppgifter om fotograf och licens.
Du får också gärna lyfta frågan inom riksdagen: varför inte publicera ledamöternas porträtt som ett samlat dataset med tydliga fria licenser?
Hjälp oss att komma vidare och göra våra folkvalda lättare att presentera på Wikipedia.

Vänliga hälsningar,
<ange ditt namn>",ja,finns,2026-10-08T18:55:41Z,Bassem Nasr,finns,2026-10-08T18:55:42Z,Bassem Nasr,Skåne län,False,sv: https://sv.wikipedia.org/wiki/Bassem_Nasr; en: https://en.wikipedia.org/wiki/Bassem_Nasr,,,
Camilla Hansén,MP,Örebro län,Tjänstgörande riksdagsledamot,1976,94f81deb-b316-4a83-8712-1e4d9f102ec2,0692076685824,Q22923559,Har bild (P18),http://commons.wikimedia.org/wiki/Special:FilePath/Camilla%20Hans%C3%A9n%202023%204.jpg,,https://data.riksdagen.se/filarkiv/bilder/ledamot/94f81deb-b316-4a83-8712-1e4d9f102ec2_192.jpg,camilla.hansen@riksdagen.se,Porträttbild till Wikipedia under fri licens,"Hej Camilla Hansén,

Jag bidrar till Wikipedia och vill gärna att artikeln om dig ska kunna illustreras med en aktuell porträttbild. Skulle du kunna hjälpa oss genom att ladda upp en bild till Wikimedia Commons under en fri licens, exempelvis CC BY 4.0?

Här finns Wikipedia-artiklarna om dig:
- sv: Camilla Hansén – https://sv.wikipedia.org/wiki/Camilla_Hans%C3%A9n
- en: Camilla Hansén – https://en.wikipedia.org/wiki/Camilla_Hans%C3%A9n
- be: Каміла Хансен – https://be.wikipedia.org/wiki/%D0%9A%D0%B0%D0%BC%D1%96%D0%BB%D0%B0_%D0%A5%D0%B0%D0%BD%D1%81%D0%B5%D0%BD
- be-tarask: Каміла Гансэн – https://be-tarask.wikipedia.org/wiki/%D0%9A%D0%B0%D0%BC%D1%96%D0%BB%D0%B0_%D0%93%D0%B0%D0%BD%D1%81%D1%8D%D0%BD
- ca: Camilla Hansén – https://ca.wikipedia.org/wiki/Camilla_Hans%C3%A9n
- pt: Camilla Hansén – https://pt.wikipedia.org/wiki/Camilla_Hans%C3%A9n
- ru: Хансен, Камилла – https://ru.wikipedia.org/wiki/%D0%A5%D0%B0%D0%BD%D1%81%D0%B5%D0%BD,_%D0%9A%D0%B0%D0%BC%D0%B8%D0%BB%D0%BB%D0%B0

Det kräver att fotografen eller den som äger rättigheterna godkänner licensen. Fotografen anges vid användning, och bilden får återanvändas och bearbetas, även i kommersiella sammanhang.

Digg och PRV rekommenderar öppna licenser för offentlig information, som ett komplement till EU öppna data-direktiv från 2019 (https://eur-lex.europa.eu/legal-content/SV/TXT/?uri=CELEX%3A32019L1024). Riksdagens nuvarande bildvillkor anger däremot ingen sådan tydlig fri licens för ledamöternas porträtt trots begäran om det.

En bild från dig vore ett konkret steg framåt. Jag hjälper gärna till med uppladdningen och uppgifter om fotograf och licens.
Du får också gärna lyfta frågan inom riksdagen: varför inte publicera ledamöternas porträtt som ett samlat dataset med tydliga fria licenser?
Hjälp oss att komma vidare och göra våra folkvalda lättare att presentera på Wikipedia.

Vänliga hälsningar,
<ange ditt namn>",ja,ej_aktuell,,,finns,2026-10-08T18:55:43Z,Camilla Hansén,Örebro län,True,"sv: https://sv.wikipedia.org/wiki/Camilla_Hans%C3%A9n; en: https://en.wikipedia.org/wiki/Camilla_Hans%C3%A9n; be: https://be.wikipedia.org/wiki/%D0%9A%D0%B0%D0%BC%D1%96%D0%BB%D0%B0_%D0%A5%D0%B0%D0%BD%D1%81%D0%B5%D0%BD; be-tarask: https://be-tarask.wikipedia.org/wiki/%D0%9A%D0%B0%D0%BC%D1%96%D0%BB%D0%B0_%D0%93%D0%B0%D0%BD%D1%81%D1%8D%D0%BD; ca: https://ca.wikipedia.org/wiki/Camilla_Hans%C3%A9n; pt: https://pt.wikipedia.org/wiki/Camilla_Hans%C3%A9n; ru: https://ru.wikipedia.org/wiki/%D0%A5%D0%B0%D0%BD%D1%81%D0%B5%D0%BD,_%D0%9A%D0%B0%D0%BC%D0%B8%D0%BB%D0%BB%D0%B0",CC BY 4.0,Josefine Hellroth Larsson (WMSE),https://commons.wikimedia.org/wiki/File:Camilla_Hans%C3%A9n_2023_4.jpg
Daniel Helldén,MP,Stockholms kommun,Tjänstgörande riksdagsledamot,1965,164a2468-a56f-45a7-a8a1-5ab6af559e19,0504851635310,Q5798982,Har bild (P18),http://commons.wikimedia.org/wiki/Special:FilePath/Daniel%20helld%C3%A9n%20mp.jpg,,https://data.riksdagen.se/filarkiv/bilder/ledamot/164a2468-a56f-45a7-a8a1-5ab6af559e19_192.jpg,daniel.hellden@riksdagen.se,Porträttbild till Wikipedia under fri licens,"Hej Daniel Helldén,

Jag bidrar till Wikipedia och vill gärna att artikeln om dig ska kunna illustreras med en aktuell porträttbild. Skulle du kunna hjälpa oss genom att ladda upp en bild till Wikimedia Commons under en fri licens, exempelvis CC BY 4.0?

Här finns Wikipedia-artiklarna om dig:
- sv: Daniel Helldén – https://sv.wikipedia.org/wiki/Daniel_Helld%C3%A9n
- en: Daniel Helldén – https://en.wikipedia.org/wiki/Daniel_Helld%C3%A9n
- es: Daniel Helldén – https://es.wikipedia.org/wiki/Daniel_Helld%C3%A9n
- fi: Daniel Helldén – https://fi.wikipedia.org/wiki/Daniel_Helld%C3%A9n
- pl: Daniel Helldén – https://pl.wikipedia.org/wiki/Daniel_Helld%C3%A9n
- simple: Daniel Helldén – https://simple.wikipedia.org/wiki/Daniel_Helld%C3%A9n

Det kräver att fotografen eller den som äger rättigheterna godkänner licensen. Fotografen anges vid användning, och bilden får återanvändas och bearbetas, även i kommersiella sammanhang.

Digg och PRV rekommenderar öppna licenser för offentlig information, som ett komplement till EU öppna data-direktiv från 2019 (https://eur-lex.europa.eu/legal-content/SV/TXT/?uri=CELEX%3A32019L1024). Riksdagens nuvarande bildvillkor anger däremot ingen sådan tydlig fri licens för ledamöternas porträtt trots begäran om det.

En bild från dig vore ett konkret steg framåt. Jag hjälper gärna till med uppladdningen och uppgifter om fotograf och licens.
Du får också gärna lyfta frågan inom riksdagen: varför inte publicera ledamöternas porträtt som ett samlat dataset med tydliga fria licenser?
Hjälp oss att komma vidare och göra våra folkvalda lättare att presentera på Wikipedia.

Vänliga hälsningar,
<ange ditt namn>",ja,ej_aktuell,,,finns,2026-10-08T18:55:43Z,Daniel Helldén,Stockholms län,True,sv: https://sv.wikipedia.org/wiki/Daniel_Helld%C3%A9n; en: https://en.wikipedia.org/wiki/Daniel_Helld%C3%A9n; es: https://es.wikipedia.org/wiki/Daniel_Helld%C3%A9n; fi: https://fi.wikipedia.org/wiki/Daniel_Helld%C3%A9n; pl: https://pl.wikipedia.org/wiki/Daniel_Helld%C3%A9n; simple: https://simple.wikipedia.org/wiki/Daniel_Helld%C3%A9n,CC0,Pawel Flato,https://commons.wikimedia.org/wiki/File:Daniel_helld%C3%A9n_mp.jpg
Emma Nohrén,MP,Göteborgs kommun,Tjänstgörande riksdagsledamot,1980,3dab7025-7152-4c7f-bd60-eb6a1de42c3b,0880137451720,Q18244660,Har bild (P18),http://commons.wikimedia.org/wiki/Special:FilePath/Emma%20Nohr%C3%A9n%20%26%20Staffan%20Ekl%C3%B6f%20FloFa%202026%202.jpg,,https://data.riksdagen.se/filarkiv/bilder/ledamot/3dab7025-7152-4c7f-bd60-eb6a1de42c3b_192.jpg,emma.nohren@riksdagen.se,Porträttbild till Wikipedia under fri licens,"Hej Emma Nohrén,

Jag bidrar till Wikipedia och vill gärna att artikeln om dig ska kunna illustreras med en aktuell porträttbild. Skulle du kunna hjälpa oss genom att ladda upp en bild till Wikimedia Commons under en fri licens, exempelvis CC BY 4.0?

Här finns Wikipedia-artiklarna om dig:
- sv: Emma Nohrén – https://sv.wikipedia.org/wiki/Emma_Nohr%C3%A9n
- en: Emma Nohrén – https://en.wikipedia.org/wiki/Emma_Nohr%C3%A9n

Det kräver att fotografen eller den som äger rättigheterna godkänner licensen. Fotografen anges vid användning, och bilden får återanvändas och bearbetas, även i kommersiella sammanhang.

Digg och PRV rekommenderar öppna licenser för offentlig information, som ett komplement till EU öppna data-direktiv från 2019 (https://eur-lex.europa.eu/legal-content/SV/TXT/?uri=CELEX%3A32019L1024). Riksdagens nuvarande bildvillkor anger däremot ingen sådan tydlig fri licens för ledamöternas porträtt trots begäran om det.

En bild från dig vore ett konkret steg framåt. Jag hjälper gärna till med uppladdningen och uppgifter om fotograf och licens.
Du får också gärna lyfta frågan inom riksdagen: varför inte publicera ledamöternas porträtt som ett samlat dataset med tydliga fria licenser?
Hjälp oss att komma vidare och göra våra folkvalda lättare att presentera på Wikipedia.

Vänliga hälsningar,
<ange ditt namn>",ja,ej_aktuell,,,finns,2026-10-08T18:55:43Z,Emma Nohrén,Västra Götalands län,True,sv: https://sv.wikipedia.org/wiki/Emma_Nohr%C3%A9n; en: https://en.wikipedia.org/wiki/Emma_Nohr%C3%A9n,CC BY 4.0,SkärFoto,https://commons.wikimedia.org/wiki/File:Emma_Nohr%C3%A9n_%26_Staffan_Ekl%C3%B6f_FloFa_2026_2.jpg
Gurgin Bakircioglu,MP,Stockholms kommun,Tjänstgörande riksdagsledamot,1984,b7b92d3b-b95a-48a8-b486-0c79847fdb6d,083699632927,Q5564514,Har bild (P18),http://commons.wikimedia.org/wiki/Special:FilePath/Wikimedia%20pratar%20Wikipedia%20med%20Sveriges%20Radio%20P5%20nr.6.jpg,,https://data.riksdagen.se/filarkiv/bilder/ledamot/b7b92d3b-b95a-48a8-b486-0c79847fdb6d_192.jpg,gurgin.bakircioglu@riksdagen.se,Porträttbild till Wikipedia under fri licens,"Hej Gurgin Bakircioglu,

Jag bidrar till Wikipedia och vill gärna att artikeln om dig ska kunna illustreras med en aktuell porträttbild. Skulle du kunna hjälpa oss genom att ladda upp en bild till Wikimedia Commons under en fri licens, exempelvis CC BY 4.0?

Här finns Wikipedia-artiklarna om dig:
- sv: Gurgîn Bakircioglu – https://sv.wikipedia.org/wiki/Gurg%C3%AEn_Bakircioglu

Det kräver att fotografen eller den som äger rättigheterna godkänner licensen. Fotografen anges vid användning, och bilden får återanvändas och bearbetas, även i kommersiella sammanhang.

Digg och PRV rekommenderar öppna licenser för offentlig information, som ett komplement till EU öppna data-direktiv från 2019 (https://eur-lex.europa.eu/legal-content/SV/TXT/?uri=CELEX%3A32019L1024). Riksdagens nuvarande bildvillkor anger däremot ingen sådan tydlig fri licens för ledamöternas porträtt trots begäran om det.

En bild från dig vore ett konkret steg framåt. Jag hjälper gärna till med uppladdningen och uppgifter om fotograf och licens.
Du får också gärna lyfta frågan inom riksdagen: varför inte publicera ledamöternas porträtt som ett samlat dataset med tydliga fria licenser?
Hjälp oss att komma vidare och göra våra folkvalda lättare att presentera på Wikipedia.

Vänliga hälsningar,
<ange ditt namn>",ja,ej_aktuell,,,finns,2026-10-08T18:55:43Z,Gurgîn Bakircioglu,Stockholms län,True,sv: https://sv.wikipedia.org/wiki/Gurg%C3%AEn_Bakircioglu,CC BY-SA 4.0,Gitta Wilén (WMSE),https://commons.wikimedia.org/wiki/File:Wikimedia_pratar_Wikipedia_med_Sveriges_Radio_P5_nr.6.jpg
Hanna Lindqvist,MP,Skåne läns södra,Tjänstgörande riksdagsledamot,2004,ee8f8234-a20f-4bce-a060-a02d814d6088,0727756996891,Q132559401,Har bild (P18),http://commons.wikimedia.org/wiki/Special:FilePath/Hanna%20Lindqvist.jpg,,https://data.riksdagen.se/filarkiv/bilder/ledamot/ee8f8234-a20f-4bce-a060-a02d814d6088_192.jpg,hanna.lindqvist@riksdagen.se,Porträttbild till Wikipedia under fri licens,"Hej Hanna Lindqvist,

Jag bidrar till Wikipedia och vill gärna att artikeln om dig ska kunna illustreras med en aktuell porträttbild. Skulle du kunna hjälpa oss genom att ladda upp en bild till Wikimedia Commons under en fri licens, exempelvis CC BY 4.0?

Här finns Wikipedia-artiklarna om dig:
- sv: Hanna Lindqvist (politiker) – https://sv.wikipedia.org/wiki/Hanna_Lindqvist_(politiker)
- en: Hanna Lindqvist – https://en.wikipedia.org/wiki/Hanna_Lindqvist

Det kräver att fotografen eller den som äger rättigheterna godkänner licensen. Fotografen anges vid användning, och bilden får återanvändas och bearbetas, även i kommersiella sammanhang.

Digg och PRV rekommenderar öppna licenser för offentlig information, som ett komplement till EU öppna data-direktiv från 2019 (https://eur-lex.europa.eu/legal-content/SV/TXT/?uri=CELEX%3A32019L1024). Riksdagens nuvarande bildvillkor anger däremot ingen sådan tydlig fri licens för ledamöternas porträtt trots begäran om det.

En bild från dig vore ett konkret steg framåt. Jag hjälper gärna till med uppladdningen och uppgifter om fotograf och licens.
Du får också gärna lyfta frågan inom riksdagen: varför inte publicera ledamöternas porträtt som ett samlat dataset med tydliga fria licenser?
Hjälp oss att komma vidare och göra våra folkvalda lättare att presentera på Wikipedia.

Vänliga hälsningar,
<ange ditt namn>",ja,ej_aktuell,,,finns,2026-10-08T18:55:43Z,Hanna Lindqvist (politiker),Skåne län,True,sv: https://sv.wikipedia.org/wiki/Hanna_Lindqvist_(politiker); en: https://en.wikipedia.org/wiki/Hanna_Lindqvist,CC BY-SA 4.0,Bene Riobó,https://commons.wikimedia.org/wiki/File:Hanna_Lindqvist.jpg
Jacob Risberg,MP,Uppsala län,Tjänstgörande riksdagsledamot,1972,03ba2d14-85d1-4f21-95e2-39e5e93aa2f9,0604604418610,Q114031218,Har bild (P18),http://commons.wikimedia.org/wiki/Special:FilePath/Jacob%20Risberg.jpg,,https://data.riksdagen.se/filarkiv/bilder/ledamot/03ba2d14-85d1-4f21-95e2-39e5e93aa2f9_192.jpg,jacob.risberg@riksdagen.se,Porträttbild till Wikipedia under fri licens,"Hej Jacob Risberg,

Jag bidrar till Wikipedia och vill gärna att artikeln om dig ska kunna illustreras med en aktuell porträttbild. Skulle du kunna hjälpa oss genom att ladda upp en bild till Wikimedia Commons under en fri licens, exempelvis CC BY 4.0?

Här finns Wikipedia-artiklarna om dig:
- sv: Jacob Risberg – https://sv.wikipedia.org/wiki/Jacob_Risberg
- en: Jacob Risberg – https://en.wikipedia.org/wiki/Jacob_Risberg

Det kräver att fotografen eller den som äger rättigheterna godkänner licensen. Fotografen anges vid användning, och bilden får återanvändas och bearbetas, även i kommersiella sammanhang.

Digg och PRV rekommenderar öppna licenser för offentlig information, som ett komplement till EU öppna data-direktiv från 2019 (https://eur-lex.europa.eu/legal-content/SV/TXT/?uri=CELEX%3A32019L1024). Riksdagens nuvarande bildvillkor anger däremot ingen sådan tydlig fri licens för ledamöternas porträtt trots begäran om det.

En bild från dig vore ett konkret steg framåt. Jag hjälper gärna till med uppladdningen och uppgifter om fotograf och licens.
Du får också gärna lyfta frågan inom riksdagen: varför inte publicera ledamöternas porträtt som ett samlat dataset med tydliga fria licenser?
Hjälp oss att komma vidare och göra våra folkvalda lättare att presentera på Wikipedia.

Vänliga hälsningar,
<ange ditt namn>",ja,ej_aktuell,,,finns,2026-10-08T18:55:43Z,Jacob Risberg,Uppsala län,True,sv: https://sv.wikipedia.org/wiki/Jacob_Risberg; en: https://en.wikipedia.org/wiki/Jacob_Risberg,CC BY-SA 4.0,Bene Riobó,https://commons.wikimedia.org/wiki/File:Jacob_Risberg.jpg
Jan Riise,MP,Hallands län,Tjänstgörande riksdagsledamot,1957,af49e862-937e-42ee-bc2f-06876c979dd6,0184968091618,Q58365776,Saknar bild (P18),,,https://data.riksdagen.se/filarkiv/bilder/ledamot/af49e862-937e-42ee-bc2f-06876c979dd6_192.jpg,jan.riise@riksdagen.se,Porträttbild till Wikipedia under fri licens,"Hej Jan Riise,

Jag bidrar till Wikipedia och vill gärna att artikeln om dig ska kunna illustreras med en aktuell porträttbild. Skulle du kunna hjälpa oss genom att ladda upp en bild till Wikimedia Commons under en fri licens, exempelvis CC BY 4.0?

Här finns Wikipedia-artiklarna om dig:
- sv: Jan Riise – https://sv.wikipedia.org/wiki/Jan_Riise
- en: Jan Riise – https://en.wikipedia.org/wiki/Jan_Riise
- arz: جان رييز – https://arz.wikipedia.org/wiki/%D8%AC%D8%A7%D9%86_%D8%B1%D9%8A%D9%8A%D8%B2

Det kräver att fotografen eller den som äger rättigheterna godkänner licensen. Fotografen anges vid användning, och bilden får återanvändas och bearbetas, även i kommersiella sammanhang.

Digg och PRV rekommenderar öppna licenser för offentlig information, som ett komplement till EU öppna data-direktiv från 2019 (https://eur-lex.europa.eu/legal-content/SV/TXT/?uri=CELEX%3A32019L1024). Riksdagens nuvarande bildvillkor anger däremot ingen sådan tydlig fri licens för ledamöternas porträtt trots begäran om det.

En bild från dig vore ett konkret steg framåt. Jag hjälper gärna till med uppladdningen och uppgifter om fotograf och licens.
Du får också gärna lyfta frågan inom riksdagen: varför inte publicera ledamöternas porträtt som ett samlat dataset med tydliga fria licenser?
Hjälp oss att komma vidare och göra våra folkvalda lättare att presentera på Wikipedia.

Vänliga hälsningar,
<ange ditt namn>",ja,finns,2026-10-08T18:55:41Z,Jan Riise,finns,2026-10-08T18:55:43Z,Jan Riise,Hallands län,False,sv: https://sv.wikipedia.org/wiki/Jan_Riise; en: https://en.wikipedia.org/wiki/Jan_Riise; arz: https://arz.wikipedia.org/wiki/%D8%AC%D8%A7%D9%86_%D8%B1%D9%8A%D9%8A%D8%B2,,,
Janine Alm Ericson,MP,Västra Götalands läns västra,Tjänstgörande riksdagsledamot,1973,7e408079-a5cd-432a-a30e-fd61fd15c65a,0316505710324,Q18238692,Har bild (P18),http://commons.wikimedia.org/wiki/Special:FilePath/JanineAlmEricson.jpg,,https://data.riksdagen.se/filarkiv/bilder/ledamot/7e408079-a5cd-432a-a30e-fd61fd15c65a_192.jpg,janine.alm.ericson@riksdagen.se,Porträttbild till Wikipedia under fri licens,"Hej Janine Alm Ericson,

Jag bidrar till Wikipedia och vill gärna att artikeln om dig ska kunna illustreras med en aktuell porträttbild. Skulle du kunna hjälpa oss genom att ladda upp en bild till Wikimedia Commons under en fri licens, exempelvis CC BY 4.0?

Här finns Wikipedia-artiklarna om dig:
- sv: Janine Alm Ericson – https://sv.wikipedia.org/wiki/Janine_Alm_Ericson
- en: Janine Alm Ericson – https://en.wikipedia.org/wiki/Janine_Alm_Ericson

Det kräver att fotografen eller den som äger rättigheterna godkänner licensen. Fotografen anges vid användning, och bilden får återanvändas och bearbetas, även i kommersiella sammanhang.

Digg och PRV rekommenderar öppna licenser för offentlig information, som ett komplement till EU öppna data-direktiv från 2019 (https://eur-lex.europa.eu/legal-content/SV/TXT/?uri=CELEX%3A32019L1024). Riksdagens nuvarande bildvillkor anger däremot ingen sådan tydlig fri licens för ledamöternas porträtt trots begäran om det.

En bild från dig vore ett konkret steg framåt. Jag hjälper gärna till med uppladdningen och uppgifter om fotograf och licens.
Du får också gärna lyfta frågan inom riksdagen: varför inte publicera ledamöternas porträtt som ett samlat dataset med tydliga fria licenser?
Hjälp oss att komma vidare och göra våra folkvalda lättare att presentera på Wikipedia.

Vänliga hälsningar,
<ange ditt namn>",ja,ej_aktuell,,,finns,2026-10-08T18:55:43Z,Janine Alm Ericson,Västra Götalands län,True,sv: https://sv.wikipedia.org/wiki/Janine_Alm_Ericson; en: https://en.wikipedia.org/wiki/Janine_Alm_Ericson,CC BY-SA 4.0,James Hughes,https://commons.wikimedia.org/wiki/File:JanineAlmEricson.jpg
Leila Ali Elmi,MP,Göteborgs kommun,Tjänstgörande riksdagsledamot,1988,5997ba96-4f01-46f4-8bd8-e1411a9d503b,0309480686522,Q56640168,Saknar bild (P18),,,https://data.riksdagen.se/filarkiv/bilder/ledamot/5997ba96-4f01-46f4-8bd8-e1411a9d503b_192.jpg,leila.ali.elmi@riksdagen.se,Porträttbild till Wikipedia under fri licens,"Hej Leila Ali Elmi,

Jag bidrar till Wikipedia och vill gärna att artikeln om dig ska kunna illustreras med en aktuell porträttbild. Skulle du kunna hjälpa oss genom att ladda upp en bild till Wikimedia Commons under en fri licens, exempelvis CC BY 4.0?

Här finns Wikipedia-artiklarna om dig:
- sv: Leila Ali Elmi – https://sv.wikipedia.org/wiki/Leila_Ali_Elmi
- en: Leila Ali Elmi – https://en.wikipedia.org/wiki/Leila_Ali_Elmi
- arz: ليلى على علمى – https://arz.wikipedia.org/wiki/%D9%84%D9%8A%D9%84%D9%89_%D8%B9%D9%84%D9%89_%D8%B9%D9%84%D9%85%D9%89
- fa: لیلا علی علمی – https://fa.wikipedia.org/wiki/%D9%84%DB%8C%D9%84%D8%A7_%D8%B9%D9%84%DB%8C_%D8%B9%D9%84%D9%85%DB%8C
- fr: Leila Ali Elmi – https://fr.wikipedia.org/wiki/Leila_Ali_Elmi
- mk: Лејла Али Елми – https://mk.wikipedia.org/wiki/%D0%9B%D0%B5%D1%98%D0%BB%D0%B0_%D0%90%D0%BB%D0%B8_%D0%95%D0%BB%D0%BC%D0%B8
- yo: Leila Ali Elmi – https://yo.wikipedia.org/wiki/Leila_Ali_Elmi

Det kräver att fotografen eller den som äger rättigheterna godkänner licensen. Fotografen anges vid användning, och bilden får återanvändas och bearbetas, även i kommersiella sammanhang.

Digg och PRV rekommenderar öppna licenser för offentlig information, som ett komplement till EU öppna data-direktiv från 2019 (https://eur-lex.europa.eu/legal-content/SV/TXT/?uri=CELEX%3A32019L1024). Riksdagens nuvarande bildvillkor anger däremot ingen sådan tydlig fri licens för ledamöternas porträtt trots begäran om det.

En bild från dig vore ett konkret steg framåt. Jag hjälper gärna till med uppladdningen och uppgifter om fotograf och licens.
Du får också gärna lyfta frågan inom riksdagen: varför inte publicera ledamöternas porträtt som ett samlat dataset med tydliga fria licenser?
Hjälp oss att komma vidare och göra våra folkvalda lättare att presentera på Wikipedia.

Vänliga hälsningar,
<ange ditt namn>",ja,finns,2026-10-08T18:55:41Z,Leila Ali Elmi,finns,2026-10-08T18:55:43Z,Leila Ali Elmi,Västra Götalands län,False,sv: https://sv.wikipedia.org/wiki/Leila_Ali_Elmi; en: https://en.wikipedia.org/wiki/Leila_Ali_Elmi; arz: https://arz.wikipedia.org/wiki/%D9%84%D9%8A%D9%84%D9%89_%D8%B9%D9%84%D9%89_%D8%B9%D9%84%D9%85%D9%89; fa: https://fa.wikipedia.org/wiki/%D9%84%DB%8C%D9%84%D8%A7_%D8%B9%D9%84%DB%8C_%D8%B9%D9%84%D9%85%DB%8C; fr: https://fr.wikipedia.org/wiki/Leila_Ali_Elmi; mk: https://mk.wikipedia.org/wiki/%D0%9B%D0%B5%D1%98%D0%BB%D0%B0_%D0%90%D0%BB%D0%B8_%D0%95%D0%BB%D0%BC%D0%B8; yo: https://yo.wikipedia.org/wiki/Leila_Ali_Elmi,,,
Marcus Friberg,MP,Skåne läns västra,Tjänstgörande riksdagsledamot,1987,eb6705ae-443d-4070-be5d-7bffae4acb65,0758270743529,Q123477847,Saknar bild (P18),,,https://data.riksdagen.se/filarkiv/bilder/ledamot/eb6705ae-443d-4070-be5d-7bffae4acb65_192.jpg,marcus.friberg@riksdagen.se,Porträttbild till Wikipedia under fri licens,"Hej Marcus Friberg,

Jag bidrar till Wikipedia och vill gärna att artikeln om dig ska kunna illustreras med en aktuell porträttbild. Skulle du kunna hjälpa oss genom att ladda upp en bild till Wikimedia Commons under en fri licens, exempelvis CC BY 4.0?

Här finns Wikipedia-artiklarna om dig:
- sv: Marcus Friberg – https://sv.wikipedia.org/wiki/Marcus_Friberg
- en: Marcus Friberg – https://en.wikipedia.org/wiki/Marcus_Friberg

Det kräver att fotografen eller den som äger rättigheterna godkänner licensen. Fotografen anges vid användning, och bilden får återanvändas och bearbetas, även i kommersiella sammanhang.

Digg och PRV rekommenderar öppna licenser för offentlig information, som ett komplement till EU öppna data-direktiv från 2019 (https://eur-lex.europa.eu/legal-content/SV/TXT/?uri=CELEX%3A32019L1024). Riksdagens nuvarande bildvillkor anger däremot ingen sådan tydlig fri licens för ledamöternas porträtt trots begäran om det.

En bild från dig vore ett konkret steg framåt. Jag hjälper gärna till med uppladdningen och uppgifter om fotograf och licens.
Du får också gärna lyfta frågan inom riksdagen: varför inte publicera ledamöternas porträtt som ett samlat dataset med tydliga fria licenser?
Hjälp oss att komma vidare och göra våra folkvalda lättare att presentera på Wikipedia.

Vänliga hälsningar,
<ange ditt namn>",ja,finns,2026-10-08T18:55:41Z,Marcus Friberg,finns,2026-10-08T18:55:43Z,Marcus Friberg,Skåne län,False,sv: https://sv.wikipedia.org/wiki/Marcus_Friberg; en: https://en.wikipedia.org/wiki/Marcus_Friberg,,,
Mohamed Abdukani,MP,Södermanlands län,Tjänstgörande riksdagsledamot,1979,45cb9ea6-369c-4f8a-95bb-ce9b7231dc38,0588277881928,Q141503790,Saknar bild (P18),,,https://data.riksdagen.se/filarkiv/bilder/ledamot/45cb9ea6-369c-4f8a-95bb-ce9b7231dc38_192.jpg,mohamed.abdukani@riksdagen.se,Porträttbild till Wikipedia under fri licens,"Hej Mohamed Abdukani,

Jag bidrar till Wikipedia och vill gärna att artikeln om dig ska kunna illustreras med en aktuell porträttbild. Skulle du kunna hjälpa oss genom att ladda upp en bild till Wikimedia Commons under en fri licens, exempelvis CC BY 4.0?

Det kräver att fotografen eller den som äger rättigheterna godkänner licensen. Fotografen anges vid användning, och bilden får återanvändas och bearbetas, även i kommersiella sammanhang.

Digg och PRV rekommenderar öppna licenser för offentlig information, som ett komplement till EU öppna data-direktiv från 2019 (https://eur-lex.europa.eu/legal-content/SV/TXT/?uri=CELEX%3A32019L1024). Riksdagens nuvarande bildvillkor anger däremot ingen sådan tydlig fri licens för ledamöternas porträtt trots begäran om det.

En bild från dig vore ett konkret steg framåt. Jag hjälper gärna till med uppladdningen och uppgifter om fotograf och licens.
Du får också gärna lyfta frågan inom riksdagen: varför inte publicera ledamöternas porträtt som ett samlat dataset med tydliga fria licenser?
Hjälp oss att komma vidare och göra våra folkvalda lättare att presentera på Wikipedia.

Vänliga hälsningar,
<ange ditt namn>",nej,ej_aktuell,,,ej_aktuell,,,Södermanlands län,False,,,,
Mursal Isa,MP,Dalarnas län,Tjänstgörande riksdagsledamot,1981,0298925a-4976-46ef-9f51-0bd3c96fe7e2,0755328959926,Q141545138,Saknar bild (P18),,,https://data.riksdagen.se/filarkiv/bilder/ledamot/0298925a-4976-46ef-9f51-0bd3c96fe7e2_192.jpg,mursal.isa@riksdagen.se,Porträttbild till Wikipedia under fri licens,"Hej Mursal Isa,

Jag bidrar till Wikipedia och vill gärna att artikeln om dig ska kunna illustreras med en aktuell porträttbild. Skulle du kunna hjälpa oss genom att ladda upp en bild till Wikimedia Commons under en fri licens, exempelvis CC BY 4.0?

Här finns Wikipedia-artiklarna om dig:
- sv: Mursal Isa – https://sv.wikipedia.org/wiki/Mursal_Isa

Det kräver att fotografen eller den som äger rättigheterna godkänner licensen. Fotografen anges vid användning, och bilden får återanvändas och bearbetas, även i kommersiella sammanhang.

Digg och PRV rekommenderar öppna licenser för offentlig information, som ett komplement till EU öppna data-direktiv från 2019 (https://eur-lex.europa.eu/legal-content/SV/TXT/?uri=CELEX%3A32019L1024). Riksdagens nuvarande bildvillkor anger däremot ingen sådan tydlig fri licens för ledamöternas porträtt trots begäran om det.

En bild från dig vore ett konkret steg framåt. Jag hjälper gärna till med uppladdningen och uppgifter om fotograf och licens.
Du får också gärna lyfta frågan inom riksdagen: varför inte publicera ledamöternas porträtt som ett samlat dataset med tydliga fria licenser?
Hjälp oss att komma vidare och göra våra folkvalda lättare att presentera på Wikipedia.

Vänliga hälsningar,
<ange ditt namn>",ja,finns,2026-10-08T18:55:42Z,Mursal Isa,finns,2026-10-08T18:55:44Z,Mursal Isa,Dalarnas län,False,sv: https://sv.wikipedia.org/wiki/Mursal_Isa,,,
Nila Vikhe Patil,MP,Stockholms kommun,Tjänstgörande riksdagsledamot,1985,eeb08d40-96a0-4b65-9011-611b261f3ff7,0560529926022,Q141502886,Saknar bild (P18),,,https://data.riksdagen.se/filarkiv/bilder/ledamot/eeb08d40-96a0-4b65-9011-611b261f3ff7_192.jpg,nila.vikhe.patil@riksdagen.se,Porträttbild till Wikipedia under fri licens,"Hej Nila Vikhe Patil,

Jag bidrar till Wikipedia och vill gärna att artikeln om dig ska kunna illustreras med en aktuell porträttbild. Skulle du kunna hjälpa oss genom att ladda upp en bild till Wikimedia Commons under en fri licens, exempelvis CC BY 4.0?

Här finns Wikipedia-artiklarna om dig:
- sv: Nila Vikhe Patil – https://sv.wikipedia.org/wiki/Nila_Vikhe_Patil
- en: Nila Vikhe Patil – https://en.wikipedia.org/wiki/Nila_Vikhe_Patil
- te: నీలా విఖే పాటిల్ – https://te.wikipedia.org/wiki/%E0%B0%A8%E0%B1%80%E0%B0%B2%E0%B0%BE_%E0%B0%B5%E0%B0%BF%E0%B0%96%E0%B1%87_%E0%B0%AA%E0%B0%BE%E0%B0%9F%E0%B0%BF%E0%B0%B2%E0%B1%8D

Det kräver att fotografen eller den som äger rättigheterna godkänner licensen. Fotografen anges vid användning, och bilden får återanvändas och bearbetas, även i kommersiella sammanhang.

Digg och PRV rekommenderar öppna licenser för offentlig information, som ett komplement till EU öppna data-direktiv från 2019 (https://eur-lex.europa.eu/legal-content/SV/TXT/?uri=CELEX%3A32019L1024). Riksdagens nuvarande bildvillkor anger däremot ingen sådan tydlig fri licens för ledamöternas porträtt trots begäran om det.

En bild från dig vore ett konkret steg framåt. Jag hjälper gärna till med uppladdningen och uppgifter om fotograf och licens.
Du får också gärna lyfta frågan inom riksdagen: varför inte publicera ledamöternas porträtt som ett samlat dataset med tydliga fria licenser?
Hjälp oss att komma vidare och göra våra folkvalda lättare att presentera på Wikipedia.

Vänliga hälsningar,
<ange ditt namn>",ja,finns,2026-10-08T18:55:42Z,Nila Vikhe Patil,finns,2026-10-08T18:55:44Z,Nila Vikhe Patil,Stockholms län,False,sv: https://sv.wikipedia.org/wiki/Nila_Vikhe_Patil; en: https://en.wikipedia.org/wiki/Nila_Vikhe_Patil; te: https://te.wikipedia.org/wiki/%E0%B0%A8%E0%B1%80%E0%B0%B2%E0%B0%BE_%E0%B0%B5%E0%B0%BF%E0%B0%96%E0%B1%87_%E0%B0%AA%E0%B0%BE%E0%B0%9F%E0%B0%BF%E0%B0%B2%E0%B1%8D,,,
Nils Seye Larsen,MP,Västerbottens län,Tjänstgörande riksdagsledamot,1980,f518e543-9b68-45bc-abe0-5f6e9f90cd6b,0992867772421,Q131376555,Saknar bild (P18),,,https://data.riksdagen.se/filarkiv/bilder/ledamot/f518e543-9b68-45bc-abe0-5f6e9f90cd6b_192.jpg,nils.seye.larsen@riksdagen.se,Porträttbild till Wikipedia under fri licens,"Hej Nils Seye Larsen,

Jag bidrar till Wikipedia och vill gärna att artikeln om dig ska kunna illustreras med en aktuell porträttbild. Skulle du kunna hjälpa oss genom att ladda upp en bild till Wikimedia Commons under en fri licens, exempelvis CC BY 4.0?

Här finns Wikipedia-artiklarna om dig:
- sv: Nils Seye Larsen – https://sv.wikipedia.org/wiki/Nils_Seye_Larsen

Det kräver att fotografen eller den som äger rättigheterna godkänner licensen. Fotografen anges vid användning, och bilden får återanvändas och bearbetas, även i kommersiella sammanhang.

Digg och PRV rekommenderar öppna licenser för offentlig information, som ett komplement till EU öppna data-direktiv från 2019 (https://eur-lex.europa.eu/legal-content/SV/TXT/?uri=CELEX%3A32019L1024). Riksdagens nuvarande bildvillkor anger däremot ingen sådan tydlig fri licens för ledamöternas porträtt trots begäran om det.

En bild från dig vore ett konkret steg framåt. Jag hjälper gärna till med uppladdningen och uppgifter om fotograf och licens.
Du får också gärna lyfta frågan inom riksdagen: varför inte publicera ledamöternas porträtt som ett samlat dataset med tydliga fria licenser?
Hjälp oss att komma vidare och göra våra folkvalda lättare att presentera på Wikipedia.

Vänliga hälsningar,
<ange ditt namn>",ja,finns,2026-10-08T18:55:42Z,Nils Seye Larsen,finns,2026-10-08T18:55:44Z,Nils Seye Larsen,Västerbottens län,False,sv: https://sv.wikipedia.org/wiki/Nils_Seye_Larsen,,,
Rebecka Le Moine,MP,Östergötlands län,Tjänstgörande riksdagsledamot,1990,67e327d0-b2ca-47eb-802a-c140187f0e0c,0546731406922,Q57168699,Har bild (P18),http://commons.wikimedia.org/wiki/Special:FilePath/Rebecka%20LM%20%28cropped%29.jpg,,https://data.riksdagen.se/filarkiv/bilder/ledamot/67e327d0-b2ca-47eb-802a-c140187f0e0c_192.jpg,rebecka.le.moine@riksdagen.se,Porträttbild till Wikipedia under fri licens,"Hej Rebecka Le Moine,

Jag bidrar till Wikipedia och vill gärna att artikeln om dig ska kunna illustreras med en aktuell porträttbild. Skulle du kunna hjälpa oss genom att ladda upp en bild till Wikimedia Commons under en fri licens, exempelvis CC BY 4.0?

Här finns Wikipedia-artiklarna om dig:
- sv: Rebecka Le Moine – https://sv.wikipedia.org/wiki/Rebecka_Le_Moine
- en: Rebecka Le Moine – https://en.wikipedia.org/wiki/Rebecka_Le_Moine
- arz: ريبيكا ل موين – https://arz.wikipedia.org/wiki/%D8%B1%D9%8A%D8%A8%D9%8A%D9%83%D8%A7_%D9%84_%D9%85%D9%88%D9%8A%D9%86
- pt: Rebecka Le Moine – https://pt.wikipedia.org/wiki/Rebecka_Le_Moine

Det kräver att fotografen eller den som äger rättigheterna godkänner licensen. Fotografen anges vid användning, och bilden får återanvändas och bearbetas, även i kommersiella sammanhang.

Digg och PRV rekommenderar öppna licenser för offentlig information, som ett komplement till EU öppna data-direktiv från 2019 (https://eur-lex.europa.eu/legal-content/SV/TXT/?uri=CELEX%3A32019L1024). Riksdagens nuvarande bildvillkor anger däremot ingen sådan tydlig fri licens för ledamöternas porträtt trots begäran om det.

En bild från dig vore ett konkret steg framåt. Jag hjälper gärna till med uppladdningen och uppgifter om fotograf och licens.
Du får också gärna lyfta frågan inom riksdagen: varför inte publicera ledamöternas porträtt som ett samlat dataset med tydliga fria licenser?
Hjälp oss att komma vidare och göra våra folkvalda lättare att presentera på Wikipedia.

Vänliga hälsningar,
<ange ditt namn>",ja,ej_aktuell,,,finns,2026-10-08T18:55:44Z,Rebecka Le Moine,Östergötlands län,True,sv: https://sv.wikipedia.org/wiki/Rebecka_Le_Moine; en: https://en.wikipedia.org/wiki/Rebecka_Le_Moine; arz: https://arz.wikipedia.org/wiki/%D8%B1%D9%8A%D8%A8%D9%8A%D9%83%D8%A7_%D9%84_%D9%85%D9%88%D9%8A%D9%86; pt: https://pt.wikipedia.org/wiki/Rebecka_Le_Moine,CC BY-SA 4.0,Alekseri,https://commons.wikimedia.org/wiki/File:Rebecka_LM_(cropped).jpg
Rikard Salander,MP,Jönköpings län,Tjänstgörande riksdagsledamot,1981,8636c02f-806c-46bc-841c-97637c8a860f,0867597453723,Q141506883,Saknar bild (P18),,,https://data.riksdagen.se/filarkiv/bilder/ledamot/8636c02f-806c-46bc-841c-97637c8a860f_192.jpg,rikard.salander@riksdagen.se,Porträttbild till Wikipedia under fri licens,"Hej Rikard Salander,

Jag bidrar till Wikipedia och vill gärna att artikeln om dig ska kunna illustreras med en aktuell porträttbild. Skulle du kunna hjälpa oss genom att ladda upp en bild till Wikimedia Commons under en fri licens, exempelvis CC BY 4.0?

Här finns Wikipedia-artiklarna om dig:
- sv: Rikard Salander – https://sv.wikipedia.org/wiki/Rikard_Salander

Det kräver att fotografen eller den som äger rättigheterna godkänner licensen. Fotografen anges vid användning, och bilden får återanvändas och bearbetas, även i kommersiella sammanhang.

Digg och PRV rekommenderar öppna licenser för offentlig information, som ett komplement till EU öppna data-direktiv från 2019 (https://eur-lex.europa.eu/legal-content/SV/TXT/?uri=CELEX%3A32019L1024). Riksdagens nuvarande bildvillkor anger däremot ingen sådan tydlig fri licens för ledamöternas porträtt trots begäran om det.

En bild från dig vore ett konkret steg framåt. Jag hjälper gärna till med uppladdningen och uppgifter om fotograf och licens.
Du får också gärna lyfta frågan inom riksdagen: varför inte publicera ledamöternas porträtt som ett samlat dataset med tydliga fria licenser?
Hjälp oss att komma vidare och göra våra folkvalda lättare att presentera på Wikipedia.

Vänliga hälsningar,
<ange ditt namn>",ja,finns,2026-10-08T18:55:42Z,Rikard Salander,finns,2026-10-08T18:55:44Z,Rikard Salander,Jönköpings län,False,sv: https://sv.wikipedia.org/wiki/Rikard_Salander,,,
Ulrika Westerlund,MP,Stockholms kommun,Tjänstgörande riksdagsledamot,1972,248bc1d8-761c-48b4-9979-7fed912abba7,0469084171710,Q4990375,Har bild (P18),http://commons.wikimedia.org/wiki/Special:FilePath/Ulrika%20Westerlund.jpg,,https://data.riksdagen.se/filarkiv/bilder/ledamot/248bc1d8-761c-48b4-9979-7fed912abba7_192.jpg,ulrika.westerlund@riksdagen.se,Porträttbild till Wikipedia under fri licens,"Hej Ulrika Westerlund,

Jag bidrar till Wikipedia och vill gärna att artikeln om dig ska kunna illustreras med en aktuell porträttbild. Skulle du kunna hjälpa oss genom att ladda upp en bild till Wikimedia Commons under en fri licens, exempelvis CC BY 4.0?

Här finns Wikipedia-artiklarna om dig:
- sv: Ulrika Westerlund – https://sv.wikipedia.org/wiki/Ulrika_Westerlund
- en: Ulrika Westerlund – https://en.wikipedia.org/wiki/Ulrika_Westerlund
- fi: Ulrika Westerlund – https://fi.wikipedia.org/wiki/Ulrika_Westerlund

Det kräver att fotografen eller den som äger rättigheterna godkänner licensen. Fotografen anges vid användning, och bilden får återanvändas och bearbetas, även i kommersiella sammanhang.

Digg och PRV rekommenderar öppna licenser för offentlig information, som ett komplement till EU öppna data-direktiv från 2019 (https://eur-lex.europa.eu/legal-content/SV/TXT/?uri=CELEX%3A32019L1024). Riksdagens nuvarande bildvillkor anger däremot ingen sådan tydlig fri licens för ledamöternas porträtt trots begäran om det.

En bild från dig vore ett konkret steg framåt. Jag hjälper gärna till med uppladdningen och uppgifter om fotograf och licens.
Du får också gärna lyfta frågan inom riksdagen: varför inte publicera ledamöternas porträtt som ett samlat dataset med tydliga fria licenser?
Hjälp oss att komma vidare och göra våra folkvalda lättare att presentera på Wikipedia.

Vänliga hälsningar,
<ange ditt namn>",ja,ej_aktuell,,,finns,2026-10-08T18:55:44Z,Ulrika Westerlund,Stockholms län,True,sv: https://sv.wikipedia.org/wiki/Ulrika_Westerlund; en: https://en.wikipedia.org/wiki/Ulrika_Westerlund; fi: https://fi.wikipedia.org/wiki/Ulrika_Westerlund,CC BY-SA 3.0,Esquilo,https://commons.wikimedia.org/wiki/File:Ulrika_Westerlund.jpg
Åsa Lindhagen,MP,Stockholms kommun,Tjänstgörande riksdagsledamot,1980,de8826b0-fcf9-4305-86e3-c2680dfed224,062367962120,Q23916255,Har bild (P18),http://commons.wikimedia.org/wiki/Special:FilePath/%C3%85saLindhagen.jpg,,https://data.riksdagen.se/filarkiv/bilder/ledamot/de8826b0-fcf9-4305-86e3-c2680dfed224_192.jpg,asa.lindhagen@riksdagen.se,Porträttbild till Wikipedia under fri licens,"Hej Åsa Lindhagen,

Jag bidrar till Wikipedia och vill gärna att artikeln om dig ska kunna illustreras med en aktuell porträttbild. Skulle du kunna hjälpa oss genom att ladda upp en bild till Wikimedia Commons under en fri licens, exempelvis CC BY 4.0?

Här finns Wikipedia-artiklarna om dig:
- sv: Åsa Lindhagen – https://sv.wikipedia.org/wiki/%C3%85sa_Lindhagen
- en: Åsa Lindhagen – https://en.wikipedia.org/wiki/%C3%85sa_Lindhagen
- be: Оса Ліндхаген – https://be.wikipedia.org/wiki/%D0%9E%D1%81%D0%B0_%D0%9B%D1%96%D0%BD%D0%B4%D1%85%D0%B0%D0%B3%D0%B5%D0%BD
- de: Åsa Lindhagen – https://de.wikipedia.org/wiki/%C3%85sa_Lindhagen
- eo: Åsa Lindhagen – https://eo.wikipedia.org/wiki/%C3%85sa_Lindhagen
- fi: Åsa Lindhagen – https://fi.wikipedia.org/wiki/%C3%85sa_Lindhagen
- fr: Åsa Lindhagen – https://fr.wikipedia.org/wiki/%C3%85sa_Lindhagen
- id: Åsa Lindhagen – https://id.wikipedia.org/wiki/%C3%85sa_Lindhagen
- no: Åsa Lindhagen – https://no.wikipedia.org/wiki/%C3%85sa_Lindhagen
- pl: Åsa Lindhagen – https://pl.wikipedia.org/wiki/%C3%85sa_Lindhagen
- ru: Линдхаген, Оса – https://ru.wikipedia.org/wiki/%D0%9B%D0%B8%D0%BD%D0%B4%D1%85%D0%B0%D0%B3%D0%B5%D0%BD,_%D0%9E%D1%81%D0%B0
- uk: Оса Ліндхаген – https://uk.wikipedia.org/wiki/%D0%9E%D1%81%D0%B0_%D0%9B%D1%96%D0%BD%D0%B4%D1%85%D0%B0%D0%B3%D0%B5%D0%BD

Det kräver att fotografen eller den som äger rättigheterna godkänner licensen. Fotografen anges vid användning, och bilden får återanvändas och bearbetas, även i kommersiella sammanhang.

Digg och PRV rekommenderar öppna licenser för offentlig information, som ett komplement till EU öppna data-direktiv från 2019 (https://eur-lex.europa.eu/legal-content/SV/TXT/?uri=CELEX%3A32019L1024). Riksdagens nuvarande bildvillkor anger däremot ingen sådan tydlig fri licens för ledamöternas porträtt trots begäran om det.

En bild från dig vore ett konkret steg framåt. Jag hjälper gärna till med uppladdningen och uppgifter om fotograf och licens.
Du får också gärna lyfta frågan inom riksdagen: varför inte publicera ledamöternas porträtt som ett samlat dataset med tydliga fria licenser?
Hjälp oss att komma vidare och göra våra folkvalda lättare att presentera på Wikipedia.

Vänliga hälsningar,
<ange ditt namn>",ja,ej_aktuell,,,finns,2026-10-08T18:55:44Z,Åsa Lindhagen,Stockholms län,True,"sv: https://sv.wikipedia.org/wiki/%C3%85sa_Lindhagen; en: https://en.wikipedia.org/wiki/%C3%85sa_Lindhagen; be: https://be.wikipedia.org/wiki/%D0%9E%D1%81%D0%B0_%D0%9B%D1%96%D0%BD%D0%B4%D1%85%D0%B0%D0%B3%D0%B5%D0%BD; de: https://de.wikipedia.org/wiki/%C3%85sa_Lindhagen; eo: https://eo.wikipedia.org/wiki/%C3%85sa_Lindhagen; fi: https://fi.wikipedia.org/wiki/%C3%85sa_Lindhagen; fr: https://fr.wikipedia.org/wiki/%C3%85sa_Lindhagen; id: https://id.wikipedia.org/wiki/%C3%85sa_Lindhagen; no: https://no.wikipedia.org/wiki/%C3%85sa_Lindhagen; pl: https://pl.wikipedia.org/wiki/%C3%85sa_Lindhagen; ru: https://ru.wikipedia.org/wiki/%D0%9B%D0%B8%D0%BD%D0%B4%D1%85%D0%B0%D0%B3%D0%B5%D0%BD,_%D0%9E%D1%81%D0%B0; uk: https://uk.wikipedia.org/wiki/%D0%9E%D1%81%D0%B0_%D0%9B%D1%96%D0%BD%D0%B4%D1%85%D0%B0%D0%B3%D0%B5%D0%BD",CC BY-SA 4.0,Anders J Larsson,https://commons.wikimedia.org/wiki/File:%C3%85saLindhagen.jpg
Adrian Magnusson,S,Skåne läns södra,Tjänstgörande riksdagsledamot,1994,c4654ce3-db1d-4106-976f-3cd2fdcc5767,0448973586529,Q113847323,Saknar bild (P18),,,https://data.riksdagen.se/filarkiv/bilder/ledamot/c4654ce3-db1d-4106-976f-3cd2fdcc5767_192.jpg,adrian.magnusson@riksdagen.se,Porträttbild till Wikipedia under fri licens,"Hej Adrian Magnusson,

Jag bidrar till Wikipedia och vill gärna att artikeln om dig ska kunna illustreras med en aktuell porträttbild. Skulle du kunna hjälpa oss genom att ladda upp en bild till Wikimedia Commons under en fri licens, exempelvis CC BY 4.0?

Här finns Wikipedia-artiklarna om dig:
- sv: Adrian Magnusson – https://sv.wikipedia.org/wiki/Adrian_Magnusson
- en: Adrian Magnusson – https://en.wikipedia.org/wiki/Adrian_Magnusson

Det kräver att fotografen eller den som äger rättigheterna godkänner licensen. Fotografen anges vid användning, och bilden får återanvändas och bearbetas, även i kommersiella sammanhang.

Digg och PRV rekommenderar öppna licenser för offentlig information, som ett komplement till EU öppna data-direktiv från 2019 (https://eur-lex.europa.eu/legal-content/SV/TXT/?uri=CELEX%3A32019L1024). Riksdagens nuvarande bildvillkor anger däremot ingen sådan tydlig fri licens för ledamöternas porträtt trots begäran om det.

En bild från dig vore ett konkret steg framåt. Jag hjälper gärna till med uppladdningen och uppgifter om fotograf och licens.
Du får också gärna lyfta frågan inom riksdagen: varför inte publicera ledamöternas porträtt som ett samlat dataset med tydliga fria licenser?
Hjälp oss att komma vidare och göra våra folkvalda lättare att presentera på Wikipedia.

Vänliga hälsningar,
<ange ditt namn>",ja,finns,2026-10-08T18:55:40Z,Adrian Magnusson,finns,2026-10-08T18:55:42Z,Adrian Magnusson,Skåne län,False,sv: https://sv.wikipedia.org/wiki/Adrian_Magnusson; en: https://en.wikipedia.org/wiki/Adrian_Magnusson,,,
Aida Birinxhiku,S,Hallands län,Tjänstgörande riksdagsledamot,1999,17eb4f01-2fcf-42ab-a19d-659b568cf1bb,0710595759638,Q114031237,Har bild (P18),http://commons.wikimedia.org/wiki/Special:FilePath/Aida%20Birinxhiku%2C%20riksdagsledamot%20f%C3%B6r%20Socialdemokraterna%20i%20Halland.jpg,,https://data.riksdagen.se/filarkiv/bilder/ledamot/17eb4f01-2fcf-42ab-a19d-659b568cf1bb_192.jpg,aida.birinxhiku@riksdagen.se,Porträttbild till Wikipedia under fri licens,"Hej Aida Birinxhiku,

Jag bidrar till Wikipedia och vill gärna att artikeln om dig ska kunna illustreras med en aktuell porträttbild. Skulle du kunna hjälpa oss genom att ladda upp en bild till Wikimedia Commons under en fri licens, exempelvis CC BY 4.0?

Här finns Wikipedia-artiklarna om dig:
- sv: Aida Birinxhiku – https://sv.wikipedia.org/wiki/Aida_Birinxhiku
- en: Aida Birinxhiku – https://en.wikipedia.org/wiki/Aida_Birinxhiku
- fi: Aida Birinxhiku – https://fi.wikipedia.org/wiki/Aida_Birinxhiku
- no: Aida Birinxhiku – https://no.wikipedia.org/wiki/Aida_Birinxhiku
- sq: Aida Birinxhiku – https://sq.wikipedia.org/wiki/Aida_Birinxhiku

Det kräver att fotografen eller den som äger rättigheterna godkänner licensen. Fotografen anges vid användning, och bilden får återanvändas och bearbetas, även i kommersiella sammanhang.

Digg och PRV rekommenderar öppna licenser för offentlig information, som ett komplement till EU öppna data-direktiv från 2019 (https://eur-lex.europa.eu/legal-content/SV/TXT/?uri=CELEX%3A32019L1024). Riksdagens nuvarande bildvillkor anger däremot ingen sådan tydlig fri licens för ledamöternas porträtt trots begäran om det.

En bild från dig vore ett konkret steg framåt. Jag hjälper gärna till med uppladdningen och uppgifter om fotograf och licens.
Du får också gärna lyfta frågan inom riksdagen: varför inte publicera ledamöternas porträtt som ett samlat dataset med tydliga fria licenser?
Hjälp oss att komma vidare och göra våra folkvalda lättare att presentera på Wikipedia.

Vänliga hälsningar,
<ange ditt namn>",ja,ej_aktuell,,,finns,2026-10-08T18:55:42Z,Aida Birinxhiku,Hallands län,True,sv: https://sv.wikipedia.org/wiki/Aida_Birinxhiku; en: https://en.wikipedia.org/wiki/Aida_Birinxhiku; fi: https://fi.wikipedia.org/wiki/Aida_Birinxhiku; no: https://no.wikipedia.org/wiki/Aida_Birinxhiku; sq: https://sq.wikipedia.org/wiki/Aida_Birinxhiku,CC BY-SA 4.0,Socialdemokraterna Halland,"https://commons.wikimedia.org/wiki/File:Aida_Birinxhiku,_riksdagsledamot_f%C3%B6r_Socialdemokraterna_i_Halland.jpg"
Alexandra Völker,S,Stockholms län,Tjänstgörande riksdagsledamot,1989,f96150c2-6e1c-4e3f-bc7f-2503f3cc9ede,0496341906327,Q18202415,Har bild (P18),http://commons.wikimedia.org/wiki/Special:FilePath/Sofia%20Alexandra%20V%C3%B6lker%202022.tiff,,https://data.riksdagen.se/filarkiv/bilder/ledamot/f96150c2-6e1c-4e3f-bc7f-2503f3cc9ede_192.jpg,alexandra.volker@riksdagen.se,Porträttbild till Wikipedia under fri licens,"Hej Alexandra Völker,

Jag bidrar till Wikipedia och vill gärna att artikeln om dig ska kunna illustreras med en aktuell porträttbild. Skulle du kunna hjälpa oss genom att ladda upp en bild till Wikimedia Commons under en fri licens, exempelvis CC BY 4.0?

Här finns Wikipedia-artiklarna om dig:
- sv: Alexandra Völker – https://sv.wikipedia.org/wiki/Alexandra_V%C3%B6lker
- en: Alexandra Völker – https://en.wikipedia.org/wiki/Alexandra_V%C3%B6lker
- arz: اليكساندرا ڤولكير – https://arz.wikipedia.org/wiki/%D8%A7%D9%84%D9%8A%D9%83%D8%B3%D8%A7%D9%86%D8%AF%D8%B1%D8%A7_%DA%A4%D9%88%D9%84%D9%83%D9%8A%D8%B1

Det kräver att fotografen eller den som äger rättigheterna godkänner licensen. Fotografen anges vid användning, och bilden får återanvändas och bearbetas, även i kommersiella sammanhang.

Digg och PRV rekommenderar öppna licenser för offentlig information, som ett komplement till EU öppna data-direktiv från 2019 (https://eur-lex.europa.eu/legal-content/SV/TXT/?uri=CELEX%3A32019L1024). Riksdagens nuvarande bildvillkor anger däremot ingen sådan tydlig fri licens för ledamöternas porträtt trots begäran om det.

En bild från dig vore ett konkret steg framåt. Jag hjälper gärna till med uppladdningen och uppgifter om fotograf och licens.
Du får också gärna lyfta frågan inom riksdagen: varför inte publicera ledamöternas porträtt som ett samlat dataset med tydliga fria licenser?
Hjälp oss att komma vidare och göra våra folkvalda lättare att presentera på Wikipedia.

Vänliga hälsningar,
<ange ditt namn>",ja,ej_aktuell,,,finns,2026-10-08T18:55:42Z,Alexandra Völker,Stockholms län,True,sv: https://sv.wikipedia.org/wiki/Alexandra_V%C3%B6lker; en: https://en.wikipedia.org/wiki/Alexandra_V%C3%B6lker; arz: https://arz.wikipedia.org/wiki/%D8%A7%D9%84%D9%8A%D9%83%D8%B3%D8%A7%D9%86%D8%AF%D8%B1%D8%A7_%DA%A4%D9%88%D9%84%D9%83%D9%8A%D8%B1,CC BY-SA 4.0,Agj1998,https://commons.wikimedia.org/wiki/File:Sofia_Alexandra_V%C3%B6lker_2022.tiff
Amalia Rud Stenlöf,S,Göteborgs kommun,Tjänstgörande riksdagsledamot,1993,0e5801ac-d595-455d-83b3-f00f7d8d26bd,0662032691523,Q114031241,Saknar bild (P18),,,https://data.riksdagen.se/filarkiv/bilder/ledamot/0e5801ac-d595-455d-83b3-f00f7d8d26bd_192.jpg,amalia.rud.stenlof@riksdagen.se,Porträttbild till Wikipedia under fri licens,"Hej Amalia Rud Stenlöf,

Jag bidrar till Wikipedia och vill gärna att artikeln om dig ska kunna illustreras med en aktuell porträttbild. Skulle du kunna hjälpa oss genom att ladda upp en bild till Wikimedia Commons under en fri licens, exempelvis CC BY 4.0?

Här finns Wikipedia-artiklarna om dig:
- sv: Amalia Rud Stenlöf – https://sv.wikipedia.org/wiki/Amalia_Rud_Stenl%C3%B6f
- en: Amalia Rud Pedersen – https://en.wikipedia.org/wiki/Amalia_Rud_Pedersen

Det kräver att fotografen eller den som äger rättigheterna godkänner licensen. Fotografen anges vid användning, och bilden får återanvändas och bearbetas, även i kommersiella sammanhang.

Digg och PRV rekommenderar öppna licenser för offentlig information, som ett komplement till EU öppna data-direktiv från 2019 (https://eur-lex.europa.eu/legal-content/SV/TXT/?uri=CELEX%3A32019L1024). Riksdagens nuvarande bildvillkor anger däremot ingen sådan tydlig fri licens för ledamöternas porträtt trots begäran om det.

En bild från dig vore ett konkret steg framåt. Jag hjälper gärna till med uppladdningen och uppgifter om fotograf och licens.
Du får också gärna lyfta frågan inom riksdagen: varför inte publicera ledamöternas porträtt som ett samlat dataset med tydliga fria licenser?
Hjälp oss att komma vidare och göra våra folkvalda lättare att presentera på Wikipedia.

Vänliga hälsningar,
<ange ditt namn>",ja,finns,2026-10-08T18:55:40Z,Amalia Rud Stenlöf,finns,2026-10-08T18:55:42Z,Amalia Rud Stenlöf,Västra Götalands län,False,sv: https://sv.wikipedia.org/wiki/Amalia_Rud_Stenl%C3%B6f; en: https://en.wikipedia.org/wiki/Amalia_Rud_Pedersen,,,
Amanda Lindblad,S,Västmanlands län,Tjänstgörande riksdagsledamot,1991,d871f6d3-db5f-4eae-a242-329f9e9c619c,0600282147125,Q122887932,Saknar bild (P18),,,https://data.riksdagen.se/filarkiv/bilder/ledamot/d871f6d3-db5f-4eae-a242-329f9e9c619c_192.jpg,amanda.lindblad@riksdagen.se,Porträttbild till Wikipedia under fri licens,"Hej Amanda Lindblad,

Jag bidrar till Wikipedia och vill gärna att artikeln om dig ska kunna illustreras med en aktuell porträttbild. Skulle du kunna hjälpa oss genom att ladda upp en bild till Wikimedia Commons under en fri licens, exempelvis CC BY 4.0?

Här finns Wikipedia-artiklarna om dig:
- sv: Amanda Lindblad – https://sv.wikipedia.org/wiki/Amanda_Lindblad

Det kräver att fotografen eller den som äger rättigheterna godkänner licensen. Fotografen anges vid användning, och bilden får återanvändas och bearbetas, även i kommersiella sammanhang.

Digg och PRV rekommenderar öppna licenser för offentlig information, som ett komplement till EU öppna data-direktiv från 2019 (https://eur-lex.europa.eu/legal-content/SV/TXT/?uri=CELEX%3A32019L1024). Riksdagens nuvarande bildvillkor anger däremot ingen sådan tydlig fri licens för ledamöternas porträtt trots begäran om det.

En bild från dig vore ett konkret steg framåt. Jag hjälper gärna till med uppladdningen och uppgifter om fotograf och licens.
Du får också gärna lyfta frågan inom riksdagen: varför inte publicera ledamöternas porträtt som ett samlat dataset med tydliga fria licenser?
Hjälp oss att komma vidare och göra våra folkvalda lättare att presentera på Wikipedia.

Vänliga hälsningar,
<ange ditt namn>",ja,finns,2026-10-08T18:55:40Z,Amanda Lindblad,finns,2026-10-08T18:55:42Z,Amanda Lindblad,Västmanlands län,False,sv: https://sv.wikipedia.org/wiki/Amanda_Lindblad,,,
Anders Ygeman,S,Stockholms kommun,Tjänstgörande riksdagsledamot,1970,d7c3235d-83e4-11d4-ae60-0050040c9b55,0744993950910,Q3375050,Har bild (P18),http://commons.wikimedia.org/wiki/Special:FilePath/2019-04-04%20Anders%20Ygeman.jpg,,https://data.riksdagen.se/filarkiv/bilder/ledamot/d7c3235d-83e4-11d4-ae60-0050040c9b55_192.jpg,anders.ygeman@riksdagen.se,Porträttbild till Wikipedia under fri licens,"Hej Anders Ygeman,

Jag bidrar till Wikipedia och vill gärna att artikeln om dig ska kunna illustreras med en aktuell porträttbild. Skulle du kunna hjälpa oss genom att ladda upp en bild till Wikimedia Commons under en fri licens, exempelvis CC BY 4.0?

Här finns Wikipedia-artiklarna om dig:
- sv: Anders Ygeman – https://sv.wikipedia.org/wiki/Anders_Ygeman
- en: Anders Ygeman – https://en.wikipedia.org/wiki/Anders_Ygeman
- arz: انديرس يجيمان – https://arz.wikipedia.org/wiki/%D8%A7%D9%86%D8%AF%D9%8A%D8%B1%D8%B3_%D9%8A%D8%AC%D9%8A%D9%85%D8%A7%D9%86
- de: Anders Ygeman – https://de.wikipedia.org/wiki/Anders_Ygeman
- es: Anders Ygeman – https://es.wikipedia.org/wiki/Anders_Ygeman
- et: Anders Ygeman – https://et.wikipedia.org/wiki/Anders_Ygeman
- fi: Anders Ygeman – https://fi.wikipedia.org/wiki/Anders_Ygeman
- fr: Anders Ygeman – https://fr.wikipedia.org/wiki/Anders_Ygeman
- no: Anders Ygeman – https://no.wikipedia.org/wiki/Anders_Ygeman
- pl: Anders Ygeman – https://pl.wikipedia.org/wiki/Anders_Ygeman
- pt: Anders Ygeman – https://pt.wikipedia.org/wiki/Anders_Ygeman
- uk: Андерс Ігман – https://uk.wikipedia.org/wiki/%D0%90%D0%BD%D0%B4%D0%B5%D1%80%D1%81_%D0%86%D0%B3%D0%BC%D0%B0%D0%BD
- ur: اینڈرس یگیمین – https://ur.wikipedia.org/wiki/%D8%A7%DB%8C%D9%86%DA%88%D8%B1%D8%B3_%DB%8C%DA%AF%DB%8C%D9%85%DB%8C%D9%86

Det kräver att fotografen eller den som äger rättigheterna godkänner licensen. Fotografen anges vid användning, och bilden får återanvändas och bearbetas, även i kommersiella sammanhang.

Digg och PRV rekommenderar öppna licenser för offentlig information, som ett komplement till EU öppna data-direktiv från 2019 (https://eur-lex.europa.eu/legal-content/SV/TXT/?uri=CELEX%3A32019L1024). Riksdagens nuvarande bildvillkor anger däremot ingen sådan tydlig fri licens för ledamöternas porträtt trots begäran om det.

En bild från dig vore ett konkret steg framåt. Jag hjälper gärna till med uppladdningen och uppgifter om fotograf och licens.
Du får också gärna lyfta frågan inom riksdagen: varför inte publicera ledamöternas porträtt som ett samlat dataset med tydliga fria licenser?
Hjälp oss att komma vidare och göra våra folkvalda lättare att presentera på Wikipedia.

Vänliga hälsningar,
<ange ditt namn>",ja,ej_aktuell,,,finns,2026-10-08T18:55:42Z,Anders Ygeman,Stockholms län,True,sv: https://sv.wikipedia.org/wiki/Anders_Ygeman; en: https://en.wikipedia.org/wiki/Anders_Ygeman; arz: https://arz.wikipedia.org/wiki/%D8%A7%D9%86%D8%AF%D9%8A%D8%B1%D8%B3_%D9%8A%D8%AC%D9%8A%D9%85%D8%A7%D9%86; de: https://de.wikipedia.org/wiki/Anders_Ygeman; es: https://es.wikipedia.org/wiki/Anders_Ygeman; et: https://et.wikipedia.org/wiki/Anders_Ygeman; fi: https://fi.wikipedia.org/wiki/Anders_Ygeman; fr: https://fr.wikipedia.org/wiki/Anders_Ygeman; no: https://no.wikipedia.org/wiki/Anders_Ygeman; pl: https://pl.wikipedia.org/wiki/Anders_Ygeman; pt: https://pt.wikipedia.org/wiki/Anders_Ygeman; uk: https://uk.wikipedia.org/wiki/%D0%90%D0%BD%D0%B4%D0%B5%D1%80%D1%81_%D0%86%D0%B3%D0%BC%D0%B0%D0%BD; ur: https://ur.wikipedia.org/wiki/%D8%A7%DB%8C%D9%86%DA%88%D8%B1%D8%B3_%DB%8C%DA%AF%DB%8C%D9%85%DB%8C%D9%86,CC BY-SA 3.0,Olaf Kosinsky,https://commons.wikimedia.org/wiki/File:2019-04-04_Anders_Ygeman.jpg
Andrine Winther,S,Stockholms län,Tjänstgörande riksdagsledamot,1977,4e5eafca-7eb9-454c-afaf-ad461e0e1a8b,088326858427,Q141503037,Saknar bild (P18),,,https://data.riksdagen.se/filarkiv/bilder/ledamot/4e5eafca-7eb9-454c-afaf-ad461e0e1a8b_192.jpg,andrine.winther@riksdagen.se,Porträttbild till Wikipedia under fri licens,"Hej Andrine Winther,

Jag bidrar till Wikipedia och vill gärna att artikeln om dig ska kunna illustreras med en aktuell porträttbild. Skulle du kunna hjälpa oss genom att ladda upp en bild till Wikimedia Commons under en fri licens, exempelvis CC BY 4.0?

Här finns Wikipedia-artiklarna om dig:
- sv: Andrine Winther – https://sv.wikipedia.org/wiki/Andrine_Winther

Det kräver att fotografen eller den som äger rättigheterna godkänner licensen. Fotografen anges vid användning, och bilden får återanvändas och bearbetas, även i kommersiella sammanhang.

Digg och PRV rekommenderar öppna licenser för offentlig information, som ett komplement till EU öppna data-direktiv från 2019 (https://eur-lex.europa.eu/legal-content/SV/TXT/?uri=CELEX%3A32019L1024). Riksdagens nuvarande bildvillkor anger däremot ingen sådan tydlig fri licens för ledamöternas porträtt trots begäran om det.

En bild från dig vore ett konkret steg framåt. Jag hjälper gärna till med uppladdningen och uppgifter om fotograf och licens.
Du får också gärna lyfta frågan inom riksdagen: varför inte publicera ledamöternas porträtt som ett samlat dataset med tydliga fria licenser?
Hjälp oss att komma vidare och göra våra folkvalda lättare att presentera på Wikipedia.

Vänliga hälsningar,
<ange ditt namn>",ja,finns,2026-10-08T18:55:40Z,Andrine Winther,finns,2026-10-08T18:55:42Z,Andrine Winther,Stockholms län,False,sv: https://sv.wikipedia.org/wiki/Andrine_Winther,,,
Anna Wallentheim,S,Skåne läns norra och östra,Tjänstgörande riksdagsledamot,1985,200035cd-228a-4afa-8849-844f2c1e35fb,0111479807829,Q18202414,Har bild (P18),http://commons.wikimedia.org/wiki/Special:FilePath/Anna%20Wallentheim%20%28cropped%29.jpg,,https://data.riksdagen.se/filarkiv/bilder/ledamot/200035cd-228a-4afa-8849-844f2c1e35fb_192.jpg,anna.wallentheim@riksdagen.se,Porträttbild till Wikipedia under fri licens,"Hej Anna Wallentheim,

Jag bidrar till Wikipedia och vill gärna att artikeln om dig ska kunna illustreras med en aktuell porträttbild. Skulle du kunna hjälpa oss genom att ladda upp en bild till Wikimedia Commons under en fri licens, exempelvis CC BY 4.0?

Här finns Wikipedia-artiklarna om dig:
- sv: Anna Wallentheim – https://sv.wikipedia.org/wiki/Anna_Wallentheim
- en: Anna Wallentheim – https://en.wikipedia.org/wiki/Anna_Wallentheim
- arz: انا والينثيم – https://arz.wikipedia.org/wiki/%D8%A7%D9%86%D8%A7_%D9%88%D8%A7%D9%84%D9%8A%D9%86%D8%AB%D9%8A%D9%85
- pt: Anna Wallentheim – https://pt.wikipedia.org/wiki/Anna_Wallentheim
- tr: Anna Wallentheim – https://tr.wikipedia.org/wiki/Anna_Wallentheim

Det kräver att fotografen eller den som äger rättigheterna godkänner licensen. Fotografen anges vid användning, och bilden får återanvändas och bearbetas, även i kommersiella sammanhang.

Digg och PRV rekommenderar öppna licenser för offentlig information, som ett komplement till EU öppna data-direktiv från 2019 (https://eur-lex.europa.eu/legal-content/SV/TXT/?uri=CELEX%3A32019L1024). Riksdagens nuvarande bildvillkor anger däremot ingen sådan tydlig fri licens för ledamöternas porträtt trots begäran om det.

En bild från dig vore ett konkret steg framåt. Jag hjälper gärna till med uppladdningen och uppgifter om fotograf och licens.
Du får också gärna lyfta frågan inom riksdagen: varför inte publicera ledamöternas porträtt som ett samlat dataset med tydliga fria licenser?
Hjälp oss att komma vidare och göra våra folkvalda lättare att presentera på Wikipedia.

Vänliga hälsningar,
<ange ditt namn>",ja,ej_aktuell,,,finns,2026-10-08T18:55:42Z,Anna Wallentheim,Skåne län,True,sv: https://sv.wikipedia.org/wiki/Anna_Wallentheim; en: https://en.wikipedia.org/wiki/Anna_Wallentheim; arz: https://arz.wikipedia.org/wiki/%D8%A7%D9%86%D8%A7_%D9%88%D8%A7%D9%84%D9%8A%D9%86%D8%AB%D9%8A%D9%85; pt: https://pt.wikipedia.org/wiki/Anna_Wallentheim; tr: https://tr.wikipedia.org/wiki/Anna_Wallentheim,CC BY-SA 4.0,EmmyCecilia,https://commons.wikimedia.org/wiki/File:Anna_Wallentheim_(cropped).jpg
Anna-Belle Strömberg,S,Västernorrlands län,Tjänstgörande riksdagsledamot,1965,0a614b1d-8d24-4794-838d-8fbed7b503c5,07921826010,Q108525972,Har bild (P18),http://commons.wikimedia.org/wiki/Special:FilePath/Anna-Belle%20Str%C3%B6mberg.jpg,,https://data.riksdagen.se/filarkiv/bilder/ledamot/0a614b1d-8d24-4794-838d-8fbed7b503c5_192.jpg,anna-belle.stromberg@riksdagen.se,Porträttbild till Wikipedia under fri licens,"Hej Anna-Belle Strömberg,

Jag bidrar till Wikipedia och vill gärna att artikeln om dig ska kunna illustreras med en aktuell porträttbild. Skulle du kunna hjälpa oss genom att ladda upp en bild till Wikimedia Commons under en fri licens, exempelvis CC BY 4.0?

Här finns Wikipedia-artiklarna om dig:
- sv: Anna-Belle Strömberg – https://sv.wikipedia.org/wiki/Anna-Belle_Str%C3%B6mberg
- en: Anna-Belle Strömberg – https://en.wikipedia.org/wiki/Anna-Belle_Str%C3%B6mberg

Det kräver att fotografen eller den som äger rättigheterna godkänner licensen. Fotografen anges vid användning, och bilden får återanvändas och bearbetas, även i kommersiella sammanhang.

Digg och PRV rekommenderar öppna licenser för offentlig information, som ett komplement till EU öppna data-direktiv från 2019 (https://eur-lex.europa.eu/legal-content/SV/TXT/?uri=CELEX%3A32019L1024). Riksdagens nuvarande bildvillkor anger däremot ingen sådan tydlig fri licens för ledamöternas porträtt trots begäran om det.

En bild från dig vore ett konkret steg framåt. Jag hjälper gärna till med uppladdningen och uppgifter om fotograf och licens.
Du får också gärna lyfta frågan inom riksdagen: varför inte publicera ledamöternas porträtt som ett samlat dataset med tydliga fria licenser?
Hjälp oss att komma vidare och göra våra folkvalda lättare att presentera på Wikipedia.

Vänliga hälsningar,
<ange ditt namn>",ja,ej_aktuell,,,finns,2026-10-08T18:55:42Z,Anna-Belle Strömberg,Västernorrlands län,True,sv: https://sv.wikipedia.org/wiki/Anna-Belle_Str%C3%B6mberg; en: https://en.wikipedia.org/wiki/Anna-Belle_Str%C3%B6mberg,CC BY-SA 4.0,Andreas Ericsson / Socialdemokratiska arbetarepartiet,https://commons.wikimedia.org/wiki/File:Anna-Belle_Str%C3%B6mberg.jpg
Anna-Caren Sätherberg,S,Jämtlands län,Tjänstgörande riksdagsledamot,1964,c2917e84-a1f8-4de8-9c71-a492eee1f43f,0407081382317,Q18202413,Har bild (P18),http://commons.wikimedia.org/wiki/Special:FilePath/Anna-Caren%20S%C3%A4therberg.jpg,,https://data.riksdagen.se/filarkiv/bilder/ledamot/c2917e84-a1f8-4de8-9c71-a492eee1f43f_192.jpg,anna-caren.satherberg@riksdagen.se,Porträttbild till Wikipedia under fri licens,"Hej Anna-Caren Sätherberg,

Jag bidrar till Wikipedia och vill gärna att artikeln om dig ska kunna illustreras med en aktuell porträttbild. Skulle du kunna hjälpa oss genom att ladda upp en bild till Wikimedia Commons under en fri licens, exempelvis CC BY 4.0?

Här finns Wikipedia-artiklarna om dig:
- sv: Anna-Caren Sätherberg – https://sv.wikipedia.org/wiki/Anna-Caren_S%C3%A4therberg
- en: Anna-Caren Sätherberg – https://en.wikipedia.org/wiki/Anna-Caren_S%C3%A4therberg
- arz: انا كارين ساثيربيرج – https://arz.wikipedia.org/wiki/%D8%A7%D9%86%D8%A7_%D9%83%D8%A7%D8%B1%D9%8A%D9%86_%D8%B3%D8%A7%D8%AB%D9%8A%D8%B1%D8%A8%D9%8A%D8%B1%D8%AC
- et: Anna-Caren Sätherberg – https://et.wikipedia.org/wiki/Anna-Caren_S%C3%A4therberg
- fi: Anna-Caren Sätherberg – https://fi.wikipedia.org/wiki/Anna-Caren_S%C3%A4therberg
- pl: Anna-Caren Sätherberg – https://pl.wikipedia.org/wiki/Anna-Caren_S%C3%A4therberg
- pt: Anna-Caren Sätherberg – https://pt.wikipedia.org/wiki/Anna-Caren_S%C3%A4therberg
- ru: Сетерберг, Анна-Карен – https://ru.wikipedia.org/wiki/%D0%A1%D0%B5%D1%82%D0%B5%D1%80%D0%B1%D0%B5%D1%80%D0%B3,_%D0%90%D0%BD%D0%BD%D0%B0-%D0%9A%D0%B0%D1%80%D0%B5%D0%BD

Det kräver att fotografen eller den som äger rättigheterna godkänner licensen. Fotografen anges vid användning, och bilden får återanvändas och bearbetas, även i kommersiella sammanhang.

Digg och PRV rekommenderar öppna licenser för offentlig information, som ett komplement till EU öppna data-direktiv från 2019 (https://eur-lex.europa.eu/legal-content/SV/TXT/?uri=CELEX%3A32019L1024). Riksdagens nuvarande bildvillkor anger däremot ingen sådan tydlig fri licens för ledamöternas porträtt trots begäran om det.

En bild från dig vore ett konkret steg framåt. Jag hjälper gärna till med uppladdningen och uppgifter om fotograf och licens.
Du får också gärna lyfta frågan inom riksdagen: varför inte publicera ledamöternas porträtt som ett samlat dataset med tydliga fria licenser?
Hjälp oss att komma vidare och göra våra folkvalda lättare att presentera på Wikipedia.

Vänliga hälsningar,
<ange ditt namn>",ja,ej_aktuell,,,finns,2026-10-08T18:55:42Z,Anna-Caren Sätherberg,Jämtlands län,True,"sv: https://sv.wikipedia.org/wiki/Anna-Caren_S%C3%A4therberg; en: https://en.wikipedia.org/wiki/Anna-Caren_S%C3%A4therberg; arz: https://arz.wikipedia.org/wiki/%D8%A7%D9%86%D8%A7_%D9%83%D8%A7%D8%B1%D9%8A%D9%86_%D8%B3%D8%A7%D8%AB%D9%8A%D8%B1%D8%A8%D9%8A%D8%B1%D8%AC; et: https://et.wikipedia.org/wiki/Anna-Caren_S%C3%A4therberg; fi: https://fi.wikipedia.org/wiki/Anna-Caren_S%C3%A4therberg; pl: https://pl.wikipedia.org/wiki/Anna-Caren_S%C3%A4therberg; pt: https://pt.wikipedia.org/wiki/Anna-Caren_S%C3%A4therberg; ru: https://ru.wikipedia.org/wiki/%D0%A1%D0%B5%D1%82%D0%B5%D1%80%D0%B1%D0%B5%D1%80%D0%B3,_%D0%90%D0%BD%D0%BD%D0%B0-%D0%9A%D0%B0%D1%80%D0%B5%D0%BD",CC BY-SA 4.0,Plikten,https://commons.wikimedia.org/wiki/File:Anna-Caren_S%C3%A4therberg.jpg
Arber Gashi,S,Hallands län,Tjänstgörande riksdagsledamot,1994,c643fdd9-746d-40da-9ee9-8aa25123e221,0257313105220,Q127691637,Saknar bild (P18),,,https://data.riksdagen.se/filarkiv/bilder/ledamot/c643fdd9-746d-40da-9ee9-8aa25123e221_192.jpg,arber.gashi@riksdagen.se,Porträttbild till Wikipedia under fri licens,"Hej Arber Gashi,

Jag bidrar till Wikipedia och vill gärna att artikeln om dig ska kunna illustreras med en aktuell porträttbild. Skulle du kunna hjälpa oss genom att ladda upp en bild till Wikimedia Commons under en fri licens, exempelvis CC BY 4.0?

Här finns Wikipedia-artiklarna om dig:
- sv: Arber Gashi – https://sv.wikipedia.org/wiki/Arber_Gashi
- en: Arbër Gashi – https://en.wikipedia.org/wiki/Arb%C3%ABr_Gashi
- sq: Arbër Gashi – https://sq.wikipedia.org/wiki/Arb%C3%ABr_Gashi

Det kräver att fotografen eller den som äger rättigheterna godkänner licensen. Fotografen anges vid användning, och bilden får återanvändas och bearbetas, även i kommersiella sammanhang.

Digg och PRV rekommenderar öppna licenser för offentlig information, som ett komplement till EU öppna data-direktiv från 2019 (https://eur-lex.europa.eu/legal-content/SV/TXT/?uri=CELEX%3A32019L1024). Riksdagens nuvarande bildvillkor anger däremot ingen sådan tydlig fri licens för ledamöternas porträtt trots begäran om det.

En bild från dig vore ett konkret steg framåt. Jag hjälper gärna till med uppladdningen och uppgifter om fotograf och licens.
Du får också gärna lyfta frågan inom riksdagen: varför inte publicera ledamöternas porträtt som ett samlat dataset med tydliga fria licenser?
Hjälp oss att komma vidare och göra våra folkvalda lättare att presentera på Wikipedia.

Vänliga hälsningar,
<ange ditt namn>",ja,finns,2026-10-08T18:55:40Z,Arber Gashi,finns,2026-10-08T18:55:42Z,Arber Gashi,Hallands län,False,sv: https://sv.wikipedia.org/wiki/Arber_Gashi; en: https://en.wikipedia.org/wiki/Arb%C3%ABr_Gashi; sq: https://sq.wikipedia.org/wiki/Arb%C3%ABr_Gashi,,,
Ardalan Shekarabi,S,Uppsala län,Tjänstgörande riksdagsledamot,1978,b2bb1d34-0f20-4daf-b26e-8916bb911075,0922497728524,Q4787806,Har bild (P18),http://commons.wikimedia.org/wiki/Special:FilePath/Ardalan%20Shekarabi.jpg,,https://data.riksdagen.se/filarkiv/bilder/ledamot/b2bb1d34-0f20-4daf-b26e-8916bb911075_192.jpg,ardalan.shekarabi@riksdagen.se,Porträttbild till Wikipedia under fri licens,"Hej Ardalan Shekarabi,

Jag bidrar till Wikipedia och vill gärna att artikeln om dig ska kunna illustreras med en aktuell porträttbild. Skulle du kunna hjälpa oss genom att ladda upp en bild till Wikimedia Commons under en fri licens, exempelvis CC BY 4.0?

Här finns Wikipedia-artiklarna om dig:
- sv: Ardalan Shekarabi – https://sv.wikipedia.org/wiki/Ardalan_Shekarabi
- en: Ardalan Shekarabi – https://en.wikipedia.org/wiki/Ardalan_Shekarabi
- arz: اردالان شيكارابى – https://arz.wikipedia.org/wiki/%D8%A7%D8%B1%D8%AF%D8%A7%D9%84%D8%A7%D9%86_%D8%B4%D9%8A%D9%83%D8%A7%D8%B1%D8%A7%D8%A8%D9%89
- de: Ardalan Shekarabi – https://de.wikipedia.org/wiki/Ardalan_Shekarabi
- et: Ardalan Shekarabi – https://et.wikipedia.org/wiki/Ardalan_Shekarabi
- fa: اردلان شکرآبی – https://fa.wikipedia.org/wiki/%D8%A7%D8%B1%D8%AF%D9%84%D8%A7%D9%86_%D8%B4%DA%A9%D8%B1%D8%A2%D8%A8%DB%8C
- fi: Ardalan Shekarabi – https://fi.wikipedia.org/wiki/Ardalan_Shekarabi
- fr: Ardalan Shekarabi – https://fr.wikipedia.org/wiki/Ardalan_Shekarabi
- id: Ardalan Shekarabi – https://id.wikipedia.org/wiki/Ardalan_Shekarabi
- it: Ardalan Shekarabi – https://it.wikipedia.org/wiki/Ardalan_Shekarabi
- pl: Ardalan Shekarabi – https://pl.wikipedia.org/wiki/Ardalan_Shekarabi
- pt: Ardalan Shekarabi – https://pt.wikipedia.org/wiki/Ardalan_Shekarabi
- uk: Ардалан Шекарабі – https://uk.wikipedia.org/wiki/%D0%90%D1%80%D0%B4%D0%B0%D0%BB%D0%B0%D0%BD_%D0%A8%D0%B5%D0%BA%D0%B0%D1%80%D0%B0%D0%B1%D1%96

Det kräver att fotografen eller den som äger rättigheterna godkänner licensen. Fotografen anges vid användning, och bilden får återanvändas och bearbetas, även i kommersiella sammanhang.

Digg och PRV rekommenderar öppna licenser för offentlig information, som ett komplement till EU öppna data-direktiv från 2019 (https://eur-lex.europa.eu/legal-content/SV/TXT/?uri=CELEX%3A32019L1024). Riksdagens nuvarande bildvillkor anger däremot ingen sådan tydlig fri licens för ledamöternas porträtt trots begäran om det.

En bild från dig vore ett konkret steg framåt. Jag hjälper gärna till med uppladdningen och uppgifter om fotograf och licens.
Du får också gärna lyfta frågan inom riksdagen: varför inte publicera ledamöternas porträtt som ett samlat dataset med tydliga fria licenser?
Hjälp oss att komma vidare och göra våra folkvalda lättare att presentera på Wikipedia.

Vänliga hälsningar,
<ange ditt namn>",ja,ej_aktuell,,,finns,2026-10-08T18:55:42Z,Ardalan Shekarabi,Uppsala län,True,sv: https://sv.wikipedia.org/wiki/Ardalan_Shekarabi; en: https://en.wikipedia.org/wiki/Ardalan_Shekarabi; arz: https://arz.wikipedia.org/wiki/%D8%A7%D8%B1%D8%AF%D8%A7%D9%84%D8%A7%D9%86_%D8%B4%D9%8A%D9%83%D8%A7%D8%B1%D8%A7%D8%A8%D9%89; de: https://de.wikipedia.org/wiki/Ardalan_Shekarabi; et: https://et.wikipedia.org/wiki/Ardalan_Shekarabi; fa: https://fa.wikipedia.org/wiki/%D8%A7%D8%B1%D8%AF%D9%84%D8%A7%D9%86_%D8%B4%DA%A9%D8%B1%D8%A2%D8%A8%DB%8C; fi: https://fi.wikipedia.org/wiki/Ardalan_Shekarabi; fr: https://fr.wikipedia.org/wiki/Ardalan_Shekarabi; id: https://id.wikipedia.org/wiki/Ardalan_Shekarabi; it: https://it.wikipedia.org/wiki/Ardalan_Shekarabi; pl: https://pl.wikipedia.org/wiki/Ardalan_Shekarabi; pt: https://pt.wikipedia.org/wiki/Ardalan_Shekarabi; uk: https://uk.wikipedia.org/wiki/%D0%90%D1%80%D0%B4%D0%B0%D0%BB%D0%B0%D0%BD_%D0%A8%D0%B5%D0%BA%D0%B0%D1%80%D0%B0%D0%B1%D1%96,CC BY-SA 4.0,Frankie Fouganthin,https://commons.wikimedia.org/wiki/File:Ardalan_Shekarabi.jpg
Arwin Sohrabi,S,Malmö kommun,Tjänstgörande riksdagsledamot,1994,404b5422-bc43-41ed-be54-a515b301200e,0845783625227,Q118591652,Saknar bild (P18),,,https://data.riksdagen.se/filarkiv/bilder/ledamot/404b5422-bc43-41ed-be54-a515b301200e_192.jpg,arwin.sohrabi@riksdagen.se,Porträttbild till Wikipedia under fri licens,"Hej Arwin Sohrabi,

Jag bidrar till Wikipedia och vill gärna att artikeln om dig ska kunna illustreras med en aktuell porträttbild. Skulle du kunna hjälpa oss genom att ladda upp en bild till Wikimedia Commons under en fri licens, exempelvis CC BY 4.0?

Här finns Wikipedia-artiklarna om dig:
- sv: Arwin Sohrabi – https://sv.wikipedia.org/wiki/Arwin_Sohrabi

Det kräver att fotografen eller den som äger rättigheterna godkänner licensen. Fotografen anges vid användning, och bilden får återanvändas och bearbetas, även i kommersiella sammanhang.

Digg och PRV rekommenderar öppna licenser för offentlig information, som ett komplement till EU öppna data-direktiv från 2019 (https://eur-lex.europa.eu/legal-content/SV/TXT/?uri=CELEX%3A32019L1024). Riksdagens nuvarande bildvillkor anger däremot ingen sådan tydlig fri licens för ledamöternas porträtt trots begäran om det.

En bild från dig vore ett konkret steg framåt. Jag hjälper gärna till med uppladdningen och uppgifter om fotograf och licens.
Du får också gärna lyfta frågan inom riksdagen: varför inte publicera ledamöternas porträtt som ett samlat dataset med tydliga fria licenser?
Hjälp oss att komma vidare och göra våra folkvalda lättare att presentera på Wikipedia.

Vänliga hälsningar,
<ange ditt namn>",ja,finns,2026-10-08T18:55:40Z,Arwin Sohrabi,finns,2026-10-08T18:55:42Z,Arwin Sohrabi,Skåne län,False,sv: https://sv.wikipedia.org/wiki/Arwin_Sohrabi,,,
Aylin Nouri,S,Västra Götalands läns västra,Tjänstgörande riksdagsledamot,1992,d6bcb84c-0102-4eca-b564-c21bd7cf1f4e,0523902030928,Q61122062,Har bild (P18),http://commons.wikimedia.org/wiki/Special:FilePath/Aylin%20Fazelian2.jpg,,https://data.riksdagen.se/filarkiv/bilder/ledamot/d6bcb84c-0102-4eca-b564-c21bd7cf1f4e_192.jpg,aylin.nouri@riksdagen.se,Porträttbild till Wikipedia under fri licens,"Hej Aylin Nouri,

Jag bidrar till Wikipedia och vill gärna att artikeln om dig ska kunna illustreras med en aktuell porträttbild. Skulle du kunna hjälpa oss genom att ladda upp en bild till Wikimedia Commons under en fri licens, exempelvis CC BY 4.0?

Här finns Wikipedia-artiklarna om dig:
- sv: Aylin Nouri – https://sv.wikipedia.org/wiki/Aylin_Nouri
- en: Aylin Fazelian – https://en.wikipedia.org/wiki/Aylin_Fazelian
- az: Aylin Fazelian – https://az.wikipedia.org/wiki/Aylin_Fazelian
- pt: Aylin Fazelian – https://pt.wikipedia.org/wiki/Aylin_Fazelian
- ru: Фазелиан, Айлин – https://ru.wikipedia.org/wiki/%D0%A4%D0%B0%D0%B7%D0%B5%D0%BB%D0%B8%D0%B0%D0%BD,_%D0%90%D0%B9%D0%BB%D0%B8%D0%BD

Det kräver att fotografen eller den som äger rättigheterna godkänner licensen. Fotografen anges vid användning, och bilden får återanvändas och bearbetas, även i kommersiella sammanhang.

Digg och PRV rekommenderar öppna licenser för offentlig information, som ett komplement till EU öppna data-direktiv från 2019 (https://eur-lex.europa.eu/legal-content/SV/TXT/?uri=CELEX%3A32019L1024). Riksdagens nuvarande bildvillkor anger däremot ingen sådan tydlig fri licens för ledamöternas porträtt trots begäran om det.

En bild från dig vore ett konkret steg framåt. Jag hjälper gärna till med uppladdningen och uppgifter om fotograf och licens.
Du får också gärna lyfta frågan inom riksdagen: varför inte publicera ledamöternas porträtt som ett samlat dataset med tydliga fria licenser?
Hjälp oss att komma vidare och göra våra folkvalda lättare att presentera på Wikipedia.

Vänliga hälsningar,
<ange ditt namn>",ja,ej_aktuell,,,finns,2026-10-08T18:55:42Z,Aylin Nouri,Västra Götalands län,True,"sv: https://sv.wikipedia.org/wiki/Aylin_Nouri; en: https://en.wikipedia.org/wiki/Aylin_Fazelian; az: https://az.wikipedia.org/wiki/Aylin_Fazelian; pt: https://pt.wikipedia.org/wiki/Aylin_Fazelian; ru: https://ru.wikipedia.org/wiki/%D0%A4%D0%B0%D0%B7%D0%B5%D0%BB%D0%B8%D0%B0%D0%BD,_%D0%90%D0%B9%D0%BB%D0%B8%D0%BD",CC BY-SA 4.0,Nathalie Beser,https://commons.wikimedia.org/wiki/File:Aylin_Fazelian2.jpg
Azadeh Rojhan,S,Stockholms län,Tjänstgörande riksdagsledamot,1986,c325b529-3455-44a2-acd2-597698b321a6,0474290584024,Q18245444,Har bild (P18),http://commons.wikimedia.org/wiki/Special:FilePath/Azadeh%20Rojhan%20Gustafsson.jpg,,https://data.riksdagen.se/filarkiv/bilder/ledamot/c325b529-3455-44a2-acd2-597698b321a6_192.jpg,azadeh.rojhan@riksdagen.se,Porträttbild till Wikipedia under fri licens,"Hej Azadeh Rojhan,

Jag bidrar till Wikipedia och vill gärna att artikeln om dig ska kunna illustreras med en aktuell porträttbild. Skulle du kunna hjälpa oss genom att ladda upp en bild till Wikimedia Commons under en fri licens, exempelvis CC BY 4.0?

Här finns Wikipedia-artiklarna om dig:
- sv: Azadeh Rojhan – https://sv.wikipedia.org/wiki/Azadeh_Rojhan
- en: Azadeh Rojhan Gustafsson – https://en.wikipedia.org/wiki/Azadeh_Rojhan_Gustafsson
- arz: ازاديه روچهان جوستافسون – https://arz.wikipedia.org/wiki/%D8%A7%D8%B2%D8%A7%D8%AF%D9%8A%D9%87_%D8%B1%D9%88%DA%86%D9%87%D8%A7%D9%86_%D8%AC%D9%88%D8%B3%D8%AA%D8%A7%D9%81%D8%B3%D9%88%D9%86
- fa: آزاده رجحان گوستاوسون – https://fa.wikipedia.org/wiki/%D8%A2%D8%B2%D8%A7%D8%AF%D9%87_%D8%B1%D8%AC%D8%AD%D8%A7%D9%86_%DA%AF%D9%88%D8%B3%D8%AA%D8%A7%D9%88%D8%B3%D9%88%D9%86

Det kräver att fotografen eller den som äger rättigheterna godkänner licensen. Fotografen anges vid användning, och bilden får återanvändas och bearbetas, även i kommersiella sammanhang.

Digg och PRV rekommenderar öppna licenser för offentlig information, som ett komplement till EU öppna data-direktiv från 2019 (https://eur-lex.europa.eu/legal-content/SV/TXT/?uri=CELEX%3A32019L1024). Riksdagens nuvarande bildvillkor anger däremot ingen sådan tydlig fri licens för ledamöternas porträtt trots begäran om det.

En bild från dig vore ett konkret steg framåt. Jag hjälper gärna till med uppladdningen och uppgifter om fotograf och licens.
Du får också gärna lyfta frågan inom riksdagen: varför inte publicera ledamöternas porträtt som ett samlat dataset med tydliga fria licenser?
Hjälp oss att komma vidare och göra våra folkvalda lättare att presentera på Wikipedia.

Vänliga hälsningar,
<ange ditt namn>",ja,ej_aktuell,,,finns,2026-10-08T18:55:42Z,Azadeh Rojhan,Stockholms län,True,sv: https://sv.wikipedia.org/wiki/Azadeh_Rojhan; en: https://en.wikipedia.org/wiki/Azadeh_Rojhan_Gustafsson; arz: https://arz.wikipedia.org/wiki/%D8%A7%D8%B2%D8%A7%D8%AF%D9%8A%D9%87_%D8%B1%D9%88%DA%86%D9%87%D8%A7%D9%86_%D8%AC%D9%88%D8%B3%D8%AA%D8%A7%D9%81%D8%B3%D9%88%D9%86; fa: https://fa.wikipedia.org/wiki/%D8%A2%D8%B2%D8%A7%D8%AF%D9%87_%D8%B1%D8%AC%D8%AD%D8%A7%D9%86_%DA%AF%D9%88%D8%B3%D8%AA%D8%A7%D9%88%D8%B3%D9%88%D9%86,CC BY-SA 4.0,Andreas Ericsson / Socialdemokratiska arbetarepartiet,https://commons.wikimedia.org/wiki/File:Azadeh_Rojhan_Gustafsson.jpg
Azra Muranovic,S,Jönköpings län,Tjänstgörande riksdagsledamot,1987,77b55dda-a56c-4e88-b6a8-a6255ff783fb,0803790353229,Q110642946,Saknar bild (P18),,,https://data.riksdagen.se/filarkiv/bilder/ledamot/77b55dda-a56c-4e88-b6a8-a6255ff783fb_192.jpg,azra.muranovic@riksdagen.se,Porträttbild till Wikipedia under fri licens,"Hej Azra Muranovic,

Jag bidrar till Wikipedia och vill gärna att artikeln om dig ska kunna illustreras med en aktuell porträttbild. Skulle du kunna hjälpa oss genom att ladda upp en bild till Wikimedia Commons under en fri licens, exempelvis CC BY 4.0?

Här finns Wikipedia-artiklarna om dig:
- sv: Azra Muranovic – https://sv.wikipedia.org/wiki/Azra_Muranovic
- en: Azra Muranovic – https://en.wikipedia.org/wiki/Azra_Muranovic

Det kräver att fotografen eller den som äger rättigheterna godkänner licensen. Fotografen anges vid användning, och bilden får återanvändas och bearbetas, även i kommersiella sammanhang.

Digg och PRV rekommenderar öppna licenser för offentlig information, som ett komplement till EU öppna data-direktiv från 2019 (https://eur-lex.europa.eu/legal-content/SV/TXT/?uri=CELEX%3A32019L1024). Riksdagens nuvarande bildvillkor anger däremot ingen sådan tydlig fri licens för ledamöternas porträtt trots begäran om det.

En bild från dig vore ett konkret steg framåt. Jag hjälper gärna till med uppladdningen och uppgifter om fotograf och licens.
Du får också gärna lyfta frågan inom riksdagen: varför inte publicera ledamöternas porträtt som ett samlat dataset med tydliga fria licenser?
Hjälp oss att komma vidare och göra våra folkvalda lättare att presentera på Wikipedia.

Vänliga hälsningar,
<ange ditt namn>",ja,finns,2026-10-08T18:55:41Z,Azra Muranovic,finns,2026-10-08T18:55:42Z,Azra Muranovic,Jönköpings län,False,sv: https://sv.wikipedia.org/wiki/Azra_Muranovic; en: https://en.wikipedia.org/wiki/Azra_Muranovic,,,
Björn Wiechel,S,Västerbottens län,Tjänstgörande riksdagsledamot,1983,7ef75999-90a2-41af-a083-6dfd70e8e3e8,0482689573825,Q20156222,Har bild (P18),http://commons.wikimedia.org/wiki/Special:FilePath/Bj%C3%B6rn%20Wiechel.jpg,,https://data.riksdagen.se/filarkiv/bilder/ledamot/7ef75999-90a2-41af-a083-6dfd70e8e3e8_192.jpg,bjorn.wiechel@riksdagen.se,Porträttbild till Wikipedia under fri licens,"Hej Björn Wiechel,

Jag bidrar till Wikipedia och vill gärna att artikeln om dig ska kunna illustreras med en aktuell porträttbild. Skulle du kunna hjälpa oss genom att ladda upp en bild till Wikimedia Commons under en fri licens, exempelvis CC BY 4.0?

Här finns Wikipedia-artiklarna om dig:
- sv: Björn Wiechel – https://sv.wikipedia.org/wiki/Bj%C3%B6rn_Wiechel
- en: Björn Wiechel – https://en.wikipedia.org/wiki/Bj%C3%B6rn_Wiechel
- arz: بچورن ويتشيل – https://arz.wikipedia.org/wiki/%D8%A8%DA%86%D9%88%D8%B1%D9%86_%D9%88%D9%8A%D8%AA%D8%B4%D9%8A%D9%84

Det kräver att fotografen eller den som äger rättigheterna godkänner licensen. Fotografen anges vid användning, och bilden får återanvändas och bearbetas, även i kommersiella sammanhang.

Digg och PRV rekommenderar öppna licenser för offentlig information, som ett komplement till EU öppna data-direktiv från 2019 (https://eur-lex.europa.eu/legal-content/SV/TXT/?uri=CELEX%3A32019L1024). Riksdagens nuvarande bildvillkor anger däremot ingen sådan tydlig fri licens för ledamöternas porträtt trots begäran om det.

En bild från dig vore ett konkret steg framåt. Jag hjälper gärna till med uppladdningen och uppgifter om fotograf och licens.
Du får också gärna lyfta frågan inom riksdagen: varför inte publicera ledamöternas porträtt som ett samlat dataset med tydliga fria licenser?
Hjälp oss att komma vidare och göra våra folkvalda lättare att presentera på Wikipedia.

Vänliga hälsningar,
<ange ditt namn>",ja,ej_aktuell,,,finns,2026-10-08T18:55:43Z,Björn Wiechel,Västerbottens län,True,sv: https://sv.wikipedia.org/wiki/Bj%C3%B6rn_Wiechel; en: https://en.wikipedia.org/wiki/Bj%C3%B6rn_Wiechel; arz: https://arz.wikipedia.org/wiki/%D8%A8%DA%86%D9%88%D8%B1%D9%86_%D9%88%D9%8A%D8%AA%D8%B4%D9%8A%D9%84,CC BY-SA 4.0,Andreas Ericsson / Socialdemokratiska arbetarepartiet,https://commons.wikimedia.org/wiki/File:Bj%C3%B6rn_Wiechel.jpg
Cilla Dahl Andersson,S,Skåne läns södra,Tjänstgörande riksdagsledamot,1971,6a0f8739-f15c-11d6-ae8b-0004755038ce,0468904415516,Q104215826,Saknar bild (P18),,,https://data.riksdagen.se/filarkiv/bilder/ledamot/6a0f8739-f15c-11d6-ae8b-0004755038ce_192.jpg,cilla.dahl.andersson@riksdagen.se,Porträttbild till Wikipedia under fri licens,"Hej Cilla Dahl Andersson,

Jag bidrar till Wikipedia och vill gärna att artikeln om dig ska kunna illustreras med en aktuell porträttbild. Skulle du kunna hjälpa oss genom att ladda upp en bild till Wikimedia Commons under en fri licens, exempelvis CC BY 4.0?

Det kräver att fotografen eller den som äger rättigheterna godkänner licensen. Fotografen anges vid användning, och bilden får återanvändas och bearbetas, även i kommersiella sammanhang.

Digg och PRV rekommenderar öppna licenser för offentlig information, som ett komplement till EU öppna data-direktiv från 2019 (https://eur-lex.europa.eu/legal-content/SV/TXT/?uri=CELEX%3A32019L1024). Riksdagens nuvarande bildvillkor anger däremot ingen sådan tydlig fri licens för ledamöternas porträtt trots begäran om det.

En bild från dig vore ett konkret steg framåt. Jag hjälper gärna till med uppladdningen och uppgifter om fotograf och licens.
Du får också gärna lyfta frågan inom riksdagen: varför inte publicera ledamöternas porträtt som ett samlat dataset med tydliga fria licenser?
Hjälp oss att komma vidare och göra våra folkvalda lättare att presentera på Wikipedia.

Vänliga hälsningar,
<ange ditt namn>",nej,ej_aktuell,,,ej_aktuell,,,Skåne län,False,,,,
Daniel Vencu Öhrlund Castro,S,Stockholms kommun,Tjänstgörande riksdagsledamot,1994,09770274-5c74-4a51-9629-4608f79a8cf2,0245113256029,Q114030385,Har bild (P18),http://commons.wikimedia.org/wiki/Special:FilePath/Daniel%20Vencu%20Velasquez%20Castro%20in%202025.jpg,,https://data.riksdagen.se/filarkiv/bilder/ledamot/09770274-5c74-4a51-9629-4608f79a8cf2_192.jpg,daniel.vencu.ohrlund.castro@riksdagen.se,Porträttbild till Wikipedia under fri licens,"Hej Daniel Vencu Öhrlund Castro,

Jag bidrar till Wikipedia och vill gärna att artikeln om dig ska kunna illustreras med en aktuell porträttbild. Skulle du kunna hjälpa oss genom att ladda upp en bild till Wikimedia Commons under en fri licens, exempelvis CC BY 4.0?

Här finns Wikipedia-artiklarna om dig:
- sv: Daniel Vencu Velasquez Castro – https://sv.wikipedia.org/wiki/Daniel_Vencu_Velasquez_Castro
- en: Daniel Vencu Velasquez Castro – https://en.wikipedia.org/wiki/Daniel_Vencu_Velasquez_Castro

Det kräver att fotografen eller den som äger rättigheterna godkänner licensen. Fotografen anges vid användning, och bilden får återanvändas och bearbetas, även i kommersiella sammanhang.

Digg och PRV rekommenderar öppna licenser för offentlig information, som ett komplement till EU öppna data-direktiv från 2019 (https://eur-lex.europa.eu/legal-content/SV/TXT/?uri=CELEX%3A32019L1024). Riksdagens nuvarande bildvillkor anger däremot ingen sådan tydlig fri licens för ledamöternas porträtt trots begäran om det.

En bild från dig vore ett konkret steg framåt. Jag hjälper gärna till med uppladdningen och uppgifter om fotograf och licens.
Du får också gärna lyfta frågan inom riksdagen: varför inte publicera ledamöternas porträtt som ett samlat dataset med tydliga fria licenser?
Hjälp oss att komma vidare och göra våra folkvalda lättare att presentera på Wikipedia.

Vänliga hälsningar,
<ange ditt namn>",ja,ej_aktuell,,,finns,2026-10-08T18:55:43Z,Daniel Vencu Velasquez Castro,Stockholms län,True,sv: https://sv.wikipedia.org/wiki/Daniel_Vencu_Velasquez_Castro; en: https://en.wikipedia.org/wiki/Daniel_Vencu_Velasquez_Castro,CC BY 4.0,Frankie Fouganthin,https://commons.wikimedia.org/wiki/File:Daniel_Vencu_Velasquez_Castro_in_2025.jpg
Denis Begic,S,Örebro län,Tjänstgörande riksdagsledamot,1970,47705a06-b78d-469f-9ebe-8f7407607be6,0466653728712,Q71465386,Har bild (P18),http://commons.wikimedia.org/wiki/Special:FilePath/Denis%20Begic%20%28cropped%29.jpg,,https://data.riksdagen.se/filarkiv/bilder/ledamot/47705a06-b78d-469f-9ebe-8f7407607be6_192.jpg,denis.begic@riksdagen.se,Porträttbild till Wikipedia under fri licens,"Hej Denis Begic,

Jag bidrar till Wikipedia och vill gärna att artikeln om dig ska kunna illustreras med en aktuell porträttbild. Skulle du kunna hjälpa oss genom att ladda upp en bild till Wikimedia Commons under en fri licens, exempelvis CC BY 4.0?

Här finns Wikipedia-artiklarna om dig:
- sv: Denis Begic – https://sv.wikipedia.org/wiki/Denis_Begic
- en: Denis Begic – https://en.wikipedia.org/wiki/Denis_Begic
- arz: دينيس بيجيتش – https://arz.wikipedia.org/wiki/%D8%AF%D9%8A%D9%86%D9%8A%D8%B3_%D8%A8%D9%8A%D8%AC%D9%8A%D8%AA%D8%B4
- no: Denis Begic – https://no.wikipedia.org/wiki/Denis_Begic

Det kräver att fotografen eller den som äger rättigheterna godkänner licensen. Fotografen anges vid användning, och bilden får återanvändas och bearbetas, även i kommersiella sammanhang.

Digg och PRV rekommenderar öppna licenser för offentlig information, som ett komplement till EU öppna data-direktiv från 2019 (https://eur-lex.europa.eu/legal-content/SV/TXT/?uri=CELEX%3A32019L1024). Riksdagens nuvarande bildvillkor anger däremot ingen sådan tydlig fri licens för ledamöternas porträtt trots begäran om det.

En bild från dig vore ett konkret steg framåt. Jag hjälper gärna till med uppladdningen och uppgifter om fotograf och licens.
Du får också gärna lyfta frågan inom riksdagen: varför inte publicera ledamöternas porträtt som ett samlat dataset med tydliga fria licenser?
Hjälp oss att komma vidare och göra våra folkvalda lättare att presentera på Wikipedia.

Vänliga hälsningar,
<ange ditt namn>",ja,ej_aktuell,,,finns,2026-10-08T18:55:43Z,Denis Begic,Örebro län,True,sv: https://sv.wikipedia.org/wiki/Denis_Begic; en: https://en.wikipedia.org/wiki/Denis_Begic; arz: https://arz.wikipedia.org/wiki/%D8%AF%D9%8A%D9%86%D9%8A%D8%B3_%D8%A8%D9%8A%D8%AC%D9%8A%D8%AA%D8%B4; no: https://no.wikipedia.org/wiki/Denis_Begic,CC BY-SA 4.0,Andreas Ericsson / Socialdemokratiska arbetarepartiet,https://commons.wikimedia.org/wiki/File:Denis_Begic_(cropped).jpg
Elias Aguirre,S,Östergötlands län,Tjänstgörande riksdagsledamot,1984,b11b8359-f906-4556-bcd9-33fe8c50e1fe,0805149227627,Q141503821,Saknar bild (P18),,,https://data.riksdagen.se/filarkiv/bilder/ledamot/b11b8359-f906-4556-bcd9-33fe8c50e1fe_192.jpg,elias.aguirre@riksdagen.se,Porträttbild till Wikipedia under fri licens,"Hej Elias Aguirre,

Jag bidrar till Wikipedia och vill gärna att artikeln om dig ska kunna illustreras med en aktuell porträttbild. Skulle du kunna hjälpa oss genom att ladda upp en bild till Wikimedia Commons under en fri licens, exempelvis CC BY 4.0?

Här finns Wikipedia-artiklarna om dig:
- sv: Elias Hammarlund Aguirre – https://sv.wikipedia.org/wiki/Elias_Hammarlund_Aguirre

Det kräver att fotografen eller den som äger rättigheterna godkänner licensen. Fotografen anges vid användning, och bilden får återanvändas och bearbetas, även i kommersiella sammanhang.

Digg och PRV rekommenderar öppna licenser för offentlig information, som ett komplement till EU öppna data-direktiv från 2019 (https://eur-lex.europa.eu/legal-content/SV/TXT/?uri=CELEX%3A32019L1024). Riksdagens nuvarande bildvillkor anger däremot ingen sådan tydlig fri licens för ledamöternas porträtt trots begäran om det.

En bild från dig vore ett konkret steg framåt. Jag hjälper gärna till med uppladdningen och uppgifter om fotograf och licens.
Du får också gärna lyfta frågan inom riksdagen: varför inte publicera ledamöternas porträtt som ett samlat dataset med tydliga fria licenser?
Hjälp oss att komma vidare och göra våra folkvalda lättare att presentera på Wikipedia.

Vänliga hälsningar,
<ange ditt namn>",ja,finns,2026-10-08T18:55:41Z,Elias Hammarlund Aguirre,finns,2026-10-08T18:55:43Z,Elias Hammarlund Aguirre,Östergötlands län,False,sv: https://sv.wikipedia.org/wiki/Elias_Hammarlund_Aguirre,,,
Emil Högberg,S,Stockholms län,Tjänstgörande riksdagsledamot,1976,36b42397-e608-4e08-a5f8-771cf26d0a9a,0525766480025,Q5820537,Saknar bild (P18),,,https://data.riksdagen.se/filarkiv/bilder/ledamot/36b42397-e608-4e08-a5f8-771cf26d0a9a_192.jpg,emil.hogberg@riksdagen.se,Porträttbild till Wikipedia under fri licens,"Hej Emil Högberg,

Jag bidrar till Wikipedia och vill gärna att artikeln om dig ska kunna illustreras med en aktuell porträttbild. Skulle du kunna hjälpa oss genom att ladda upp en bild till Wikimedia Commons under en fri licens, exempelvis CC BY 4.0?

Här finns Wikipedia-artiklarna om dig:
- sv: Emil Högberg – https://sv.wikipedia.org/wiki/Emil_H%C3%B6gberg

Det kräver att fotografen eller den som äger rättigheterna godkänner licensen. Fotografen anges vid användning, och bilden får återanvändas och bearbetas, även i kommersiella sammanhang.

Digg och PRV rekommenderar öppna licenser för offentlig information, som ett komplement till EU öppna data-direktiv från 2019 (https://eur-lex.europa.eu/legal-content/SV/TXT/?uri=CELEX%3A32019L1024). Riksdagens nuvarande bildvillkor anger däremot ingen sådan tydlig fri licens för ledamöternas porträtt trots begäran om det.

En bild från dig vore ett konkret steg framåt. Jag hjälper gärna till med uppladdningen och uppgifter om fotograf och licens.
Du får också gärna lyfta frågan inom riksdagen: varför inte publicera ledamöternas porträtt som ett samlat dataset med tydliga fria licenser?
Hjälp oss att komma vidare och göra våra folkvalda lättare att presentera på Wikipedia.

Vänliga hälsningar,
<ange ditt namn>",ja,finns,2026-10-08T18:55:41Z,Emil Högberg,finns,2026-10-08T18:55:43Z,Emil Högberg,Stockholms län,False,sv: https://sv.wikipedia.org/wiki/Emil_H%C3%B6gberg,,,
Erik Ezelius,S,Västra Götalands läns östra,Tjänstgörande riksdagsledamot,1986,45bd9e8b-22f0-4cb7-9cfe-b40847e9715f,0667220767927,Q21558211,Har bild (P18),http://commons.wikimedia.org/wiki/Special:FilePath/Erik%20Ezelius.jpg,,https://data.riksdagen.se/filarkiv/bilder/ledamot/45bd9e8b-22f0-4cb7-9cfe-b40847e9715f_192.jpg,erik.ezelius@riksdagen.se,Porträttbild till Wikipedia under fri licens,"Hej Erik Ezelius,

Jag bidrar till Wikipedia och vill gärna att artikeln om dig ska kunna illustreras med en aktuell porträttbild. Skulle du kunna hjälpa oss genom att ladda upp en bild till Wikimedia Commons under en fri licens, exempelvis CC BY 4.0?

Här finns Wikipedia-artiklarna om dig:
- sv: Erik Ezelius – https://sv.wikipedia.org/wiki/Erik_Ezelius
- en: Erik Ezelius – https://en.wikipedia.org/wiki/Erik_Ezelius

Det kräver att fotografen eller den som äger rättigheterna godkänner licensen. Fotografen anges vid användning, och bilden får återanvändas och bearbetas, även i kommersiella sammanhang.

Digg och PRV rekommenderar öppna licenser för offentlig information, som ett komplement till EU öppna data-direktiv från 2019 (https://eur-lex.europa.eu/legal-content/SV/TXT/?uri=CELEX%3A32019L1024). Riksdagens nuvarande bildvillkor anger däremot ingen sådan tydlig fri licens för ledamöternas porträtt trots begäran om det.

En bild från dig vore ett konkret steg framåt. Jag hjälper gärna till med uppladdningen och uppgifter om fotograf och licens.
Du får också gärna lyfta frågan inom riksdagen: varför inte publicera ledamöternas porträtt som ett samlat dataset med tydliga fria licenser?
Hjälp oss att komma vidare och göra våra folkvalda lättare att presentera på Wikipedia.

Vänliga hälsningar,
<ange ditt namn>",ja,ej_aktuell,,,finns,2026-10-08T18:55:43Z,Erik Ezelius,Västra Götalands län,True,sv: https://sv.wikipedia.org/wiki/Erik_Ezelius; en: https://en.wikipedia.org/wiki/Erik_Ezelius,CC BY-SA 4.0,Andreas Ericsson / Socialdemokratiska arbetarepartiet,https://commons.wikimedia.org/wiki/File:Erik_Ezelius.jpg
Eva Lindh,S,Östergötlands län,Tjänstgörande riksdagsledamot,1971,ee86b181-9f3b-4e03-8ef4-b96b1e79cd25,0780214960516,Q30035702,Har bild (P18),http://commons.wikimedia.org/wiki/Special:FilePath/Eva%20Lindh.jpg,,https://data.riksdagen.se/filarkiv/bilder/ledamot/ee86b181-9f3b-4e03-8ef4-b96b1e79cd25_192.jpg,eva.lindh@riksdagen.se,Porträttbild till Wikipedia under fri licens,"Hej Eva Lindh,

Jag bidrar till Wikipedia och vill gärna att artikeln om dig ska kunna illustreras med en aktuell porträttbild. Skulle du kunna hjälpa oss genom att ladda upp en bild till Wikimedia Commons under en fri licens, exempelvis CC BY 4.0?

Här finns Wikipedia-artiklarna om dig:
- sv: Eva Lindh – https://sv.wikipedia.org/wiki/Eva_Lindh
- en: Eva Lindh – https://en.wikipedia.org/wiki/Eva_Lindh
- pt: Eva Lindh – https://pt.wikipedia.org/wiki/Eva_Lindh

Det kräver att fotografen eller den som äger rättigheterna godkänner licensen. Fotografen anges vid användning, och bilden får återanvändas och bearbetas, även i kommersiella sammanhang.

Digg och PRV rekommenderar öppna licenser för offentlig information, som ett komplement till EU öppna data-direktiv från 2019 (https://eur-lex.europa.eu/legal-content/SV/TXT/?uri=CELEX%3A32019L1024). Riksdagens nuvarande bildvillkor anger däremot ingen sådan tydlig fri licens för ledamöternas porträtt trots begäran om det.

En bild från dig vore ett konkret steg framåt. Jag hjälper gärna till med uppladdningen och uppgifter om fotograf och licens.
Du får också gärna lyfta frågan inom riksdagen: varför inte publicera ledamöternas porträtt som ett samlat dataset med tydliga fria licenser?
Hjälp oss att komma vidare och göra våra folkvalda lättare att presentera på Wikipedia.

Vänliga hälsningar,
<ange ditt namn>",ja,ej_aktuell,,,finns,2026-10-08T18:55:43Z,Eva Lindh,Östergötlands län,True,sv: https://sv.wikipedia.org/wiki/Eva_Lindh; en: https://en.wikipedia.org/wiki/Eva_Lindh; pt: https://pt.wikipedia.org/wiki/Eva_Lindh,CC BY-SA 4.0,Andreas Ericsson / Socialdemokratiska arbetarepartiet,https://commons.wikimedia.org/wiki/File:Eva_Lindh.jpg
Ewa Pihl Krabbe,S,Skåne läns norra och östra,Tjänstgörande riksdagsledamot,1947,ce71b03c-18ac-422f-a9e8-30e35b3d5bfa,0405594274208,Q114031234,Saknar bild (P18),,,https://data.riksdagen.se/filarkiv/bilder/ledamot/ce71b03c-18ac-422f-a9e8-30e35b3d5bfa_192.jpg,ewa.pihl.krabbe@riksdagen.se,Porträttbild till Wikipedia under fri licens,"Hej Ewa Pihl Krabbe,

Jag bidrar till Wikipedia och vill gärna att artikeln om dig ska kunna illustreras med en aktuell porträttbild. Skulle du kunna hjälpa oss genom att ladda upp en bild till Wikimedia Commons under en fri licens, exempelvis CC BY 4.0?

Här finns Wikipedia-artiklarna om dig:
- sv: Ewa Pihl Krabbe – https://sv.wikipedia.org/wiki/Ewa_Pihl_Krabbe
- en: Ewa Pihl Krabbe – https://en.wikipedia.org/wiki/Ewa_Pihl_Krabbe

Det kräver att fotografen eller den som äger rättigheterna godkänner licensen. Fotografen anges vid användning, och bilden får återanvändas och bearbetas, även i kommersiella sammanhang.

Digg och PRV rekommenderar öppna licenser för offentlig information, som ett komplement till EU öppna data-direktiv från 2019 (https://eur-lex.europa.eu/legal-content/SV/TXT/?uri=CELEX%3A32019L1024). Riksdagens nuvarande bildvillkor anger däremot ingen sådan tydlig fri licens för ledamöternas porträtt trots begäran om det.

En bild från dig vore ett konkret steg framåt. Jag hjälper gärna till med uppladdningen och uppgifter om fotograf och licens.
Du får också gärna lyfta frågan inom riksdagen: varför inte publicera ledamöternas porträtt som ett samlat dataset med tydliga fria licenser?
Hjälp oss att komma vidare och göra våra folkvalda lättare att presentera på Wikipedia.

Vänliga hälsningar,
<ange ditt namn>",ja,finns,2026-10-08T18:55:41Z,Ewa Pihl Krabbe,finns,2026-10-08T18:55:43Z,Ewa Pihl Krabbe,Skåne län,False,sv: https://sv.wikipedia.org/wiki/Ewa_Pihl_Krabbe; en: https://en.wikipedia.org/wiki/Ewa_Pihl_Krabbe,,,
Filip Reinhag,S,Gotlands län,Tjänstgörande riksdagsledamot,1984,c0e3b421-f14c-4593-80d0-275d3f3a26cf,0677609280627,Q141664520,Saknar bild (P18),,,https://data.riksdagen.se/filarkiv/bilder/ledamot/c0e3b421-f14c-4593-80d0-275d3f3a26cf_192.jpg,filip.reinhag@riksdagen.se,Porträttbild till Wikipedia under fri licens,"Hej Filip Reinhag,

Jag bidrar till Wikipedia och vill gärna att artikeln om dig ska kunna illustreras med en aktuell porträttbild. Skulle du kunna hjälpa oss genom att ladda upp en bild till Wikimedia Commons under en fri licens, exempelvis CC BY 4.0?

Det kräver att fotografen eller den som äger rättigheterna godkänner licensen. Fotografen anges vid användning, och bilden får återanvändas och bearbetas, även i kommersiella sammanhang.

Digg och PRV rekommenderar öppna licenser för offentlig information, som ett komplement till EU öppna data-direktiv från 2019 (https://eur-lex.europa.eu/legal-content/SV/TXT/?uri=CELEX%3A32019L1024). Riksdagens nuvarande bildvillkor anger däremot ingen sådan tydlig fri licens för ledamöternas porträtt trots begäran om det.

En bild från dig vore ett konkret steg framåt. Jag hjälper gärna till med uppladdningen och uppgifter om fotograf och licens.
Du får också gärna lyfta frågan inom riksdagen: varför inte publicera ledamöternas porträtt som ett samlat dataset med tydliga fria licenser?
Hjälp oss att komma vidare och göra våra folkvalda lättare att presentera på Wikipedia.

Vänliga hälsningar,
<ange ditt namn>",nej,ej_aktuell,,,ej_aktuell,,,Gotlands län,False,,,,
Fredrik Lundh Sammeli,S,Norrbottens län,Tjänstgörande riksdagsledamot,1977,19d6281a-a1fc-4399-9631-89acf6420f42,0911916463828,Q5966830,Har bild (P18),http://commons.wikimedia.org/wiki/Special:FilePath/Fredrik%20Lundh%20Sammeli%202020.jpg,,https://data.riksdagen.se/filarkiv/bilder/ledamot/19d6281a-a1fc-4399-9631-89acf6420f42_192.jpg,fredrik.lundh.sammeli@riksdagen.se,Porträttbild till Wikipedia under fri licens,"Hej Fredrik Lundh Sammeli,

Jag bidrar till Wikipedia och vill gärna att artikeln om dig ska kunna illustreras med en aktuell porträttbild. Skulle du kunna hjälpa oss genom att ladda upp en bild till Wikimedia Commons under en fri licens, exempelvis CC BY 4.0?

Här finns Wikipedia-artiklarna om dig:
- sv: Fredrik Lundh Sammeli – https://sv.wikipedia.org/wiki/Fredrik_Lundh_Sammeli
- en: Fredrik Lundh Sammeli – https://en.wikipedia.org/wiki/Fredrik_Lundh_Sammeli
- arz: فريدريك لونده ساميلى – https://arz.wikipedia.org/wiki/%D9%81%D8%B1%D9%8A%D8%AF%D8%B1%D9%8A%D9%83_%D9%84%D9%88%D9%86%D8%AF%D9%87_%D8%B3%D8%A7%D9%85%D9%8A%D9%84%D9%89
- no: Fredrik Lundh Sammeli – https://no.wikipedia.org/wiki/Fredrik_Lundh_Sammeli

Det kräver att fotografen eller den som äger rättigheterna godkänner licensen. Fotografen anges vid användning, och bilden får återanvändas och bearbetas, även i kommersiella sammanhang.

Digg och PRV rekommenderar öppna licenser för offentlig information, som ett komplement till EU öppna data-direktiv från 2019 (https://eur-lex.europa.eu/legal-content/SV/TXT/?uri=CELEX%3A32019L1024). Riksdagens nuvarande bildvillkor anger däremot ingen sådan tydlig fri licens för ledamöternas porträtt trots begäran om det.

En bild från dig vore ett konkret steg framåt. Jag hjälper gärna till med uppladdningen och uppgifter om fotograf och licens.
Du får också gärna lyfta frågan inom riksdagen: varför inte publicera ledamöternas porträtt som ett samlat dataset med tydliga fria licenser?
Hjälp oss att komma vidare och göra våra folkvalda lättare att presentera på Wikipedia.

Vänliga hälsningar,
<ange ditt namn>",ja,ej_aktuell,,,finns,2026-10-08T18:55:43Z,Fredrik Lundh Sammeli,Norrbottens län,True,sv: https://sv.wikipedia.org/wiki/Fredrik_Lundh_Sammeli; en: https://en.wikipedia.org/wiki/Fredrik_Lundh_Sammeli; arz: https://arz.wikipedia.org/wiki/%D9%81%D8%B1%D9%8A%D8%AF%D8%B1%D9%8A%D9%83_%D9%84%D9%88%D9%86%D8%AF%D9%87_%D8%B3%D8%A7%D9%85%D9%8A%D9%84%D9%89; no: https://no.wikipedia.org/wiki/Fredrik_Lundh_Sammeli,CC BY-SA 4.0,Agj1998,https://commons.wikimedia.org/wiki/File:Fredrik_Lundh_Sammeli_2020.jpg
Fredrik Olovsson,S,Södermanlands län,Tjänstgörande riksdagsledamot,1973,bc5c4354-fca3-4071-8096-acd9b7b1d09a,0653904370212,Q3373667,Har bild (P18),http://commons.wikimedia.org/wiki/Special:FilePath/Fredrik%20Olovsson%20Almedalen%202026.jpg,,https://data.riksdagen.se/filarkiv/bilder/ledamot/bc5c4354-fca3-4071-8096-acd9b7b1d09a_192.jpg,fredrik.olovsson@riksdagen.se,Porträttbild till Wikipedia under fri licens,"Hej Fredrik Olovsson,

Jag bidrar till Wikipedia och vill gärna att artikeln om dig ska kunna illustreras med en aktuell porträttbild. Skulle du kunna hjälpa oss genom att ladda upp en bild till Wikimedia Commons under en fri licens, exempelvis CC BY 4.0?

Här finns Wikipedia-artiklarna om dig:
- sv: Fredrik Olovsson – https://sv.wikipedia.org/wiki/Fredrik_Olovsson
- en: Fredrik Olovsson – https://en.wikipedia.org/wiki/Fredrik_Olovsson
- arz: فريدريك اولوڤسون – https://arz.wikipedia.org/wiki/%D9%81%D8%B1%D9%8A%D8%AF%D8%B1%D9%8A%D9%83_%D8%A7%D9%88%D9%84%D9%88%DA%A4%D8%B3%D9%88%D9%86
- no: Fredrik Olovsson – https://no.wikipedia.org/wiki/Fredrik_Olovsson

Det kräver att fotografen eller den som äger rättigheterna godkänner licensen. Fotografen anges vid användning, och bilden får återanvändas och bearbetas, även i kommersiella sammanhang.

Digg och PRV rekommenderar öppna licenser för offentlig information, som ett komplement till EU öppna data-direktiv från 2019 (https://eur-lex.europa.eu/legal-content/SV/TXT/?uri=CELEX%3A32019L1024). Riksdagens nuvarande bildvillkor anger däremot ingen sådan tydlig fri licens för ledamöternas porträtt trots begäran om det.

En bild från dig vore ett konkret steg framåt. Jag hjälper gärna till med uppladdningen och uppgifter om fotograf och licens.
Du får också gärna lyfta frågan inom riksdagen: varför inte publicera ledamöternas porträtt som ett samlat dataset med tydliga fria licenser?
Hjälp oss att komma vidare och göra våra folkvalda lättare att presentera på Wikipedia.

Vänliga hälsningar,
<ange ditt namn>",ja,ej_aktuell,,,finns,2026-10-08T18:55:43Z,Fredrik Olovsson,Södermanlands län,True,sv: https://sv.wikipedia.org/wiki/Fredrik_Olovsson; en: https://en.wikipedia.org/wiki/Fredrik_Olovsson; arz: https://arz.wikipedia.org/wiki/%D9%81%D8%B1%D9%8A%D8%AF%D8%B1%D9%8A%D9%83_%D8%A7%D9%88%D9%84%D9%88%DA%A4%D8%B3%D9%88%D9%86; no: https://no.wikipedia.org/wiki/Fredrik_Olovsson,CC BY-SA 4.0,Bene Riobó,https://commons.wikimedia.org/wiki/File:Fredrik_Olovsson_Almedalen_2026.jpg
Gustaf Lantz,S,Uppsala län,Tjänstgörande riksdagsledamot,1981,82c56b96-b106-4b16-958c-98b153d02639,075747847023,Q30035705,Har bild (P18),http://commons.wikimedia.org/wiki/Special:FilePath/Gustaf%20Lantz.jpg,,https://data.riksdagen.se/filarkiv/bilder/ledamot/82c56b96-b106-4b16-958c-98b153d02639_192.jpg,gustaf.lantz@riksdagen.se,Porträttbild till Wikipedia under fri licens,"Hej Gustaf Lantz,

Jag bidrar till Wikipedia och vill gärna att artikeln om dig ska kunna illustreras med en aktuell porträttbild. Skulle du kunna hjälpa oss genom att ladda upp en bild till Wikimedia Commons under en fri licens, exempelvis CC BY 4.0?

Här finns Wikipedia-artiklarna om dig:
- sv: Gustaf Lantz – https://sv.wikipedia.org/wiki/Gustaf_Lantz
- en: Gustaf Lantz – https://en.wikipedia.org/wiki/Gustaf_Lantz

Det kräver att fotografen eller den som äger rättigheterna godkänner licensen. Fotografen anges vid användning, och bilden får återanvändas och bearbetas, även i kommersiella sammanhang.

Digg och PRV rekommenderar öppna licenser för offentlig information, som ett komplement till EU öppna data-direktiv från 2019 (https://eur-lex.europa.eu/legal-content/SV/TXT/?uri=CELEX%3A32019L1024). Riksdagens nuvarande bildvillkor anger däremot ingen sådan tydlig fri licens för ledamöternas porträtt trots begäran om det.

En bild från dig vore ett konkret steg framåt. Jag hjälper gärna till med uppladdningen och uppgifter om fotograf och licens.
Du får också gärna lyfta frågan inom riksdagen: varför inte publicera ledamöternas porträtt som ett samlat dataset med tydliga fria licenser?
Hjälp oss att komma vidare och göra våra folkvalda lättare att presentera på Wikipedia.

Vänliga hälsningar,
<ange ditt namn>",ja,ej_aktuell,,,finns,2026-10-08T18:55:43Z,Gustaf Lantz,Uppsala län,True,sv: https://sv.wikipedia.org/wiki/Gustaf_Lantz; en: https://en.wikipedia.org/wiki/Gustaf_Lantz,CC BY-SA 4.0,Andreas Ericsson / Socialdemokratiska arbetarepartiet,https://commons.wikimedia.org/wiki/File:Gustaf_Lantz.jpg
Heléne Björklund,S,Blekinge län,Tjänstgörande riksdagsledamot,1972,a4581b8d-78fd-41c1-a55d-7fe9ed93c878,0926214745119,Q57168842,Har bild (P18),http://commons.wikimedia.org/wiki/Special:FilePath/Hel%C3%A9ne%20Bj%C3%B6rklund%20-%20Riksdag.jpg,,https://data.riksdagen.se/filarkiv/bilder/ledamot/a4581b8d-78fd-41c1-a55d-7fe9ed93c878_192.jpg,helene.bjorklund@riksdagen.se,Porträttbild till Wikipedia under fri licens,"Hej Heléne Björklund,

Jag bidrar till Wikipedia och vill gärna att artikeln om dig ska kunna illustreras med en aktuell porträttbild. Skulle du kunna hjälpa oss genom att ladda upp en bild till Wikimedia Commons under en fri licens, exempelvis CC BY 4.0?

Här finns Wikipedia-artiklarna om dig:
- sv: Heléne Björklund – https://sv.wikipedia.org/wiki/Hel%C3%A9ne_Bj%C3%B6rklund
- en: Heléne Björklund – https://en.wikipedia.org/wiki/Hel%C3%A9ne_Bj%C3%B6rklund
- be: Элен Б’ёрклунд – https://be.wikipedia.org/wiki/%D0%AD%D0%BB%D0%B5%D0%BD_%D0%91%E2%80%99%D1%91%D1%80%D0%BA%D0%BB%D1%83%D0%BD%D0%B4
- be-tarask: Гэлен Б’ёрклюнд – https://be-tarask.wikipedia.org/wiki/%D0%93%D1%8D%D0%BB%D0%B5%D0%BD_%D0%91%E2%80%99%D1%91%D1%80%D0%BA%D0%BB%D1%8E%D0%BD%D0%B4
- de: Heléne Björklund – https://de.wikipedia.org/wiki/Hel%C3%A9ne_Bj%C3%B6rklund
- it: Heléne Björklund – https://it.wikipedia.org/wiki/Hel%C3%A9ne_Bj%C3%B6rklund
- ru: Бьёрклунд, Элен – https://ru.wikipedia.org/wiki/%D0%91%D1%8C%D1%91%D1%80%D0%BA%D0%BB%D1%83%D0%BD%D0%B4,_%D0%AD%D0%BB%D0%B5%D0%BD
- simple: Heléne Björklund – https://simple.wikipedia.org/wiki/Hel%C3%A9ne_Bj%C3%B6rklund
- uk: Хелен Б'єрклунд – https://uk.wikipedia.org/wiki/%D0%A5%D0%B5%D0%BB%D0%B5%D0%BD_%D0%91%27%D1%94%D1%80%D0%BA%D0%BB%D1%83%D0%BD%D0%B4

Det kräver att fotografen eller den som äger rättigheterna godkänner licensen. Fotografen anges vid användning, och bilden får återanvändas och bearbetas, även i kommersiella sammanhang.

Digg och PRV rekommenderar öppna licenser för offentlig information, som ett komplement till EU öppna data-direktiv från 2019 (https://eur-lex.europa.eu/legal-content/SV/TXT/?uri=CELEX%3A32019L1024). Riksdagens nuvarande bildvillkor anger däremot ingen sådan tydlig fri licens för ledamöternas porträtt trots begäran om det.

En bild från dig vore ett konkret steg framåt. Jag hjälper gärna till med uppladdningen och uppgifter om fotograf och licens.
Du får också gärna lyfta frågan inom riksdagen: varför inte publicera ledamöternas porträtt som ett samlat dataset med tydliga fria licenser?
Hjälp oss att komma vidare och göra våra folkvalda lättare att presentera på Wikipedia.

Vänliga hälsningar,
<ange ditt namn>",ja,ej_aktuell,,,finns,2026-10-08T18:55:43Z,Heléne Björklund,Blekinge län,True,"sv: https://sv.wikipedia.org/wiki/Hel%C3%A9ne_Bj%C3%B6rklund; en: https://en.wikipedia.org/wiki/Hel%C3%A9ne_Bj%C3%B6rklund; be: https://be.wikipedia.org/wiki/%D0%AD%D0%BB%D0%B5%D0%BD_%D0%91%E2%80%99%D1%91%D1%80%D0%BA%D0%BB%D1%83%D0%BD%D0%B4; be-tarask: https://be-tarask.wikipedia.org/wiki/%D0%93%D1%8D%D0%BB%D0%B5%D0%BD_%D0%91%E2%80%99%D1%91%D1%80%D0%BA%D0%BB%D1%8E%D0%BD%D0%B4; de: https://de.wikipedia.org/wiki/Hel%C3%A9ne_Bj%C3%B6rklund; it: https://it.wikipedia.org/wiki/Hel%C3%A9ne_Bj%C3%B6rklund; ru: https://ru.wikipedia.org/wiki/%D0%91%D1%8C%D1%91%D1%80%D0%BA%D0%BB%D1%83%D0%BD%D0%B4,_%D0%AD%D0%BB%D0%B5%D0%BD; simple: https://simple.wikipedia.org/wiki/Hel%C3%A9ne_Bj%C3%B6rklund; uk: https://uk.wikipedia.org/wiki/%D0%A5%D0%B5%D0%BB%D0%B5%D0%BD_%D0%91%27%D1%94%D1%80%D0%BA%D0%BB%D1%83%D0%BD%D0%B4",CC BY-SA 4.0,Los Perros pueden Cocinar,https://commons.wikimedia.org/wiki/File:Hel%C3%A9ne_Bj%C3%B6rklund_-_Riksdag.jpg
Ida Karkiainen,S,Norrbottens län,Tjänstgörande riksdagsledamot,1988,7891a68a-bcbd-43a3-bd8b-90bdbb040f45,0509830681123,Q18451082,Har bild (P18),http://commons.wikimedia.org/wiki/Special:FilePath/Andersson%20Cabinet%2C%20nov%2030%2C%202021%20%28cropped%29.jpg,,https://data.riksdagen.se/filarkiv/bilder/ledamot/7891a68a-bcbd-43a3-bd8b-90bdbb040f45_192.jpg,ida.karkiainen@riksdagen.se,Porträttbild till Wikipedia under fri licens,"Hej Ida Karkiainen,

Jag bidrar till Wikipedia och vill gärna att artikeln om dig ska kunna illustreras med en aktuell porträttbild. Skulle du kunna hjälpa oss genom att ladda upp en bild till Wikimedia Commons under en fri licens, exempelvis CC BY 4.0?

Här finns Wikipedia-artiklarna om dig:
- sv: Ida Karkiainen – https://sv.wikipedia.org/wiki/Ida_Karkiainen
- en: Ida Karkiainen – https://en.wikipedia.org/wiki/Ida_Karkiainen
- arz: ايدا كاركياينين – https://arz.wikipedia.org/wiki/%D8%A7%D9%8A%D8%AF%D8%A7_%D9%83%D8%A7%D8%B1%D9%83%D9%8A%D8%A7%D9%8A%D9%86%D9%8A%D9%86
- et: Ida Karkiainen – https://et.wikipedia.org/wiki/Ida_Karkiainen
- fi: Ida Karkiainen – https://fi.wikipedia.org/wiki/Ida_Karkiainen
- fr: Ida Karkiainen – https://fr.wikipedia.org/wiki/Ida_Karkiainen
- pl: Ida Karkiainen – https://pl.wikipedia.org/wiki/Ida_Karkiainen
- ru: Каркиайнен, Ида – https://ru.wikipedia.org/wiki/%D0%9A%D0%B0%D1%80%D0%BA%D0%B8%D0%B0%D0%B9%D0%BD%D0%B5%D0%BD,_%D0%98%D0%B4%D0%B0
- ur: ایڈا کارکیائینن – https://ur.wikipedia.org/wiki/%D8%A7%DB%8C%DA%88%D8%A7_%DA%A9%D8%A7%D8%B1%DA%A9%DB%8C%D8%A7%D8%A6%DB%8C%D9%86%D9%86

Det kräver att fotografen eller den som äger rättigheterna godkänner licensen. Fotografen anges vid användning, och bilden får återanvändas och bearbetas, även i kommersiella sammanhang.

Digg och PRV rekommenderar öppna licenser för offentlig information, som ett komplement till EU öppna data-direktiv från 2019 (https://eur-lex.europa.eu/legal-content/SV/TXT/?uri=CELEX%3A32019L1024). Riksdagens nuvarande bildvillkor anger däremot ingen sådan tydlig fri licens för ledamöternas porträtt trots begäran om det.

En bild från dig vore ett konkret steg framåt. Jag hjälper gärna till med uppladdningen och uppgifter om fotograf och licens.
Du får också gärna lyfta frågan inom riksdagen: varför inte publicera ledamöternas porträtt som ett samlat dataset med tydliga fria licenser?
Hjälp oss att komma vidare och göra våra folkvalda lättare att presentera på Wikipedia.

Vänliga hälsningar,
<ange ditt namn>",ja,ej_aktuell,,,finns,2026-10-08T18:55:43Z,Ida Karkiainen,Norrbottens län,True,"sv: https://sv.wikipedia.org/wiki/Ida_Karkiainen; en: https://en.wikipedia.org/wiki/Ida_Karkiainen; arz: https://arz.wikipedia.org/wiki/%D8%A7%D9%8A%D8%AF%D8%A7_%D9%83%D8%A7%D8%B1%D9%83%D9%8A%D8%A7%D9%8A%D9%86%D9%8A%D9%86; et: https://et.wikipedia.org/wiki/Ida_Karkiainen; fi: https://fi.wikipedia.org/wiki/Ida_Karkiainen; fr: https://fr.wikipedia.org/wiki/Ida_Karkiainen; pl: https://pl.wikipedia.org/wiki/Ida_Karkiainen; ru: https://ru.wikipedia.org/wiki/%D0%9A%D0%B0%D1%80%D0%BA%D0%B8%D0%B0%D0%B9%D0%BD%D0%B5%D0%BD,_%D0%98%D0%B4%D0%B0; ur: https://ur.wikipedia.org/wiki/%D8%A7%DB%8C%DA%88%D8%A7_%DA%A9%D8%A7%D8%B1%DA%A9%DB%8C%D8%A7%D8%A6%DB%8C%D9%86%D9%86",CC BY-SA 4.0,Frankie Fouganthin,"https://commons.wikimedia.org/wiki/File:Andersson_Cabinet,_nov_30,_2021_(cropped).jpg"
Ilan De Basso,S,Jönköpings län,Tjänstgörande riksdagsledamot,1969,2a0595a4-c4ef-470e-887f-d127e283721b,0742703244417,Q16160202,Har bild (P18),http://commons.wikimedia.org/wiki/Special:FilePath/Member%20of%20European%20Parliament%20Ilan%20de%20Basso.jpg,,https://data.riksdagen.se/filarkiv/bilder/ledamot/2a0595a4-c4ef-470e-887f-d127e283721b_192.jpg,ilan.de.basso@riksdagen.se,Porträttbild till Wikipedia under fri licens,"Hej Ilan De Basso,

Jag bidrar till Wikipedia och vill gärna att artikeln om dig ska kunna illustreras med en aktuell porträttbild. Skulle du kunna hjälpa oss genom att ladda upp en bild till Wikimedia Commons under en fri licens, exempelvis CC BY 4.0?

Här finns Wikipedia-artiklarna om dig:
- sv: Ilan De Basso – https://sv.wikipedia.org/wiki/Ilan_De_Basso
- en: Ilan de Basso – https://en.wikipedia.org/wiki/Ilan_de_Basso
- arz: ايلان دى باسو – https://arz.wikipedia.org/wiki/%D8%A7%D9%8A%D9%84%D8%A7%D9%86_%D8%AF%D9%89_%D8%A8%D8%A7%D8%B3%D9%88
- de: Ilan de Basso – https://de.wikipedia.org/wiki/Ilan_de_Basso
- fi: Ilan de Basso – https://fi.wikipedia.org/wiki/Ilan_de_Basso
- fr: Ilan De Basso – https://fr.wikipedia.org/wiki/Ilan_De_Basso
- pl: Ilan De Basso – https://pl.wikipedia.org/wiki/Ilan_De_Basso
- pt: Ilan de Basso – https://pt.wikipedia.org/wiki/Ilan_de_Basso

Det kräver att fotografen eller den som äger rättigheterna godkänner licensen. Fotografen anges vid användning, och bilden får återanvändas och bearbetas, även i kommersiella sammanhang.

Digg och PRV rekommenderar öppna licenser för offentlig information, som ett komplement till EU öppna data-direktiv från 2019 (https://eur-lex.europa.eu/legal-content/SV/TXT/?uri=CELEX%3A32019L1024). Riksdagens nuvarande bildvillkor anger däremot ingen sådan tydlig fri licens för ledamöternas porträtt trots begäran om det.

En bild från dig vore ett konkret steg framåt. Jag hjälper gärna till med uppladdningen och uppgifter om fotograf och licens.
Du får också gärna lyfta frågan inom riksdagen: varför inte publicera ledamöternas porträtt som ett samlat dataset med tydliga fria licenser?
Hjälp oss att komma vidare och göra våra folkvalda lättare att presentera på Wikipedia.

Vänliga hälsningar,
<ange ditt namn>",ja,ej_aktuell,,,finns,2026-10-08T18:55:43Z,Ilan De Basso,Jönköpings län,True,sv: https://sv.wikipedia.org/wiki/Ilan_De_Basso; en: https://en.wikipedia.org/wiki/Ilan_de_Basso; arz: https://arz.wikipedia.org/wiki/%D8%A7%D9%8A%D9%84%D8%A7%D9%86_%D8%AF%D9%89_%D8%A8%D8%A7%D8%B3%D9%88; de: https://de.wikipedia.org/wiki/Ilan_de_Basso; fi: https://fi.wikipedia.org/wiki/Ilan_de_Basso; fr: https://fr.wikipedia.org/wiki/Ilan_De_Basso; pl: https://pl.wikipedia.org/wiki/Ilan_De_Basso; pt: https://pt.wikipedia.org/wiki/Ilan_de_Basso,European Parliament,"© European Union, 1998 – 2026",https://commons.wikimedia.org/wiki/File:Member_of_European_Parliament_Ilan_de_Basso.jpg
Ingrid Andreae,S,Göteborgs kommun,Tjänstgörande riksdagsledamot,1961,7a858e5e-548d-4a1e-9c2b-0b243e84c053,0933340739714,Q141527458,Saknar bild (P18),,,https://data.riksdagen.se/filarkiv/bilder/ledamot/7a858e5e-548d-4a1e-9c2b-0b243e84c053_192.jpg,ingrid.andreae@riksdagen.se,Porträttbild till Wikipedia under fri licens,"Hej Ingrid Andreae,

Jag bidrar till Wikipedia och vill gärna att artikeln om dig ska kunna illustreras med en aktuell porträttbild. Skulle du kunna hjälpa oss genom att ladda upp en bild till Wikimedia Commons under en fri licens, exempelvis CC BY 4.0?

Det kräver att fotografen eller den som äger rättigheterna godkänner licensen. Fotografen anges vid användning, och bilden får återanvändas och bearbetas, även i kommersiella sammanhang.

Digg och PRV rekommenderar öppna licenser för offentlig information, som ett komplement till EU öppna data-direktiv från 2019 (https://eur-lex.europa.eu/legal-content/SV/TXT/?uri=CELEX%3A32019L1024). Riksdagens nuvarande bildvillkor anger däremot ingen sådan tydlig fri licens för ledamöternas porträtt trots begäran om det.

En bild från dig vore ett konkret steg framåt. Jag hjälper gärna till med uppladdningen och uppgifter om fotograf och licens.
Du får också gärna lyfta frågan inom riksdagen: varför inte publicera ledamöternas porträtt som ett samlat dataset med tydliga fria licenser?
Hjälp oss att komma vidare och göra våra folkvalda lättare att presentera på Wikipedia.

Vänliga hälsningar,
<ange ditt namn>",nej,ej_aktuell,,,ej_aktuell,,,Västra Götalands län,False,,,,
Isak From,S,Västerbottens län,Tjänstgörande riksdagsledamot,1967,cebc9890-55f1-41ff-acc7-af2de3e4320e,0506482805418,Q5745541,Har bild (P18),http://commons.wikimedia.org/wiki/Special:FilePath/Lars%20Isak%20Anders%20From%202021.jpg,,https://data.riksdagen.se/filarkiv/bilder/ledamot/cebc9890-55f1-41ff-acc7-af2de3e4320e_192.jpg,isak.from@riksdagen.se,Porträttbild till Wikipedia under fri licens,"Hej Isak From,

Jag bidrar till Wikipedia och vill gärna att artikeln om dig ska kunna illustreras med en aktuell porträttbild. Skulle du kunna hjälpa oss genom att ladda upp en bild till Wikimedia Commons under en fri licens, exempelvis CC BY 4.0?

Här finns Wikipedia-artiklarna om dig:
- sv: Isak From – https://sv.wikipedia.org/wiki/Isak_From
- en: Isak From – https://en.wikipedia.org/wiki/Isak_From
- arz: ايساك فروم – https://arz.wikipedia.org/wiki/%D8%A7%D9%8A%D8%B3%D8%A7%D9%83_%D9%81%D8%B1%D9%88%D9%85
- no: Isak From – https://no.wikipedia.org/wiki/Isak_From

Det kräver att fotografen eller den som äger rättigheterna godkänner licensen. Fotografen anges vid användning, och bilden får återanvändas och bearbetas, även i kommersiella sammanhang.

Digg och PRV rekommenderar öppna licenser för offentlig information, som ett komplement till EU öppna data-direktiv från 2019 (https://eur-lex.europa.eu/legal-content/SV/TXT/?uri=CELEX%3A32019L1024). Riksdagens nuvarande bildvillkor anger däremot ingen sådan tydlig fri licens för ledamöternas porträtt trots begäran om det.

En bild från dig vore ett konkret steg framåt. Jag hjälper gärna till med uppladdningen och uppgifter om fotograf och licens.
Du får också gärna lyfta frågan inom riksdagen: varför inte publicera ledamöternas porträtt som ett samlat dataset med tydliga fria licenser?
Hjälp oss att komma vidare och göra våra folkvalda lättare att presentera på Wikipedia.

Vänliga hälsningar,
<ange ditt namn>",ja,ej_aktuell,,,finns,2026-10-08T18:55:43Z,Isak From,Västerbottens län,True,sv: https://sv.wikipedia.org/wiki/Isak_From; en: https://en.wikipedia.org/wiki/Isak_From; arz: https://arz.wikipedia.org/wiki/%D8%A7%D9%8A%D8%B3%D8%A7%D9%83_%D9%81%D8%B1%D9%88%D9%85; no: https://no.wikipedia.org/wiki/Isak_From,CC BY-SA 4.0,Norsjoisak,https://commons.wikimedia.org/wiki/File:Lars_Isak_Anders_From_2021.jpg
Jennie Nilsson,S,Hallands län,Tjänstgörande riksdagsledamot,1972,4c6f215d-de3a-452d-83b5-f472b8668b7e,0339894357417,Q4563096,Har bild (P18),http://commons.wikimedia.org/wiki/Special:FilePath/Socialdemokrat.Jennie%20Nilsson%201c301%205872.jpg,,https://data.riksdagen.se/filarkiv/bilder/ledamot/4c6f215d-de3a-452d-83b5-f472b8668b7e_192.jpg,jennie.nilsson@riksdagen.se,Porträttbild till Wikipedia under fri licens,"Hej Jennie Nilsson,

Jag bidrar till Wikipedia och vill gärna att artikeln om dig ska kunna illustreras med en aktuell porträttbild. Skulle du kunna hjälpa oss genom att ladda upp en bild till Wikimedia Commons under en fri licens, exempelvis CC BY 4.0?

Här finns Wikipedia-artiklarna om dig:
- sv: Jennie Nilsson – https://sv.wikipedia.org/wiki/Jennie_Nilsson
- en: Jennie Nilsson – https://en.wikipedia.org/wiki/Jennie_Nilsson
- arz: چينى نيلسون – https://arz.wikipedia.org/wiki/%DA%86%D9%8A%D9%86%D9%89_%D9%86%D9%8A%D9%84%D8%B3%D9%88%D9%86
- de: Jennie Nilsson – https://de.wikipedia.org/wiki/Jennie_Nilsson
- fi: Jennie Nilsson – https://fi.wikipedia.org/wiki/Jennie_Nilsson
- fr: Jennie Nilsson – https://fr.wikipedia.org/wiki/Jennie_Nilsson
- id: Jennie Nilsson – https://id.wikipedia.org/wiki/Jennie_Nilsson
- no: Jennie Nilsson – https://no.wikipedia.org/wiki/Jennie_Nilsson
- pl: Jennie Nilsson – https://pl.wikipedia.org/wiki/Jennie_Nilsson
- ru: Нильссон, Йенни – https://ru.wikipedia.org/wiki/%D0%9D%D0%B8%D0%BB%D1%8C%D1%81%D1%81%D0%BE%D0%BD,_%D0%99%D0%B5%D0%BD%D0%BD%D0%B8
- tr: Jennie Nilsson – https://tr.wikipedia.org/wiki/Jennie_Nilsson
- uk: Дженні Нілссон – https://uk.wikipedia.org/wiki/%D0%94%D0%B6%D0%B5%D0%BD%D0%BD%D1%96_%D0%9D%D1%96%D0%BB%D1%81%D1%81%D0%BE%D0%BD

Det kräver att fotografen eller den som äger rättigheterna godkänner licensen. Fotografen anges vid användning, och bilden får återanvändas och bearbetas, även i kommersiella sammanhang.

Digg och PRV rekommenderar öppna licenser för offentlig information, som ett komplement till EU öppna data-direktiv från 2019 (https://eur-lex.europa.eu/legal-content/SV/TXT/?uri=CELEX%3A32019L1024). Riksdagens nuvarande bildvillkor anger däremot ingen sådan tydlig fri licens för ledamöternas porträtt trots begäran om det.

En bild från dig vore ett konkret steg framåt. Jag hjälper gärna till med uppladdningen och uppgifter om fotograf och licens.
Du får också gärna lyfta frågan inom riksdagen: varför inte publicera ledamöternas porträtt som ett samlat dataset med tydliga fria licenser?
Hjälp oss att komma vidare och göra våra folkvalda lättare att presentera på Wikipedia.

Vänliga hälsningar,
<ange ditt namn>",ja,ej_aktuell,,,finns,2026-10-08T18:55:43Z,Jennie Nilsson,Hallands län,True,"sv: https://sv.wikipedia.org/wiki/Jennie_Nilsson; en: https://en.wikipedia.org/wiki/Jennie_Nilsson; arz: https://arz.wikipedia.org/wiki/%DA%86%D9%8A%D9%86%D9%89_%D9%86%D9%8A%D9%84%D8%B3%D9%88%D9%86; de: https://de.wikipedia.org/wiki/Jennie_Nilsson; fi: https://fi.wikipedia.org/wiki/Jennie_Nilsson; fr: https://fr.wikipedia.org/wiki/Jennie_Nilsson; id: https://id.wikipedia.org/wiki/Jennie_Nilsson; no: https://no.wikipedia.org/wiki/Jennie_Nilsson; pl: https://pl.wikipedia.org/wiki/Jennie_Nilsson; ru: https://ru.wikipedia.org/wiki/%D0%9D%D0%B8%D0%BB%D1%8C%D1%81%D1%81%D0%BE%D0%BD,_%D0%99%D0%B5%D0%BD%D0%BD%D0%B8; tr: https://tr.wikipedia.org/wiki/Jennie_Nilsson; uk: https://uk.wikipedia.org/wiki/%D0%94%D0%B6%D0%B5%D0%BD%D0%BD%D1%96_%D0%9D%D1%96%D0%BB%D1%81%D1%81%D0%BE%D0%BD",CC BY-SA 3.0,Janwikifoto,https://commons.wikimedia.org/wiki/File:Socialdemokrat.Jennie_Nilsson_1c301_5872.jpg
Jessica Rodén,S,Västra Götalands läns södra,Tjänstgörande riksdagsledamot,1976,86ae6051-9a2a-46a7-8a37-730918cdc428,0855286184126,Q106862781,Saknar bild (P18),,,https://data.riksdagen.se/filarkiv/bilder/ledamot/86ae6051-9a2a-46a7-8a37-730918cdc428_192.jpg,jessica.roden@riksdagen.se,Porträttbild till Wikipedia under fri licens,"Hej Jessica Rodén,

Jag bidrar till Wikipedia och vill gärna att artikeln om dig ska kunna illustreras med en aktuell porträttbild. Skulle du kunna hjälpa oss genom att ladda upp en bild till Wikimedia Commons under en fri licens, exempelvis CC BY 4.0?

Här finns Wikipedia-artiklarna om dig:
- sv: Jessica Rodén – https://sv.wikipedia.org/wiki/Jessica_Rod%C3%A9n
- en: Jessica Rodén – https://en.wikipedia.org/wiki/Jessica_Rod%C3%A9n

Det kräver att fotografen eller den som äger rättigheterna godkänner licensen. Fotografen anges vid användning, och bilden får återanvändas och bearbetas, även i kommersiella sammanhang.

Digg och PRV rekommenderar öppna licenser för offentlig information, som ett komplement till EU öppna data-direktiv från 2019 (https://eur-lex.europa.eu/legal-content/SV/TXT/?uri=CELEX%3A32019L1024). Riksdagens nuvarande bildvillkor anger däremot ingen sådan tydlig fri licens för ledamöternas porträtt trots begäran om det.

En bild från dig vore ett konkret steg framåt. Jag hjälper gärna till med uppladdningen och uppgifter om fotograf och licens.
Du får också gärna lyfta frågan inom riksdagen: varför inte publicera ledamöternas porträtt som ett samlat dataset med tydliga fria licenser?
Hjälp oss att komma vidare och göra våra folkvalda lättare att presentera på Wikipedia.

Vänliga hälsningar,
<ange ditt namn>",ja,finns,2026-10-08T18:55:41Z,Jessica Rodén,finns,2026-10-08T18:55:43Z,Jessica Rodén,Västra Götalands län,False,sv: https://sv.wikipedia.org/wiki/Jessica_Rod%C3%A9n; en: https://en.wikipedia.org/wiki/Jessica_Rod%C3%A9n,,,
Jimmy Jansson,S,Södermanlands län,Tjänstgörande riksdagsledamot,1978,c41c2f12-8dd7-4cf3-9b73-431c0056fd1e,0805196085522,Q24018770,Saknar bild (P18),,,https://data.riksdagen.se/filarkiv/bilder/ledamot/c41c2f12-8dd7-4cf3-9b73-431c0056fd1e_192.jpg,jimmy.jansson@riksdagen.se,Porträttbild till Wikipedia under fri licens,"Hej Jimmy Jansson,

Jag bidrar till Wikipedia och vill gärna att artikeln om dig ska kunna illustreras med en aktuell porträttbild. Skulle du kunna hjälpa oss genom att ladda upp en bild till Wikimedia Commons under en fri licens, exempelvis CC BY 4.0?

Här finns Wikipedia-artiklarna om dig:
- sv: Jimmy Jansson (politiker) – https://sv.wikipedia.org/wiki/Jimmy_Jansson_(politiker)

Det kräver att fotografen eller den som äger rättigheterna godkänner licensen. Fotografen anges vid användning, och bilden får återanvändas och bearbetas, även i kommersiella sammanhang.

Digg och PRV rekommenderar öppna licenser för offentlig information, som ett komplement till EU öppna data-direktiv från 2019 (https://eur-lex.europa.eu/legal-content/SV/TXT/?uri=CELEX%3A32019L1024). Riksdagens nuvarande bildvillkor anger däremot ingen sådan tydlig fri licens för ledamöternas porträtt trots begäran om det.

En bild från dig vore ett konkret steg framåt. Jag hjälper gärna till med uppladdningen och uppgifter om fotograf och licens.
Du får också gärna lyfta frågan inom riksdagen: varför inte publicera ledamöternas porträtt som ett samlat dataset med tydliga fria licenser?
Hjälp oss att komma vidare och göra våra folkvalda lättare att presentera på Wikipedia.

Vänliga hälsningar,
<ange ditt namn>",ja,finns,2026-10-08T18:55:41Z,Jimmy Jansson (politiker),finns,2026-10-08T18:55:43Z,Jimmy Jansson (politiker),Södermanlands län,False,sv: https://sv.wikipedia.org/wiki/Jimmy_Jansson_(politiker),,,
Joakim Järrebring,S,Västra Götalands läns västra,Tjänstgörande riksdagsledamot,1976,a6a8678d-8fe2-414c-9dc4-da76ad161d23,0737666060225,Q57297792,Har bild (P18),http://commons.wikimedia.org/wiki/Special:FilePath/Joakim%20J%C3%A4rrebring%20smiling.jpg,,https://data.riksdagen.se/filarkiv/bilder/ledamot/a6a8678d-8fe2-414c-9dc4-da76ad161d23_192.jpg,joakim.jarrebring@riksdagen.se,Porträttbild till Wikipedia under fri licens,"Hej Joakim Järrebring,

Jag bidrar till Wikipedia och vill gärna att artikeln om dig ska kunna illustreras med en aktuell porträttbild. Skulle du kunna hjälpa oss genom att ladda upp en bild till Wikimedia Commons under en fri licens, exempelvis CC BY 4.0?

Här finns Wikipedia-artiklarna om dig:
- sv: Joakim Järrebring – https://sv.wikipedia.org/wiki/Joakim_J%C3%A4rrebring
- en: Joakim Järrebring – https://en.wikipedia.org/wiki/Joakim_J%C3%A4rrebring
- pt: Joakim Järrebring – https://pt.wikipedia.org/wiki/Joakim_J%C3%A4rrebring

Det kräver att fotografen eller den som äger rättigheterna godkänner licensen. Fotografen anges vid användning, och bilden får återanvändas och bearbetas, även i kommersiella sammanhang.

Digg och PRV rekommenderar öppna licenser för offentlig information, som ett komplement till EU öppna data-direktiv från 2019 (https://eur-lex.europa.eu/legal-content/SV/TXT/?uri=CELEX%3A32019L1024). Riksdagens nuvarande bildvillkor anger däremot ingen sådan tydlig fri licens för ledamöternas porträtt trots begäran om det.

En bild från dig vore ett konkret steg framåt. Jag hjälper gärna till med uppladdningen och uppgifter om fotograf och licens.
Du får också gärna lyfta frågan inom riksdagen: varför inte publicera ledamöternas porträtt som ett samlat dataset med tydliga fria licenser?
Hjälp oss att komma vidare och göra våra folkvalda lättare att presentera på Wikipedia.

Vänliga hälsningar,
<ange ditt namn>",ja,ej_aktuell,,,finns,2026-10-08T18:55:43Z,Joakim Järrebring,Västra Götalands län,True,sv: https://sv.wikipedia.org/wiki/Joakim_J%C3%A4rrebring; en: https://en.wikipedia.org/wiki/Joakim_J%C3%A4rrebring; pt: https://pt.wikipedia.org/wiki/Joakim_J%C3%A4rrebring,CC BY-SA 4.0,Nathalie Beser,https://commons.wikimedia.org/wiki/File:Joakim_J%C3%A4rrebring_smiling.jpg
Joakim Sandell,S,Malmö kommun,Tjänstgörande riksdagsledamot,1975,4a486ea1-d97c-4393-9ada-2639140cfd46,0376395541120,Q56706633,Har bild (P18),http://commons.wikimedia.org/wiki/Special:FilePath/Joakim%20Sandell%202021.jpg,,https://data.riksdagen.se/filarkiv/bilder/ledamot/4a486ea1-d97c-4393-9ada-2639140cfd46_192.jpg,joakim.sandell@riksdagen.se,Porträttbild till Wikipedia under fri licens,"Hej Joakim Sandell,

Jag bidrar till Wikipedia och vill gärna att artikeln om dig ska kunna illustreras med en aktuell porträttbild. Skulle du kunna hjälpa oss genom att ladda upp en bild till Wikimedia Commons under en fri licens, exempelvis CC BY 4.0?

Här finns Wikipedia-artiklarna om dig:
- sv: Joakim Sandell – https://sv.wikipedia.org/wiki/Joakim_Sandell
- en: Joakim Sandell – https://en.wikipedia.org/wiki/Joakim_Sandell

Det kräver att fotografen eller den som äger rättigheterna godkänner licensen. Fotografen anges vid användning, och bilden får återanvändas och bearbetas, även i kommersiella sammanhang.

Digg och PRV rekommenderar öppna licenser för offentlig information, som ett komplement till EU öppna data-direktiv från 2019 (https://eur-lex.europa.eu/legal-content/SV/TXT/?uri=CELEX%3A32019L1024). Riksdagens nuvarande bildvillkor anger däremot ingen sådan tydlig fri licens för ledamöternas porträtt trots begäran om det.

En bild från dig vore ett konkret steg framåt. Jag hjälper gärna till med uppladdningen och uppgifter om fotograf och licens.
Du får också gärna lyfta frågan inom riksdagen: varför inte publicera ledamöternas porträtt som ett samlat dataset med tydliga fria licenser?
Hjälp oss att komma vidare och göra våra folkvalda lättare att presentera på Wikipedia.

Vänliga hälsningar,
<ange ditt namn>",ja,ej_aktuell,,,finns,2026-10-08T18:55:43Z,Joakim Sandell,Skåne län,True,sv: https://sv.wikipedia.org/wiki/Joakim_Sandell; en: https://en.wikipedia.org/wiki/Joakim_Sandell,CC BY-SA 4.0,Agj1998,https://commons.wikimedia.org/wiki/File:Joakim_Sandell_2021.jpg
Johan Andersson,S,Östergötlands län,Tjänstgörande riksdagsledamot,1961,fff74c6c-fae3-4977-a472-cfe2b6ae257a,0964730940415,Q5554920,Har bild (P18),http://commons.wikimedia.org/wiki/Special:FilePath/Johan%20Anderssosn.jpg,,https://data.riksdagen.se/filarkiv/bilder/ledamot/fff74c6c-fae3-4977-a472-cfe2b6ae257a_192.jpg,johan.andersson@riksdagen.se,Porträttbild till Wikipedia under fri licens,"Hej Johan Andersson,

Jag bidrar till Wikipedia och vill gärna att artikeln om dig ska kunna illustreras med en aktuell porträttbild. Skulle du kunna hjälpa oss genom att ladda upp en bild till Wikimedia Commons under en fri licens, exempelvis CC BY 4.0?

Här finns Wikipedia-artiklarna om dig:
- sv: Johan Andersson (socialdemokrat född 1961) – https://sv.wikipedia.org/wiki/Johan_Andersson_(socialdemokrat_f%C3%B6dd_1961)
- en: Johan Andersson (politician) – https://en.wikipedia.org/wiki/Johan_Andersson_(politician)
- arz: چوهان انديرسون – https://arz.wikipedia.org/wiki/%DA%86%D9%88%D9%87%D8%A7%D9%86_%D8%A7%D9%86%D8%AF%D9%8A%D8%B1%D8%B3%D9%88%D9%86
- no: Johan Andersson (født 1961) – https://no.wikipedia.org/wiki/Johan_Andersson_(f%C3%B8dt_1961)

Det kräver att fotografen eller den som äger rättigheterna godkänner licensen. Fotografen anges vid användning, och bilden får återanvändas och bearbetas, även i kommersiella sammanhang.

Digg och PRV rekommenderar öppna licenser för offentlig information, som ett komplement till EU öppna data-direktiv från 2019 (https://eur-lex.europa.eu/legal-content/SV/TXT/?uri=CELEX%3A32019L1024). Riksdagens nuvarande bildvillkor anger däremot ingen sådan tydlig fri licens för ledamöternas porträtt trots begäran om det.

En bild från dig vore ett konkret steg framåt. Jag hjälper gärna till med uppladdningen och uppgifter om fotograf och licens.
Du får också gärna lyfta frågan inom riksdagen: varför inte publicera ledamöternas porträtt som ett samlat dataset med tydliga fria licenser?
Hjälp oss att komma vidare och göra våra folkvalda lättare att presentera på Wikipedia.

Vänliga hälsningar,
<ange ditt namn>",ja,ej_aktuell,,,finns,2026-10-08T18:55:43Z,Johan Andersson (socialdemokrat född 1961),Östergötlands län,True,sv: https://sv.wikipedia.org/wiki/Johan_Andersson_(socialdemokrat_f%C3%B6dd_1961); en: https://en.wikipedia.org/wiki/Johan_Andersson_(politician); arz: https://arz.wikipedia.org/wiki/%DA%86%D9%88%D9%87%D8%A7%D9%86_%D8%A7%D9%86%D8%AF%D9%8A%D8%B1%D8%B3%D9%88%D9%86; no: https://no.wikipedia.org/wiki/Johan_Andersson_(f%C3%B8dt_1961),CC BY-SA 4.0,Andreas Ericsson / Socialdemokratiska arbetarepartiet,https://commons.wikimedia.org/wiki/File:Johan_Anderssosn.jpg
Johan Büser,S,Göteborgs kommun,Tjänstgörande riksdagsledamot,1983,90110ece-022e-4e0f-bb4e-f5102900fa9a,0877778793323,Q20095387,Har bild (P18),http://commons.wikimedia.org/wiki/Special:FilePath/Johan%20Buser%202022.jpg,,https://data.riksdagen.se/filarkiv/bilder/ledamot/90110ece-022e-4e0f-bb4e-f5102900fa9a_192.jpg,johan.buser@riksdagen.se,Porträttbild till Wikipedia under fri licens,"Hej Johan Büser,

Jag bidrar till Wikipedia och vill gärna att artikeln om dig ska kunna illustreras med en aktuell porträttbild. Skulle du kunna hjälpa oss genom att ladda upp en bild till Wikimedia Commons under en fri licens, exempelvis CC BY 4.0?

Här finns Wikipedia-artiklarna om dig:
- sv: Johan Büser – https://sv.wikipedia.org/wiki/Johan_B%C3%BCser
- en: Johan Büser – https://en.wikipedia.org/wiki/Johan_B%C3%BCser
- arz: چوهان بوسير – https://arz.wikipedia.org/wiki/%DA%86%D9%88%D9%87%D8%A7%D9%86_%D8%A8%D9%88%D8%B3%D9%8A%D8%B1

Det kräver att fotografen eller den som äger rättigheterna godkänner licensen. Fotografen anges vid användning, och bilden får återanvändas och bearbetas, även i kommersiella sammanhang.

Digg och PRV rekommenderar öppna licenser för offentlig information, som ett komplement till EU öppna data-direktiv från 2019 (https://eur-lex.europa.eu/legal-content/SV/TXT/?uri=CELEX%3A32019L1024). Riksdagens nuvarande bildvillkor anger däremot ingen sådan tydlig fri licens för ledamöternas porträtt trots begäran om det.

En bild från dig vore ett konkret steg framåt. Jag hjälper gärna till med uppladdningen och uppgifter om fotograf och licens.
Du får också gärna lyfta frågan inom riksdagen: varför inte publicera ledamöternas porträtt som ett samlat dataset med tydliga fria licenser?
Hjälp oss att komma vidare och göra våra folkvalda lättare att presentera på Wikipedia.

Vänliga hälsningar,
<ange ditt namn>",ja,ej_aktuell,,,finns,2026-10-08T18:55:43Z,Johan Büser,Västra Götalands län,True,sv: https://sv.wikipedia.org/wiki/Johan_B%C3%BCser; en: https://en.wikipedia.org/wiki/Johan_B%C3%BCser; arz: https://arz.wikipedia.org/wiki/%DA%86%D9%88%D9%87%D8%A7%D9%86_%D8%A8%D9%88%D8%B3%D9%8A%D8%B1,CC BY-SA 4.0,Andreas Ericsson / Socialdemokratiska arbetarepartiet,https://commons.wikimedia.org/wiki/File:Johan_Buser_2022.jpg
Johanna Haraldsson,S,Jönköpings län,Förste vice talman (tjänstgörande riksdagsledamot),1980,a1d94b24-2d7f-4d84-99fb-ca161ba77f78,0652497579621,Q18202412,Har bild (P18),http://commons.wikimedia.org/wiki/Special:FilePath/Johanna%20Haraldsson%20i%20riksdagen..jpg,,https://data.riksdagen.se/filarkiv/bilder/ledamot/a1d94b24-2d7f-4d84-99fb-ca161ba77f78_192.jpg,johanna.haraldsson@riksdagen.se,Porträttbild till Wikipedia under fri licens,"Hej Johanna Haraldsson,

Jag bidrar till Wikipedia och vill gärna att artikeln om dig ska kunna illustreras med en aktuell porträttbild. Skulle du kunna hjälpa oss genom att ladda upp en bild till Wikimedia Commons under en fri licens, exempelvis CC BY 4.0?

Här finns Wikipedia-artiklarna om dig:
- sv: Johanna Haraldsson – https://sv.wikipedia.org/wiki/Johanna_Haraldsson
- en: Johanna Haraldsson – https://en.wikipedia.org/wiki/Johanna_Haraldsson
- arz: چوهانا هارالدسون – https://arz.wikipedia.org/wiki/%DA%86%D9%88%D9%87%D8%A7%D9%86%D8%A7_%D9%87%D8%A7%D8%B1%D8%A7%D9%84%D8%AF%D8%B3%D9%88%D9%86
- ru: Харальдссон, Юханна – https://ru.wikipedia.org/wiki/%D0%A5%D0%B0%D1%80%D0%B0%D0%BB%D1%8C%D0%B4%D1%81%D1%81%D0%BE%D0%BD,_%D0%AE%D1%85%D0%B0%D0%BD%D0%BD%D0%B0

Det kräver att fotografen eller den som äger rättigheterna godkänner licensen. Fotografen anges vid användning, och bilden får återanvändas och bearbetas, även i kommersiella sammanhang.

Digg och PRV rekommenderar öppna licenser för offentlig information, som ett komplement till EU öppna data-direktiv från 2019 (https://eur-lex.europa.eu/legal-content/SV/TXT/?uri=CELEX%3A32019L1024). Riksdagens nuvarande bildvillkor anger däremot ingen sådan tydlig fri licens för ledamöternas porträtt trots begäran om det.

En bild från dig vore ett konkret steg framåt. Jag hjälper gärna till med uppladdningen och uppgifter om fotograf och licens.
Du får också gärna lyfta frågan inom riksdagen: varför inte publicera ledamöternas porträtt som ett samlat dataset med tydliga fria licenser?
Hjälp oss att komma vidare och göra våra folkvalda lättare att presentera på Wikipedia.

Vänliga hälsningar,
<ange ditt namn>",ja,ej_aktuell,,,finns,2026-10-08T18:55:43Z,Johanna Haraldsson,Jönköpings län,True,"sv: https://sv.wikipedia.org/wiki/Johanna_Haraldsson; en: https://en.wikipedia.org/wiki/Johanna_Haraldsson; arz: https://arz.wikipedia.org/wiki/%DA%86%D9%88%D9%87%D8%A7%D9%86%D8%A7_%D9%87%D8%A7%D8%B1%D8%A7%D9%84%D8%AF%D8%B3%D9%88%D9%86; ru: https://ru.wikipedia.org/wiki/%D0%A5%D0%B0%D1%80%D0%B0%D0%BB%D1%8C%D0%B4%D1%81%D1%81%D0%BE%D0%BD,_%D0%AE%D1%85%D0%B0%D0%BD%D0%BD%D0%B0",CC BY-SA 4.0,Agj1998,https://commons.wikimedia.org/wiki/File:Johanna_Haraldsson_i_riksdagen..jpg
Jonas Cronert,S,Västmanlands län,Tjänstgörande riksdagsledamot,1980,a1248027-3c25-44f7-8968-38b655c432c7,0461127104120,Q141538441,Saknar bild (P18),,,https://data.riksdagen.se/filarkiv/bilder/ledamot/a1248027-3c25-44f7-8968-38b655c432c7_192.jpg,jonas.cronert@riksdagen.se,Porträttbild till Wikipedia under fri licens,"Hej Jonas Cronert,

Jag bidrar till Wikipedia och vill gärna att artikeln om dig ska kunna illustreras med en aktuell porträttbild. Skulle du kunna hjälpa oss genom att ladda upp en bild till Wikimedia Commons under en fri licens, exempelvis CC BY 4.0?

Det kräver att fotografen eller den som äger rättigheterna godkänner licensen. Fotografen anges vid användning, och bilden får återanvändas och bearbetas, även i kommersiella sammanhang.

Digg och PRV rekommenderar öppna licenser för offentlig information, som ett komplement till EU öppna data-direktiv från 2019 (https://eur-lex.europa.eu/legal-content/SV/TXT/?uri=CELEX%3A32019L1024). Riksdagens nuvarande bildvillkor anger däremot ingen sådan tydlig fri licens för ledamöternas porträtt trots begäran om det.

En bild från dig vore ett konkret steg framåt. Jag hjälper gärna till med uppladdningen och uppgifter om fotograf och licens.
Du får också gärna lyfta frågan inom riksdagen: varför inte publicera ledamöternas porträtt som ett samlat dataset med tydliga fria licenser?
Hjälp oss att komma vidare och göra våra folkvalda lättare att presentera på Wikipedia.

Vänliga hälsningar,
<ange ditt namn>",nej,ej_aktuell,,,ej_aktuell,,,Västmanlands län,False,,,,
Jonathan Svensson,S,Västra Götalands läns norra,Tjänstgörande riksdagsledamot,2000,cc4afbfd-aaf0-492e-9945-840a796d5eb8,0512645510895,Q121934765,Saknar bild (P18),,,https://data.riksdagen.se/filarkiv/bilder/ledamot/cc4afbfd-aaf0-492e-9945-840a796d5eb8_192.jpg,jonathan.svensson@riksdagen.se,Porträttbild till Wikipedia under fri licens,"Hej Jonathan Svensson,

Jag bidrar till Wikipedia och vill gärna att artikeln om dig ska kunna illustreras med en aktuell porträttbild. Skulle du kunna hjälpa oss genom att ladda upp en bild till Wikimedia Commons under en fri licens, exempelvis CC BY 4.0?

Här finns Wikipedia-artiklarna om dig:
- sv: Jonathan Svensson (politiker) – https://sv.wikipedia.org/wiki/Jonathan_Svensson_(politiker)
- en: Jonathan Svensson – https://en.wikipedia.org/wiki/Jonathan_Svensson

Det kräver att fotografen eller den som äger rättigheterna godkänner licensen. Fotografen anges vid användning, och bilden får återanvändas och bearbetas, även i kommersiella sammanhang.

Digg och PRV rekommenderar öppna licenser för offentlig information, som ett komplement till EU öppna data-direktiv från 2019 (https://eur-lex.europa.eu/legal-content/SV/TXT/?uri=CELEX%3A32019L1024). Riksdagens nuvarande bildvillkor anger däremot ingen sådan tydlig fri licens för ledamöternas porträtt trots begäran om det.

En bild från dig vore ett konkret steg framåt. Jag hjälper gärna till med uppladdningen och uppgifter om fotograf och licens.
Du får också gärna lyfta frågan inom riksdagen: varför inte publicera ledamöternas porträtt som ett samlat dataset med tydliga fria licenser?
Hjälp oss att komma vidare och göra våra folkvalda lättare att presentera på Wikipedia.

Vänliga hälsningar,
<ange ditt namn>",ja,finns,2026-10-08T18:55:41Z,Jonathan Svensson (politiker),finns,2026-10-08T18:55:43Z,Jonathan Svensson (politiker),Västra Götalands län,False,sv: https://sv.wikipedia.org/wiki/Jonathan_Svensson_(politiker); en: https://en.wikipedia.org/wiki/Jonathan_Svensson,,,
Jytte Guteland,S,Stockholms kommun,Tjänstgörande riksdagsledamot,1979,1c1e2336-5f43-4256-8bc3-01d3a0e9453b,0229627943828,Q4988619,Har bild (P18),http://commons.wikimedia.org/wiki/Special:FilePath/Jytte%20Guteland%20%282014%29.jpg; http://commons.wikimedia.org/wiki/Special:FilePath/Member%20of%20the%20European%20Parliament%20Jytte%20Gunl%C3%B6g%20Elisabeth%20Bengtsson%20Guteland.jpg,,https://data.riksdagen.se/filarkiv/bilder/ledamot/1c1e2336-5f43-4256-8bc3-01d3a0e9453b_192.jpg,jytte.guteland@riksdagen.se,Porträttbild till Wikipedia under fri licens,"Hej Jytte Guteland,

Jag bidrar till Wikipedia och vill gärna att artikeln om dig ska kunna illustreras med en aktuell porträttbild. Skulle du kunna hjälpa oss genom att ladda upp en bild till Wikimedia Commons under en fri licens, exempelvis CC BY 4.0?

Här finns Wikipedia-artiklarna om dig:
- sv: Jytte Guteland – https://sv.wikipedia.org/wiki/Jytte_Guteland
- en: Jytte Guteland – https://en.wikipedia.org/wiki/Jytte_Guteland
- arz: چيت جوتيلاند – https://arz.wikipedia.org/wiki/%DA%86%D9%8A%D8%AA_%D8%AC%D9%88%D8%AA%D9%8A%D9%84%D8%A7%D9%86%D8%AF
- de: Jytte Guteland – https://de.wikipedia.org/wiki/Jytte_Guteland
- fa: یته گوتلند – https://fa.wikipedia.org/wiki/%DB%8C%D8%AA%D9%87_%DA%AF%D9%88%D8%AA%D9%84%D9%86%D8%AF
- fi: Jytte Guteland – https://fi.wikipedia.org/wiki/Jytte_Guteland
- fr: Jytte Guteland – https://fr.wikipedia.org/wiki/Jytte_Guteland
- nl: Jytte Guteland – https://nl.wikipedia.org/wiki/Jytte_Guteland
- no: Jytte Guteland – https://no.wikipedia.org/wiki/Jytte_Guteland
- pl: Jytte Guteland – https://pl.wikipedia.org/wiki/Jytte_Guteland
- ru: Гутеланд, Ютте – https://ru.wikipedia.org/wiki/%D0%93%D1%83%D1%82%D0%B5%D0%BB%D0%B0%D0%BD%D0%B4,_%D0%AE%D1%82%D1%82%D0%B5

Det kräver att fotografen eller den som äger rättigheterna godkänner licensen. Fotografen anges vid användning, och bilden får återanvändas och bearbetas, även i kommersiella sammanhang.

Digg och PRV rekommenderar öppna licenser för offentlig information, som ett komplement till EU öppna data-direktiv från 2019 (https://eur-lex.europa.eu/legal-content/SV/TXT/?uri=CELEX%3A32019L1024). Riksdagens nuvarande bildvillkor anger däremot ingen sådan tydlig fri licens för ledamöternas porträtt trots begäran om det.

En bild från dig vore ett konkret steg framåt. Jag hjälper gärna till med uppladdningen och uppgifter om fotograf och licens.
Du får också gärna lyfta frågan inom riksdagen: varför inte publicera ledamöternas porträtt som ett samlat dataset med tydliga fria licenser?
Hjälp oss att komma vidare och göra våra folkvalda lättare att presentera på Wikipedia.

Vänliga hälsningar,
<ange ditt namn>",ja,ej_aktuell,,,finns,2026-10-08T18:55:43Z,Jytte Guteland,Stockholms län,True,"sv: https://sv.wikipedia.org/wiki/Jytte_Guteland; en: https://en.wikipedia.org/wiki/Jytte_Guteland; arz: https://arz.wikipedia.org/wiki/%DA%86%D9%8A%D8%AA_%D8%AC%D9%88%D8%AA%D9%8A%D9%84%D8%A7%D9%86%D8%AF; de: https://de.wikipedia.org/wiki/Jytte_Guteland; fa: https://fa.wikipedia.org/wiki/%DB%8C%D8%AA%D9%87_%DA%AF%D9%88%D8%AA%D9%84%D9%86%D8%AF; fi: https://fi.wikipedia.org/wiki/Jytte_Guteland; fr: https://fr.wikipedia.org/wiki/Jytte_Guteland; nl: https://nl.wikipedia.org/wiki/Jytte_Guteland; no: https://no.wikipedia.org/wiki/Jytte_Guteland; pl: https://pl.wikipedia.org/wiki/Jytte_Guteland; ru: https://ru.wikipedia.org/wiki/%D0%93%D1%83%D1%82%D0%B5%D0%BB%D0%B0%D0%BD%D0%B4,_%D0%AE%D1%82%D1%82%D0%B5",CC BY-SA 4.0; European Parliament,"Jonatan Svensson Glad; © European Union, 1998 – 2026",https://commons.wikimedia.org/wiki/File:Jytte_Guteland_(2014).jpg; https://commons.wikimedia.org/wiki/File:Member_of_the_European_Parliament_Jytte_Gunl%C3%B6g_Elisabeth_Bengtsson_Guteland.jpg
Kadir Kasirga,S,Stockholms kommun,Tjänstgörande riksdagsledamot,1975,81e7b3dd-c260-45d1-89a7-ddd6cbe6582d,0425115010020,Q56923131,Har bild (P18),http://commons.wikimedia.org/wiki/Special:FilePath/Kadir%20Kasirga.jpg,,https://data.riksdagen.se/filarkiv/bilder/ledamot/81e7b3dd-c260-45d1-89a7-ddd6cbe6582d_192.jpg,kadir.kasirga@riksdagen.se,Porträttbild till Wikipedia under fri licens,"Hej Kadir Kasirga,

Jag bidrar till Wikipedia och vill gärna att artikeln om dig ska kunna illustreras med en aktuell porträttbild. Skulle du kunna hjälpa oss genom att ladda upp en bild till Wikimedia Commons under en fri licens, exempelvis CC BY 4.0?

Här finns Wikipedia-artiklarna om dig:
- sv: Kadir Kasirga – https://sv.wikipedia.org/wiki/Kadir_Kasirga
- en: Kadir Kasirga – https://en.wikipedia.org/wiki/Kadir_Kasirga
- arz: قادر كاسيرجا – https://arz.wikipedia.org/wiki/%D9%82%D8%A7%D8%AF%D8%B1_%D9%83%D8%A7%D8%B3%D9%8A%D8%B1%D8%AC%D8%A7
- pt: Kadir Kasirga – https://pt.wikipedia.org/wiki/Kadir_Kasirga

Det kräver att fotografen eller den som äger rättigheterna godkänner licensen. Fotografen anges vid användning, och bilden får återanvändas och bearbetas, även i kommersiella sammanhang.

Digg och PRV rekommenderar öppna licenser för offentlig information, som ett komplement till EU öppna data-direktiv från 2019 (https://eur-lex.europa.eu/legal-content/SV/TXT/?uri=CELEX%3A32019L1024). Riksdagens nuvarande bildvillkor anger däremot ingen sådan tydlig fri licens för ledamöternas porträtt trots begäran om det.

En bild från dig vore ett konkret steg framåt. Jag hjälper gärna till med uppladdningen och uppgifter om fotograf och licens.
Du får också gärna lyfta frågan inom riksdagen: varför inte publicera ledamöternas porträtt som ett samlat dataset med tydliga fria licenser?
Hjälp oss att komma vidare och göra våra folkvalda lättare att presentera på Wikipedia.

Vänliga hälsningar,
<ange ditt namn>",ja,ej_aktuell,,,finns,2026-10-08T18:55:43Z,Kadir Kasirga,Stockholms län,True,sv: https://sv.wikipedia.org/wiki/Kadir_Kasirga; en: https://en.wikipedia.org/wiki/Kadir_Kasirga; arz: https://arz.wikipedia.org/wiki/%D9%82%D8%A7%D8%AF%D8%B1_%D9%83%D8%A7%D8%B3%D9%8A%D8%B1%D8%AC%D8%A7; pt: https://pt.wikipedia.org/wiki/Kadir_Kasirga,CC BY-SA 4.0,Andreas Ericsson / Socialdemokratiska arbetarepartiet,https://commons.wikimedia.org/wiki/File:Kadir_Kasirga.jpg
Kalle Olsson,S,Jämtlands län,Tjänstgörande riksdagsledamot,1984,f8d1d1b6-f008-446e-a7f8-dd324fbb71d4,0472349361027,Q6027267,Har bild (P18),http://commons.wikimedia.org/wiki/Special:FilePath/Kalle%20Olsson%202021.jpg,,https://data.riksdagen.se/filarkiv/bilder/ledamot/f8d1d1b6-f008-446e-a7f8-dd324fbb71d4_192.jpg,kalle.olsson@riksdagen.se,Porträttbild till Wikipedia under fri licens,"Hej Kalle Olsson,

Jag bidrar till Wikipedia och vill gärna att artikeln om dig ska kunna illustreras med en aktuell porträttbild. Skulle du kunna hjälpa oss genom att ladda upp en bild till Wikimedia Commons under en fri licens, exempelvis CC BY 4.0?

Här finns Wikipedia-artiklarna om dig:
- sv: Kalle Olsson (politiker) – https://sv.wikipedia.org/wiki/Kalle_Olsson_(politiker)
- en: Kalle Olsson (politician) – https://en.wikipedia.org/wiki/Kalle_Olsson_(politician)
- arz: كال اولسون – https://arz.wikipedia.org/wiki/%D9%83%D8%A7%D9%84_%D8%A7%D9%88%D9%84%D8%B3%D9%88%D9%86

Det kräver att fotografen eller den som äger rättigheterna godkänner licensen. Fotografen anges vid användning, och bilden får återanvändas och bearbetas, även i kommersiella sammanhang.

Digg och PRV rekommenderar öppna licenser för offentlig information, som ett komplement till EU öppna data-direktiv från 2019 (https://eur-lex.europa.eu/legal-content/SV/TXT/?uri=CELEX%3A32019L1024). Riksdagens nuvarande bildvillkor anger däremot ingen sådan tydlig fri licens för ledamöternas porträtt trots begäran om det.

En bild från dig vore ett konkret steg framåt. Jag hjälper gärna till med uppladdningen och uppgifter om fotograf och licens.
Du får också gärna lyfta frågan inom riksdagen: varför inte publicera ledamöternas porträtt som ett samlat dataset med tydliga fria licenser?
Hjälp oss att komma vidare och göra våra folkvalda lättare att presentera på Wikipedia.

Vänliga hälsningar,
<ange ditt namn>",ja,ej_aktuell,,,finns,2026-10-08T18:55:43Z,Kalle Olsson (politiker),Jämtlands län,True,sv: https://sv.wikipedia.org/wiki/Kalle_Olsson_(politiker); en: https://en.wikipedia.org/wiki/Kalle_Olsson_(politician); arz: https://arz.wikipedia.org/wiki/%D9%83%D8%A7%D9%84_%D8%A7%D9%88%D9%84%D8%B3%D9%88%D9%86,CC BY-SA 4.0,Agj1998,https://commons.wikimedia.org/wiki/File:Kalle_Olsson_2021.jpg
Karin Sundin,S,Örebro län,Tjänstgörande riksdagsledamot,1972,d87ac679-3d42-4cc6-ae5f-bb6b7511c9f1,027964311318,Q114133361,Saknar bild (P18),,,https://data.riksdagen.se/filarkiv/bilder/ledamot/d87ac679-3d42-4cc6-ae5f-bb6b7511c9f1_192.jpg,karin.sundin@riksdagen.se,Porträttbild till Wikipedia under fri licens,"Hej Karin Sundin,

Jag bidrar till Wikipedia och vill gärna att artikeln om dig ska kunna illustreras med en aktuell porträttbild. Skulle du kunna hjälpa oss genom att ladda upp en bild till Wikimedia Commons under en fri licens, exempelvis CC BY 4.0?

Här finns Wikipedia-artiklarna om dig:
- sv: Karin Sundin – https://sv.wikipedia.org/wiki/Karin_Sundin
- en: Karin Sundin – https://en.wikipedia.org/wiki/Karin_Sundin

Det kräver att fotografen eller den som äger rättigheterna godkänner licensen. Fotografen anges vid användning, och bilden får återanvändas och bearbetas, även i kommersiella sammanhang.

Digg och PRV rekommenderar öppna licenser för offentlig information, som ett komplement till EU öppna data-direktiv från 2019 (https://eur-lex.europa.eu/legal-content/SV/TXT/?uri=CELEX%3A32019L1024). Riksdagens nuvarande bildvillkor anger däremot ingen sådan tydlig fri licens för ledamöternas porträtt trots begäran om det.

En bild från dig vore ett konkret steg framåt. Jag hjälper gärna till med uppladdningen och uppgifter om fotograf och licens.
Du får också gärna lyfta frågan inom riksdagen: varför inte publicera ledamöternas porträtt som ett samlat dataset med tydliga fria licenser?
Hjälp oss att komma vidare och göra våra folkvalda lättare att presentera på Wikipedia.

Vänliga hälsningar,
<ange ditt namn>",ja,finns,2026-10-08T18:55:41Z,Karin Sundin,finns,2026-10-08T18:55:43Z,Karin Sundin,Örebro län,False,sv: https://sv.wikipedia.org/wiki/Karin_Sundin; en: https://en.wikipedia.org/wiki/Karin_Sundin,,,
Katarina Berggren,S,Stockholms län,Tjänstgörande riksdagsledamot,1968,03661e16-b470-4697-a75e-acb5b9af4344,0400092969612,Q137036632,Saknar bild (P18),,,https://data.riksdagen.se/filarkiv/bilder/ledamot/03661e16-b470-4697-a75e-acb5b9af4344_192.jpg,katarina.berggren@riksdagen.se,Porträttbild till Wikipedia under fri licens,"Hej Katarina Berggren,

Jag bidrar till Wikipedia och vill gärna att artikeln om dig ska kunna illustreras med en aktuell porträttbild. Skulle du kunna hjälpa oss genom att ladda upp en bild till Wikimedia Commons under en fri licens, exempelvis CC BY 4.0?

Här finns Wikipedia-artiklarna om dig:
- sv: Katarina Berggren – https://sv.wikipedia.org/wiki/Katarina_Berggren

Det kräver att fotografen eller den som äger rättigheterna godkänner licensen. Fotografen anges vid användning, och bilden får återanvändas och bearbetas, även i kommersiella sammanhang.

Digg och PRV rekommenderar öppna licenser för offentlig information, som ett komplement till EU öppna data-direktiv från 2019 (https://eur-lex.europa.eu/legal-content/SV/TXT/?uri=CELEX%3A32019L1024). Riksdagens nuvarande bildvillkor anger däremot ingen sådan tydlig fri licens för ledamöternas porträtt trots begäran om det.

En bild från dig vore ett konkret steg framåt. Jag hjälper gärna till med uppladdningen och uppgifter om fotograf och licens.
Du får också gärna lyfta frågan inom riksdagen: varför inte publicera ledamöternas porträtt som ett samlat dataset med tydliga fria licenser?
Hjälp oss att komma vidare och göra våra folkvalda lättare att presentera på Wikipedia.

Vänliga hälsningar,
<ange ditt namn>",ja,finns,2026-10-08T18:55:41Z,Katarina Berggren,finns,2026-10-08T18:55:43Z,Katarina Berggren,Stockholms län,False,sv: https://sv.wikipedia.org/wiki/Katarina_Berggren,,,
Katarina Bosetti-Kristoffersson,S,Västra Götalands läns västra,Tjänstgörande riksdagsledamot,1979,34971ee1-0d94-4ad3-8f40-7f1ad42d1159,0254987712526,Q141527543,Saknar bild (P18),,,https://data.riksdagen.se/filarkiv/bilder/ledamot/34971ee1-0d94-4ad3-8f40-7f1ad42d1159_192.jpg,katarina.bosetti-kristoffersson@riksdagen.se,Porträttbild till Wikipedia under fri licens,"Hej Katarina Bosetti-Kristoffersson,

Jag bidrar till Wikipedia och vill gärna att artikeln om dig ska kunna illustreras med en aktuell porträttbild. Skulle du kunna hjälpa oss genom att ladda upp en bild till Wikimedia Commons under en fri licens, exempelvis CC BY 4.0?

Det kräver att fotografen eller den som äger rättigheterna godkänner licensen. Fotografen anges vid användning, och bilden får återanvändas och bearbetas, även i kommersiella sammanhang.

Digg och PRV rekommenderar öppna licenser för offentlig information, som ett komplement till EU öppna data-direktiv från 2019 (https://eur-lex.europa.eu/legal-content/SV/TXT/?uri=CELEX%3A32019L1024). Riksdagens nuvarande bildvillkor anger däremot ingen sådan tydlig fri licens för ledamöternas porträtt trots begäran om det.

En bild från dig vore ett konkret steg framåt. Jag hjälper gärna till med uppladdningen och uppgifter om fotograf och licens.
Du får också gärna lyfta frågan inom riksdagen: varför inte publicera ledamöternas porträtt som ett samlat dataset med tydliga fria licenser?
Hjälp oss att komma vidare och göra våra folkvalda lättare att presentera på Wikipedia.

Vänliga hälsningar,
<ange ditt namn>",nej,ej_aktuell,,,ej_aktuell,,,Västra Götalands län,False,,,,
Kristoffer Lindberg,S,Gävleborgs län,Tjänstgörande riksdagsledamot,1992,9842d41a-513d-4030-9799-7a44b6d775ce,0433422973328,Q109352589,Har bild (P18),http://commons.wikimedia.org/wiki/Special:FilePath/Kristoffer%20Lindberg.jpg,,https://data.riksdagen.se/filarkiv/bilder/ledamot/9842d41a-513d-4030-9799-7a44b6d775ce_192.jpg,kristoffer.lindberg@riksdagen.se,Porträttbild till Wikipedia under fri licens,"Hej Kristoffer Lindberg,

Jag bidrar till Wikipedia och vill gärna att artikeln om dig ska kunna illustreras med en aktuell porträttbild. Skulle du kunna hjälpa oss genom att ladda upp en bild till Wikimedia Commons under en fri licens, exempelvis CC BY 4.0?

Här finns Wikipedia-artiklarna om dig:
- sv: Kristoffer Lindberg – https://sv.wikipedia.org/wiki/Kristoffer_Lindberg
- en: Kristoffer Lindberg – https://en.wikipedia.org/wiki/Kristoffer_Lindberg

Det kräver att fotografen eller den som äger rättigheterna godkänner licensen. Fotografen anges vid användning, och bilden får återanvändas och bearbetas, även i kommersiella sammanhang.

Digg och PRV rekommenderar öppna licenser för offentlig information, som ett komplement till EU öppna data-direktiv från 2019 (https://eur-lex.europa.eu/legal-content/SV/TXT/?uri=CELEX%3A32019L1024). Riksdagens nuvarande bildvillkor anger däremot ingen sådan tydlig fri licens för ledamöternas porträtt trots begäran om det.

En bild från dig vore ett konkret steg framåt. Jag hjälper gärna till med uppladdningen och uppgifter om fotograf och licens.
Du får också gärna lyfta frågan inom riksdagen: varför inte publicera ledamöternas porträtt som ett samlat dataset med tydliga fria licenser?
Hjälp oss att komma vidare och göra våra folkvalda lättare att presentera på Wikipedia.

Vänliga hälsningar,
<ange ditt namn>",ja,ej_aktuell,,,finns,2026-10-08T18:55:43Z,Kristoffer Lindberg,Gävleborgs län,True,sv: https://sv.wikipedia.org/wiki/Kristoffer_Lindberg; en: https://en.wikipedia.org/wiki/Kristoffer_Lindberg,CC BY-SA 4.0,Andreas Ericsson / Socialdemokratiska arbetarepartiet,https://commons.wikimedia.org/wiki/File:Kristoffer_Lindberg.jpg
Lars Isacsson,S,Dalarnas län,Tjänstgörande riksdagsledamot,1970,2db22586-e7ae-4d0a-ac59-6a3a99b8e364,0515213566019,Q106783058,Har bild (P18),http://commons.wikimedia.org/wiki/Special:FilePath/Lars%20Isacsson.jpg,,https://data.riksdagen.se/filarkiv/bilder/ledamot/2db22586-e7ae-4d0a-ac59-6a3a99b8e364_192.jpg,lars.isacsson@riksdagen.se,Porträttbild till Wikipedia under fri licens,"Hej Lars Isacsson,

Jag bidrar till Wikipedia och vill gärna att artikeln om dig ska kunna illustreras med en aktuell porträttbild. Skulle du kunna hjälpa oss genom att ladda upp en bild till Wikimedia Commons under en fri licens, exempelvis CC BY 4.0?

Här finns Wikipedia-artiklarna om dig:
- sv: Lars Isacsson – https://sv.wikipedia.org/wiki/Lars_Isacsson
- en: Lars Isacsson – https://en.wikipedia.org/wiki/Lars_Isacsson
- zh: 拉尔斯·艾萨克森 – https://zh.wikipedia.org/wiki/%E6%8B%89%E5%B0%94%E6%96%AF%C2%B7%E8%89%BE%E8%90%A8%E5%85%8B%E6%A3%AE

Det kräver att fotografen eller den som äger rättigheterna godkänner licensen. Fotografen anges vid användning, och bilden får återanvändas och bearbetas, även i kommersiella sammanhang.

Digg och PRV rekommenderar öppna licenser för offentlig information, som ett komplement till EU öppna data-direktiv från 2019 (https://eur-lex.europa.eu/legal-content/SV/TXT/?uri=CELEX%3A32019L1024). Riksdagens nuvarande bildvillkor anger däremot ingen sådan tydlig fri licens för ledamöternas porträtt trots begäran om det.

En bild från dig vore ett konkret steg framåt. Jag hjälper gärna till med uppladdningen och uppgifter om fotograf och licens.
Du får också gärna lyfta frågan inom riksdagen: varför inte publicera ledamöternas porträtt som ett samlat dataset med tydliga fria licenser?
Hjälp oss att komma vidare och göra våra folkvalda lättare att presentera på Wikipedia.

Vänliga hälsningar,
<ange ditt namn>",ja,ej_aktuell,,,finns,2026-10-08T18:55:43Z,Lars Isacsson,Dalarnas län,True,sv: https://sv.wikipedia.org/wiki/Lars_Isacsson; en: https://en.wikipedia.org/wiki/Lars_Isacsson; zh: https://zh.wikipedia.org/wiki/%E6%8B%89%E5%B0%94%E6%96%AF%C2%B7%E8%89%BE%E8%90%A8%E5%85%8B%E6%A3%AE,CC BY-SA 4.0,Andreas Lenner,https://commons.wikimedia.org/wiki/File:Lars_Isacsson.jpg
Lawen Redar,S,Stockholms kommun,Tjänstgörande riksdagsledamot,1989,285a3d5f-cb32-4958-9b7c-1545b2faff18,037561614928,Q18451520,Har bild (P18),http://commons.wikimedia.org/wiki/Special:FilePath/Lawen2021.jpg,,https://data.riksdagen.se/filarkiv/bilder/ledamot/285a3d5f-cb32-4958-9b7c-1545b2faff18_192.jpg,lawen.redar@riksdagen.se,Porträttbild till Wikipedia under fri licens,"Hej Lawen Redar,

Jag bidrar till Wikipedia och vill gärna att artikeln om dig ska kunna illustreras med en aktuell porträttbild. Skulle du kunna hjälpa oss genom att ladda upp en bild till Wikimedia Commons under en fri licens, exempelvis CC BY 4.0?

Här finns Wikipedia-artiklarna om dig:
- sv: Lawen Redar – https://sv.wikipedia.org/wiki/Lawen_Redar
- en: Lawen Redar – https://en.wikipedia.org/wiki/Lawen_Redar
- arz: لاوين ريدار – https://arz.wikipedia.org/wiki/%D9%84%D8%A7%D9%88%D9%8A%D9%86_%D8%B1%D9%8A%D8%AF%D8%A7%D8%B1
- ckb: لاوین ڕێدار – https://ckb.wikipedia.org/wiki/%D9%84%D8%A7%D9%88%DB%8C%D9%86_%DA%95%DB%8E%D8%AF%D8%A7%D8%B1
- fr: Lawen Redar – https://fr.wikipedia.org/wiki/Lawen_Redar
- ku: Lawen Redar – https://ku.wikipedia.org/wiki/Lawen_Redar
- ru: Редар, Лавен – https://ru.wikipedia.org/wiki/%D0%A0%D0%B5%D0%B4%D0%B0%D1%80,_%D0%9B%D0%B0%D0%B2%D0%B5%D0%BD
- tr: Lawen Redar – https://tr.wikipedia.org/wiki/Lawen_Redar

Det kräver att fotografen eller den som äger rättigheterna godkänner licensen. Fotografen anges vid användning, och bilden får återanvändas och bearbetas, även i kommersiella sammanhang.

Digg och PRV rekommenderar öppna licenser för offentlig information, som ett komplement till EU öppna data-direktiv från 2019 (https://eur-lex.europa.eu/legal-content/SV/TXT/?uri=CELEX%3A32019L1024). Riksdagens nuvarande bildvillkor anger däremot ingen sådan tydlig fri licens för ledamöternas porträtt trots begäran om det.

En bild från dig vore ett konkret steg framåt. Jag hjälper gärna till med uppladdningen och uppgifter om fotograf och licens.
Du får också gärna lyfta frågan inom riksdagen: varför inte publicera ledamöternas porträtt som ett samlat dataset med tydliga fria licenser?
Hjälp oss att komma vidare och göra våra folkvalda lättare att presentera på Wikipedia.

Vänliga hälsningar,
<ange ditt namn>",ja,ej_aktuell,,,finns,2026-10-08T18:55:43Z,Lawen Redar,Stockholms län,True,"sv: https://sv.wikipedia.org/wiki/Lawen_Redar; en: https://en.wikipedia.org/wiki/Lawen_Redar; arz: https://arz.wikipedia.org/wiki/%D9%84%D8%A7%D9%88%D9%8A%D9%86_%D8%B1%D9%8A%D8%AF%D8%A7%D8%B1; ckb: https://ckb.wikipedia.org/wiki/%D9%84%D8%A7%D9%88%DB%8C%D9%86_%DA%95%DB%8E%D8%AF%D8%A7%D8%B1; fr: https://fr.wikipedia.org/wiki/Lawen_Redar; ku: https://ku.wikipedia.org/wiki/Lawen_Redar; ru: https://ru.wikipedia.org/wiki/%D0%A0%D0%B5%D0%B4%D0%B0%D1%80,_%D0%9B%D0%B0%D0%B2%D0%B5%D0%BD; tr: https://tr.wikipedia.org/wiki/Lawen_Redar",CC BY-SA 4.0,Socialdemokraterna,https://commons.wikimedia.org/wiki/File:Lawen2021.jpg
Leif Nysmed,S,Stockholms län,Tjänstgörande riksdagsledamot,1970,bdd26f21-dca7-4e7c-af32-131937aa539b,0376353897112,Q20652878,Har bild (P18),http://commons.wikimedia.org/wiki/Special:FilePath/Leif%20Nysmed%202021.jpg,,https://data.riksdagen.se/filarkiv/bilder/ledamot/bdd26f21-dca7-4e7c-af32-131937aa539b_192.jpg,leif.nysmed@riksdagen.se,Porträttbild till Wikipedia under fri licens,"Hej Leif Nysmed,

Jag bidrar till Wikipedia och vill gärna att artikeln om dig ska kunna illustreras med en aktuell porträttbild. Skulle du kunna hjälpa oss genom att ladda upp en bild till Wikimedia Commons under en fri licens, exempelvis CC BY 4.0?

Här finns Wikipedia-artiklarna om dig:
- sv: Leif Nysmed – https://sv.wikipedia.org/wiki/Leif_Nysmed
- en: Leif Nysmed – https://en.wikipedia.org/wiki/Leif_Nysmed
- arz: ليف نيسميد – https://arz.wikipedia.org/wiki/%D9%84%D9%8A%D9%81_%D9%86%D9%8A%D8%B3%D9%85%D9%8A%D8%AF

Det kräver att fotografen eller den som äger rättigheterna godkänner licensen. Fotografen anges vid användning, och bilden får återanvändas och bearbetas, även i kommersiella sammanhang.

Digg och PRV rekommenderar öppna licenser för offentlig information, som ett komplement till EU öppna data-direktiv från 2019 (https://eur-lex.europa.eu/legal-content/SV/TXT/?uri=CELEX%3A32019L1024). Riksdagens nuvarande bildvillkor anger däremot ingen sådan tydlig fri licens för ledamöternas porträtt trots begäran om det.

En bild från dig vore ett konkret steg framåt. Jag hjälper gärna till med uppladdningen och uppgifter om fotograf och licens.
Du får också gärna lyfta frågan inom riksdagen: varför inte publicera ledamöternas porträtt som ett samlat dataset med tydliga fria licenser?
Hjälp oss att komma vidare och göra våra folkvalda lättare att presentera på Wikipedia.

Vänliga hälsningar,
<ange ditt namn>",ja,ej_aktuell,,,finns,2026-10-08T18:55:43Z,Leif Nysmed,Stockholms län,True,sv: https://sv.wikipedia.org/wiki/Leif_Nysmed; en: https://en.wikipedia.org/wiki/Leif_Nysmed; arz: https://arz.wikipedia.org/wiki/%D9%84%D9%8A%D9%81_%D9%86%D9%8A%D8%B3%D9%85%D9%8A%D8%AF,CC BY-SA 4.0,Agj1998,https://commons.wikimedia.org/wiki/File:Leif_Nysmed_2021.jpg
Lena Hallengren,S,Kalmar län,Tjänstgörande riksdagsledamot,1973,3c5cc43c-e4cd-11d6-ae81-0004755038ce,0853395328224,Q3431836,Har bild (P18),http://commons.wikimedia.org/wiki/Special:FilePath/Visit%20of%20Swedish%20Minister%20for%20Health%20and%20Social%20Affairs%20%2849468165378%29%20%28cropped%29.jpg,,https://data.riksdagen.se/filarkiv/bilder/ledamot/3c5cc43c-e4cd-11d6-ae81-0004755038ce_192.jpg,lena.hallengren@riksdagen.se,Porträttbild till Wikipedia under fri licens,"Hej Lena Hallengren,

Jag bidrar till Wikipedia och vill gärna att artikeln om dig ska kunna illustreras med en aktuell porträttbild. Skulle du kunna hjälpa oss genom att ladda upp en bild till Wikimedia Commons under en fri licens, exempelvis CC BY 4.0?

Här finns Wikipedia-artiklarna om dig:
- sv: Lena Hallengren – https://sv.wikipedia.org/wiki/Lena_Hallengren
- en: Lena Hallengren – https://en.wikipedia.org/wiki/Lena_Hallengren
- arz: لينا هالينجرين – https://arz.wikipedia.org/wiki/%D9%84%D9%8A%D9%86%D8%A7_%D9%87%D8%A7%D9%84%D9%8A%D9%86%D8%AC%D8%B1%D9%8A%D9%86
- de: Lena Hallengren – https://de.wikipedia.org/wiki/Lena_Hallengren
- eo: Lena Hallengren – https://eo.wikipedia.org/wiki/Lena_Hallengren
- et: Lena Hallengren – https://et.wikipedia.org/wiki/Lena_Hallengren
- fi: Lena Hallengren – https://fi.wikipedia.org/wiki/Lena_Hallengren
- fr: Lena Hallengren – https://fr.wikipedia.org/wiki/Lena_Hallengren
- hy: Լենա Հալենգրեն – https://hy.wikipedia.org/wiki/%D4%BC%D5%A5%D5%B6%D5%A1_%D5%80%D5%A1%D5%AC%D5%A5%D5%B6%D5%A3%D6%80%D5%A5%D5%B6
- id: Lena Hallengren – https://id.wikipedia.org/wiki/Lena_Hallengren
- nl: Lena Hallengren – https://nl.wikipedia.org/wiki/Lena_Hallengren
- no: Lena Hallengren – https://no.wikipedia.org/wiki/Lena_Hallengren
- pl: Lena Hallengren – https://pl.wikipedia.org/wiki/Lena_Hallengren
- ru: Халленгрен, Лена – https://ru.wikipedia.org/wiki/%D0%A5%D0%B0%D0%BB%D0%BB%D0%B5%D0%BD%D0%B3%D1%80%D0%B5%D0%BD,_%D0%9B%D0%B5%D0%BD%D0%B0
- uk: Лена Галленгрен – https://uk.wikipedia.org/wiki/%D0%9B%D0%B5%D0%BD%D0%B0_%D0%93%D0%B0%D0%BB%D0%BB%D0%B5%D0%BD%D0%B3%D1%80%D0%B5%D0%BD

Det kräver att fotografen eller den som äger rättigheterna godkänner licensen. Fotografen anges vid användning, och bilden får återanvändas och bearbetas, även i kommersiella sammanhang.

Digg och PRV rekommenderar öppna licenser för offentlig information, som ett komplement till EU öppna data-direktiv från 2019 (https://eur-lex.europa.eu/legal-content/SV/TXT/?uri=CELEX%3A32019L1024). Riksdagens nuvarande bildvillkor anger däremot ingen sådan tydlig fri licens för ledamöternas porträtt trots begäran om det.

En bild från dig vore ett konkret steg framåt. Jag hjälper gärna till med uppladdningen och uppgifter om fotograf och licens.
Du får också gärna lyfta frågan inom riksdagen: varför inte publicera ledamöternas porträtt som ett samlat dataset med tydliga fria licenser?
Hjälp oss att komma vidare och göra våra folkvalda lättare att presentera på Wikipedia.

Vänliga hälsningar,
<ange ditt namn>",ja,ej_aktuell,,,finns,2026-10-08T18:55:43Z,Lena Hallengren,Kalmar län,True,"sv: https://sv.wikipedia.org/wiki/Lena_Hallengren; en: https://en.wikipedia.org/wiki/Lena_Hallengren; arz: https://arz.wikipedia.org/wiki/%D9%84%D9%8A%D9%86%D8%A7_%D9%87%D8%A7%D9%84%D9%8A%D9%86%D8%AC%D8%B1%D9%8A%D9%86; de: https://de.wikipedia.org/wiki/Lena_Hallengren; eo: https://eo.wikipedia.org/wiki/Lena_Hallengren; et: https://et.wikipedia.org/wiki/Lena_Hallengren; fi: https://fi.wikipedia.org/wiki/Lena_Hallengren; fr: https://fr.wikipedia.org/wiki/Lena_Hallengren; hy: https://hy.wikipedia.org/wiki/%D4%BC%D5%A5%D5%B6%D5%A1_%D5%80%D5%A1%D5%AC%D5%A5%D5%B6%D5%A3%D6%80%D5%A5%D5%B6; id: https://id.wikipedia.org/wiki/Lena_Hallengren; nl: https://nl.wikipedia.org/wiki/Lena_Hallengren; no: https://no.wikipedia.org/wiki/Lena_Hallengren; pl: https://pl.wikipedia.org/wiki/Lena_Hallengren; ru: https://ru.wikipedia.org/wiki/%D0%A5%D0%B0%D0%BB%D0%BB%D0%B5%D0%BD%D0%B3%D1%80%D0%B5%D0%BD,_%D0%9B%D0%B5%D0%BD%D0%B0; uk: https://uk.wikipedia.org/wiki/%D0%9B%D0%B5%D0%BD%D0%B0_%D0%93%D0%B0%D0%BB%D0%BB%D0%B5%D0%BD%D0%B3%D1%80%D0%B5%D0%BD",CC BY 2.0,European Centre for Disease Prevention and Control,https://commons.wikimedia.org/wiki/File:Visit_of_Swedish_Minister_for_Health_and_Social_Affairs_(49468165378)_(cropped).jpg
Louise Thunström,S,Västra Götalands läns norra,Tjänstgörande riksdagsledamot,1973,ee34af33-039e-4eaa-b7dc-819721bb8ce9,0905254899611,Q114031249,Saknar bild (P18),,,https://data.riksdagen.se/filarkiv/bilder/ledamot/ee34af33-039e-4eaa-b7dc-819721bb8ce9_192.jpg,louise.thunstrom@riksdagen.se,Porträttbild till Wikipedia under fri licens,"Hej Louise Thunström,

Jag bidrar till Wikipedia och vill gärna att artikeln om dig ska kunna illustreras med en aktuell porträttbild. Skulle du kunna hjälpa oss genom att ladda upp en bild till Wikimedia Commons under en fri licens, exempelvis CC BY 4.0?

Här finns Wikipedia-artiklarna om dig:
- sv: Louise Thunström – https://sv.wikipedia.org/wiki/Louise_Thunstr%C3%B6m
- en: Louise Thunström – https://en.wikipedia.org/wiki/Louise_Thunstr%C3%B6m

Det kräver att fotografen eller den som äger rättigheterna godkänner licensen. Fotografen anges vid användning, och bilden får återanvändas och bearbetas, även i kommersiella sammanhang.

Digg och PRV rekommenderar öppna licenser för offentlig information, som ett komplement till EU öppna data-direktiv från 2019 (https://eur-lex.europa.eu/legal-content/SV/TXT/?uri=CELEX%3A32019L1024). Riksdagens nuvarande bildvillkor anger däremot ingen sådan tydlig fri licens för ledamöternas porträtt trots begäran om det.

En bild från dig vore ett konkret steg framåt. Jag hjälper gärna till med uppladdningen och uppgifter om fotograf och licens.
Du får också gärna lyfta frågan inom riksdagen: varför inte publicera ledamöternas porträtt som ett samlat dataset med tydliga fria licenser?
Hjälp oss att komma vidare och göra våra folkvalda lättare att presentera på Wikipedia.

Vänliga hälsningar,
<ange ditt namn>",ja,finns,2026-10-08T18:55:41Z,Louise Thunström,finns,2026-10-08T18:55:43Z,Louise Thunström,Västra Götalands län,False,sv: https://sv.wikipedia.org/wiki/Louise_Thunstr%C3%B6m; en: https://en.wikipedia.org/wiki/Louise_Thunstr%C3%B6m,,,
Magdalena Andersson,S,Stockholms län,Tjänstgörande riksdagsledamot,1967,dcc2ab7d-3fc1-4a28-b3c7-be1679c047b3,098412828516,Q4935873,Har bild (P18),http://commons.wikimedia.org/wiki/Special:FilePath/Swedish%20Prime%20Minister%20Andersson%20%282021%29.jpg,,https://data.riksdagen.se/filarkiv/bilder/ledamot/dcc2ab7d-3fc1-4a28-b3c7-be1679c047b3_192.jpg,magdalena.andersson@riksdagen.se,Porträttbild till Wikipedia under fri licens,"Hej Magdalena Andersson,

Jag bidrar till Wikipedia och vill gärna att artikeln om dig ska kunna illustreras med en aktuell porträttbild. Skulle du kunna hjälpa oss genom att ladda upp en bild till Wikimedia Commons under en fri licens, exempelvis CC BY 4.0?

Här finns Wikipedia-artiklarna om dig:
- sv: Magdalena Andersson – https://sv.wikipedia.org/wiki/Magdalena_Andersson
- en: Magdalena Andersson – https://en.wikipedia.org/wiki/Magdalena_Andersson
- ar: ماغدالينا أندرسون – https://ar.wikipedia.org/wiki/%D9%85%D8%A7%D8%BA%D8%AF%D8%A7%D9%84%D9%8A%D9%86%D8%A7_%D8%A3%D9%86%D8%AF%D8%B1%D8%B3%D9%88%D9%86
- arz: ماجدالينا اندرسون – https://arz.wikipedia.org/wiki/%D9%85%D8%A7%D8%AC%D8%AF%D8%A7%D9%84%D9%8A%D9%86%D8%A7_%D8%A7%D9%86%D8%AF%D8%B1%D8%B3%D9%88%D9%86
- az: Maqdalena Anderson – https://az.wikipedia.org/wiki/Maqdalena_Anderson
- bcl: Magdalena Anderson – https://bcl.wikipedia.org/wiki/Magdalena_Anderson
- be: Магдалена Андэрсан – https://be.wikipedia.org/wiki/%D0%9C%D0%B0%D0%B3%D0%B4%D0%B0%D0%BB%D0%B5%D0%BD%D0%B0_%D0%90%D0%BD%D0%B4%D1%8D%D1%80%D1%81%D0%B0%D0%BD
- br: Magdalena Andersson – https://br.wikipedia.org/wiki/Magdalena_Andersson
- ca: Magdalena Andersson – https://ca.wikipedia.org/wiki/Magdalena_Andersson
- ckb: ماگدالێنا ئاندرسن – https://ckb.wikipedia.org/wiki/%D9%85%D8%A7%DA%AF%D8%AF%D8%A7%D9%84%DB%8E%D9%86%D8%A7_%D8%A6%D8%A7%D9%86%D8%AF%D8%B1%D8%B3%D9%86
- cs: Magdalena Anderssonová – https://cs.wikipedia.org/wiki/Magdalena_Anderssonov%C3%A1
- cy: Magdalena Andersson – https://cy.wikipedia.org/wiki/Magdalena_Andersson
- da: Magdalena Andersson – https://da.wikipedia.org/wiki/Magdalena_Andersson
- de: Magdalena Andersson – https://de.wikipedia.org/wiki/Magdalena_Andersson
- dtp: Magdalena Andersson – https://dtp.wikipedia.org/wiki/Magdalena_Andersson
- el: Μαγκνταλένα Άντερσον – https://el.wikipedia.org/wiki/%CE%9C%CE%B1%CE%B3%CE%BA%CE%BD%CF%84%CE%B1%CE%BB%CE%AD%CE%BD%CE%B1_%CE%86%CE%BD%CF%84%CE%B5%CF%81%CF%83%CE%BF%CE%BD
- eo: Magdalena Andersson – https://eo.wikipedia.org/wiki/Magdalena_Andersson
- es: Magdalena Andersson – https://es.wikipedia.org/wiki/Magdalena_Andersson
- et: Magdalena Andersson – https://et.wikipedia.org/wiki/Magdalena_Andersson
- eu: Magdalena Andersson – https://eu.wikipedia.org/wiki/Magdalena_Andersson
- fa: ماگدالنا اندرسون – https://fa.wikipedia.org/wiki/%D9%85%D8%A7%DA%AF%D8%AF%D8%A7%D9%84%D9%86%D8%A7_%D8%A7%D9%86%D8%AF%D8%B1%D8%B3%D9%88%D9%86
- fi: Magdalena Andersson – https://fi.wikipedia.org/wiki/Magdalena_Andersson
- fo: Magdalena Andersson – https://fo.wikipedia.org/wiki/Magdalena_Andersson
- fr: Magdalena Andersson – https://fr.wikipedia.org/wiki/Magdalena_Andersson
- fy: Magdalena Andersson – https://fy.wikipedia.org/wiki/Magdalena_Andersson
- ha: Magdalena Andersson – https://ha.wikipedia.org/wiki/Magdalena_Andersson
- he: מגדלנה אנדשון – https://he.wikipedia.org/wiki/%D7%9E%D7%92%D7%93%D7%9C%D7%A0%D7%94_%D7%90%D7%A0%D7%93%D7%A9%D7%95%D7%9F
- hu: Magdalena Andersson – https://hu.wikipedia.org/wiki/Magdalena_Andersson
- hy: Մագդալենա Անդերսոն – https://hy.wikipedia.org/wiki/%D5%84%D5%A1%D5%A3%D5%A4%D5%A1%D5%AC%D5%A5%D5%B6%D5%A1_%D4%B1%D5%B6%D5%A4%D5%A5%D6%80%D5%BD%D5%B8%D5%B6
- id: Magdalena Andersson – https://id.wikipedia.org/wiki/Magdalena_Andersson
- io: Magdalena Andersson – https://io.wikipedia.org/wiki/Magdalena_Andersson
- is: Magdalena Andersson – https://is.wikipedia.org/wiki/Magdalena_Andersson
- it: Magdalena Andersson – https://it.wikipedia.org/wiki/Magdalena_Andersson
- ja: マグダレナ・アンデション – https://ja.wikipedia.org/wiki/%E3%83%9E%E3%82%B0%E3%83%80%E3%83%AC%E3%83%8A%E3%83%BB%E3%82%A2%E3%83%B3%E3%83%87%E3%82%B7%E3%83%A7%E3%83%B3
- jv: Magdalena Andersson – https://jv.wikipedia.org/wiki/Magdalena_Andersson
- ka: მაგდალენა ანდერსონი – https://ka.wikipedia.org/wiki/%E1%83%9B%E1%83%90%E1%83%92%E1%83%93%E1%83%90%E1%83%9A%E1%83%94%E1%83%9C%E1%83%90_%E1%83%90%E1%83%9C%E1%83%93%E1%83%94%E1%83%A0%E1%83%A1%E1%83%9D%E1%83%9C%E1%83%98
- ko: 마그달레나 안데르손 – https://ko.wikipedia.org/wiki/%EB%A7%88%EA%B7%B8%EB%8B%AC%EB%A0%88%EB%82%98_%EC%95%88%EB%8D%B0%EB%A5%B4%EC%86%90
- la: Magdalena Andersson – https://la.wikipedia.org/wiki/Magdalena_Andersson
- lb: Magdalena Andersson – https://lb.wikipedia.org/wiki/Magdalena_Andersson
- li: Magdalena Andersson – https://li.wikipedia.org/wiki/Magdalena_Andersson
- lv: Magdalēna Andešone – https://lv.wikipedia.org/wiki/Magdal%C4%93na_Ande%C5%A1one
- mk: Магдалена Андерсон – https://mk.wikipedia.org/wiki/%D0%9C%D0%B0%D0%B3%D0%B4%D0%B0%D0%BB%D0%B5%D0%BD%D0%B0_%D0%90%D0%BD%D0%B4%D0%B5%D1%80%D1%81%D0%BE%D0%BD
- ml: മഗ്ദെലന ആൻഡേഴ്സൺ (ജനാധിപത്യസോഷ്യലിസ്റ്റ്) – https://ml.wikipedia.org/wiki/%E0%B4%AE%E0%B4%97%E0%B5%8D%E0%B4%A6%E0%B5%86%E0%B4%B2%E0%B4%A8_%E0%B4%86%E0%B5%BB%E0%B4%A1%E0%B5%87%E0%B4%B4%E0%B5%8D%E0%B4%B8%E0%B5%BA_(%E0%B4%9C%E0%B4%A8%E0%B4%BE%E0%B4%A7%E0%B4%BF%E0%B4%AA%E0%B4%A4%E0%B5%8D%E0%B4%AF%E0%B4%B8%E0%B5%8B%E0%B4%B7%E0%B5%8D%E0%B4%AF%E0%B4%B2%E0%B4%BF%E0%B4%B8%E0%B5%8D%E0%B4%B1%E0%B5%8D%E0%B4%B1%E0%B5%8D)
- ms: Magdalena Andersson – https://ms.wikipedia.org/wiki/Magdalena_Andersson
- nl: Magdalena Andersson – https://nl.wikipedia.org/wiki/Magdalena_Andersson
- nn: Magdalena Andersson – https://nn.wikipedia.org/wiki/Magdalena_Andersson
- no: Magdalena Andersson – https://no.wikipedia.org/wiki/Magdalena_Andersson
- pl: Magdalena Andersson – https://pl.wikipedia.org/wiki/Magdalena_Andersson
- pnb: مگدالینا ایندرسن – https://pnb.wikipedia.org/wiki/%D9%85%DA%AF%D8%AF%D8%A7%D9%84%DB%8C%D9%86%D8%A7_%D8%A7%DB%8C%D9%86%D8%AF%D8%B1%D8%B3%D9%86
- pt: Magdalena Andersson – https://pt.wikipedia.org/wiki/Magdalena_Andersson
- ro: Magdalena Andersson – https://ro.wikipedia.org/wiki/Magdalena_Andersson
- ru: Андерссон, Магдалена – https://ru.wikipedia.org/wiki/%D0%90%D0%BD%D0%B4%D0%B5%D1%80%D1%81%D1%81%D0%BE%D0%BD,_%D0%9C%D0%B0%D0%B3%D0%B4%D0%B0%D0%BB%D0%B5%D0%BD%D0%B0
- se: Magdalena Andersson – https://se.wikipedia.org/wiki/Magdalena_Andersson
- si: මැග්ඩලියනා අන්ඩර්සොන් – https://si.wikipedia.org/wiki/%E0%B6%B8%E0%B7%90%E0%B6%9C%E0%B7%8A%E0%B6%A9%E0%B6%BD%E0%B7%92%E0%B6%BA%E0%B6%B1%E0%B7%8F_%E0%B6%85%E0%B6%B1%E0%B7%8A%E0%B6%A9%E0%B6%BB%E0%B7%8A%E0%B7%83%E0%B7%9C%E0%B6%B1%E0%B7%8A
- simple: Magdalena Andersson – https://simple.wikipedia.org/wiki/Magdalena_Andersson
- skr: مگدالینا ایندرسن – https://skr.wikipedia.org/wiki/%D9%85%DA%AF%D8%AF%D8%A7%D9%84%DB%8C%D9%86%D8%A7_%D8%A7%DB%8C%D9%86%D8%AF%D8%B1%D8%B3%D9%86
- sl: Magdalena Andersson – https://sl.wikipedia.org/wiki/Magdalena_Andersson
- smn: Magdalena Andersson – https://smn.wikipedia.org/wiki/Magdalena_Andersson
- so: Magdalena Andersson – https://so.wikipedia.org/wiki/Magdalena_Andersson
- sq: Magdalena Andersson – https://sq.wikipedia.org/wiki/Magdalena_Andersson
- th: มักดาเลียนา อันเดอช็อน – https://th.wikipedia.org/wiki/%E0%B8%A1%E0%B8%B1%E0%B8%81%E0%B8%94%E0%B8%B2%E0%B9%80%E0%B8%A5%E0%B8%B5%E0%B8%A2%E0%B8%99%E0%B8%B2_%E0%B8%AD%E0%B8%B1%E0%B8%99%E0%B9%80%E0%B8%94%E0%B8%AD%E0%B8%8A%E0%B9%87%E0%B8%AD%E0%B8%99
- tok: jan Matalena Anteson – https://tok.wikipedia.org/wiki/jan_Matalena_Anteson
- tr: Magdalena Andersson – https://tr.wikipedia.org/wiki/Magdalena_Andersson
- uk: Магдалена Андерссон – https://uk.wikipedia.org/wiki/%D0%9C%D0%B0%D0%B3%D0%B4%D0%B0%D0%BB%D0%B5%D0%BD%D0%B0_%D0%90%D0%BD%D0%B4%D0%B5%D1%80%D1%81%D1%81%D0%BE%D0%BD
- ur: مگدالینا ایندرسن – https://ur.wikipedia.org/wiki/%D9%85%DA%AF%D8%AF%D8%A7%D9%84%DB%8C%D9%86%D8%A7_%D8%A7%DB%8C%D9%86%D8%AF%D8%B1%D8%B3%D9%86
- uz: Magdalena Andersson – https://uz.wikipedia.org/wiki/Magdalena_Andersson
- vi: Magdalena Andersson – https://vi.wikipedia.org/wiki/Magdalena_Andersson
- zea: Magdalena Andersson – https://zea.wikipedia.org/wiki/Magdalena_Andersson
- zh: 玛格达莱娜·安德松 – https://zh.wikipedia.org/wiki/%E7%8E%9B%E6%A0%BC%E8%BE%BE%E8%8E%B1%E5%A8%9C%C2%B7%E5%AE%89%E5%BE%B7%E6%9D%BE

Det kräver att fotografen eller den som äger rättigheterna godkänner licensen. Fotografen anges vid användning, och bilden får återanvändas och bearbetas, även i kommersiella sammanhang.

Digg och PRV rekommenderar öppna licenser för offentlig information, som ett komplement till EU öppna data-direktiv från 2019 (https://eur-lex.europa.eu/legal-content/SV/TXT/?uri=CELEX%3A32019L1024). Riksdagens nuvarande bildvillkor anger däremot ingen sådan tydlig fri licens för ledamöternas porträtt trots begäran om det.

En bild från dig vore ett konkret steg framåt. Jag hjälper gärna till med uppladdningen och uppgifter om fotograf och licens.
Du får också gärna lyfta frågan inom riksdagen: varför inte publicera ledamöternas porträtt som ett samlat dataset med tydliga fria licenser?
Hjälp oss att komma vidare och göra våra folkvalda lättare att presentera på Wikipedia.

Vänliga hälsningar,
<ange ditt namn>",ja,ej_aktuell,,,finns,2026-10-08T18:55:43Z,Magdalena Andersson,Stockholms län,True,"sv: https://sv.wikipedia.org/wiki/Magdalena_Andersson; en: https://en.wikipedia.org/wiki/Magdalena_Andersson; ar: https://ar.wikipedia.org/wiki/%D9%85%D8%A7%D8%BA%D8%AF%D8%A7%D9%84%D9%8A%D9%86%D8%A7_%D8%A3%D9%86%D8%AF%D8%B1%D8%B3%D9%88%D9%86; arz: https://arz.wikipedia.org/wiki/%D9%85%D8%A7%D8%AC%D8%AF%D8%A7%D9%84%D9%8A%D9%86%D8%A7_%D8%A7%D9%86%D8%AF%D8%B1%D8%B3%D9%88%D9%86; az: https://az.wikipedia.org/wiki/Maqdalena_Anderson; bcl: https://bcl.wikipedia.org/wiki/Magdalena_Anderson; be: https://be.wikipedia.org/wiki/%D0%9C%D0%B0%D0%B3%D0%B4%D0%B0%D0%BB%D0%B5%D0%BD%D0%B0_%D0%90%D0%BD%D0%B4%D1%8D%D1%80%D1%81%D0%B0%D0%BD; br: https://br.wikipedia.org/wiki/Magdalena_Andersson; ca: https://ca.wikipedia.org/wiki/Magdalena_Andersson; ckb: https://ckb.wikipedia.org/wiki/%D9%85%D8%A7%DA%AF%D8%AF%D8%A7%D9%84%DB%8E%D9%86%D8%A7_%D8%A6%D8%A7%D9%86%D8%AF%D8%B1%D8%B3%D9%86; cs: https://cs.wikipedia.org/wiki/Magdalena_Anderssonov%C3%A1; cy: https://cy.wikipedia.org/wiki/Magdalena_Andersson; da: https://da.wikipedia.org/wiki/Magdalena_Andersson; de: https://de.wikipedia.org/wiki/Magdalena_Andersson; dtp: https://dtp.wikipedia.org/wiki/Magdalena_Andersson; el: https://el.wikipedia.org/wiki/%CE%9C%CE%B1%CE%B3%CE%BA%CE%BD%CF%84%CE%B1%CE%BB%CE%AD%CE%BD%CE%B1_%CE%86%CE%BD%CF%84%CE%B5%CF%81%CF%83%CE%BF%CE%BD; eo: https://eo.wikipedia.org/wiki/Magdalena_Andersson; es: https://es.wikipedia.org/wiki/Magdalena_Andersson; et: https://et.wikipedia.org/wiki/Magdalena_Andersson; eu: https://eu.wikipedia.org/wiki/Magdalena_Andersson; fa: https://fa.wikipedia.org/wiki/%D9%85%D8%A7%DA%AF%D8%AF%D8%A7%D9%84%D9%86%D8%A7_%D8%A7%D9%86%D8%AF%D8%B1%D8%B3%D9%88%D9%86; fi: https://fi.wikipedia.org/wiki/Magdalena_Andersson; fo: https://fo.wikipedia.org/wiki/Magdalena_Andersson; fr: https://fr.wikipedia.org/wiki/Magdalena_Andersson; fy: https://fy.wikipedia.org/wiki/Magdalena_Andersson; ha: https://ha.wikipedia.org/wiki/Magdalena_Andersson; he: https://he.wikipedia.org/wiki/%D7%9E%D7%92%D7%93%D7%9C%D7%A0%D7%94_%D7%90%D7%A0%D7%93%D7%A9%D7%95%D7%9F; hu: https://hu.wikipedia.org/wiki/Magdalena_Andersson; hy: https://hy.wikipedia.org/wiki/%D5%84%D5%A1%D5%A3%D5%A4%D5%A1%D5%AC%D5%A5%D5%B6%D5%A1_%D4%B1%D5%B6%D5%A4%D5%A5%D6%80%D5%BD%D5%B8%D5%B6; id: https://id.wikipedia.org/wiki/Magdalena_Andersson; io: https://io.wikipedia.org/wiki/Magdalena_Andersson; is: https://is.wikipedia.org/wiki/Magdalena_Andersson; it: https://it.wikipedia.org/wiki/Magdalena_Andersson; ja: https://ja.wikipedia.org/wiki/%E3%83%9E%E3%82%B0%E3%83%80%E3%83%AC%E3%83%8A%E3%83%BB%E3%82%A2%E3%83%B3%E3%83%87%E3%82%B7%E3%83%A7%E3%83%B3; jv: https://jv.wikipedia.org/wiki/Magdalena_Andersson; ka: https://ka.wikipedia.org/wiki/%E1%83%9B%E1%83%90%E1%83%92%E1%83%93%E1%83%90%E1%83%9A%E1%83%94%E1%83%9C%E1%83%90_%E1%83%90%E1%83%9C%E1%83%93%E1%83%94%E1%83%A0%E1%83%A1%E1%83%9D%E1%83%9C%E1%83%98; ko: https://ko.wikipedia.org/wiki/%EB%A7%88%EA%B7%B8%EB%8B%AC%EB%A0%88%EB%82%98_%EC%95%88%EB%8D%B0%EB%A5%B4%EC%86%90; la: https://la.wikipedia.org/wiki/Magdalena_Andersson; lb: https://lb.wikipedia.org/wiki/Magdalena_Andersson; li: https://li.wikipedia.org/wiki/Magdalena_Andersson; lv: https://lv.wikipedia.org/wiki/Magdal%C4%93na_Ande%C5%A1one; mk: https://mk.wikipedia.org/wiki/%D0%9C%D0%B0%D0%B3%D0%B4%D0%B0%D0%BB%D0%B5%D0%BD%D0%B0_%D0%90%D0%BD%D0%B4%D0%B5%D1%80%D1%81%D0%BE%D0%BD; ml: https://ml.wikipedia.org/wiki/%E0%B4%AE%E0%B4%97%E0%B5%8D%E0%B4%A6%E0%B5%86%E0%B4%B2%E0%B4%A8_%E0%B4%86%E0%B5%BB%E0%B4%A1%E0%B5%87%E0%B4%B4%E0%B5%8D%E0%B4%B8%E0%B5%BA_(%E0%B4%9C%E0%B4%A8%E0%B4%BE%E0%B4%A7%E0%B4%BF%E0%B4%AA%E0%B4%A4%E0%B5%8D%E0%B4%AF%E0%B4%B8%E0%B5%8B%E0%B4%B7%E0%B5%8D%E0%B4%AF%E0%B4%B2%E0%B4%BF%E0%B4%B8%E0%B5%8D%E0%B4%B1%E0%B5%8D%E0%B4%B1%E0%B5%8D); ms: https://ms.wikipedia.org/wiki/Magdalena_Andersson; nl: https://nl.wikipedia.org/wiki/Magdalena_Andersson; nn: https://nn.wikipedia.org/wiki/Magdalena_Andersson; no: https://no.wikipedia.org/wiki/Magdalena_Andersson; pl: https://pl.wikipedia.org/wiki/Magdalena_Andersson; pnb: https://pnb.wikipedia.org/wiki/%D9%85%DA%AF%D8%AF%D8%A7%D9%84%DB%8C%D9%86%D8%A7_%D8%A7%DB%8C%D9%86%D8%AF%D8%B1%D8%B3%D9%86; pt: https://pt.wikipedia.org/wiki/Magdalena_Andersson; ro: https://ro.wikipedia.org/wiki/Magdalena_Andersson; ru: https://ru.wikipedia.org/wiki/%D0%90%D0%BD%D0%B4%D0%B5%D1%80%D1%81%D1%81%D0%BE%D0%BD,_%D0%9C%D0%B0%D0%B3%D0%B4%D0%B0%D0%BB%D0%B5%D0%BD%D0%B0; se: https://se.wikipedia.org/wiki/Magdalena_Andersson; si: https://si.wikipedia.org/wiki/%E0%B6%B8%E0%B7%90%E0%B6%9C%E0%B7%8A%E0%B6%A9%E0%B6%BD%E0%B7%92%E0%B6%BA%E0%B6%B1%E0%B7%8F_%E0%B6%85%E0%B6%B1%E0%B7%8A%E0%B6%A9%E0%B6%BB%E0%B7%8A%E0%B7%83%E0%B7%9C%E0%B6%B1%E0%B7%8A; simple: https://simple.wikipedia.org/wiki/Magdalena_Andersson; skr: https://skr.wikipedia.org/wiki/%D9%85%DA%AF%D8%AF%D8%A7%D9%84%DB%8C%D9%86%D8%A7_%D8%A7%DB%8C%D9%86%D8%AF%D8%B1%D8%B3%D9%86; sl: https://sl.wikipedia.org/wiki/Magdalena_Andersson; smn: https://smn.wikipedia.org/wiki/Magdalena_Andersson; so: https://so.wikipedia.org/wiki/Magdalena_Andersson; sq: https://sq.wikipedia.org/wiki/Magdalena_Andersson; th: https://th.wikipedia.org/wiki/%E0%B8%A1%E0%B8%B1%E0%B8%81%E0%B8%94%E0%B8%B2%E0%B9%80%E0%B8%A5%E0%B8%B5%E0%B8%A2%E0%B8%99%E0%B8%B2_%E0%B8%AD%E0%B8%B1%E0%B8%99%E0%B9%80%E0%B8%94%E0%B8%AD%E0%B8%8A%E0%B9%87%E0%B8%AD%E0%B8%99; tok: https://tok.wikipedia.org/wiki/jan_Matalena_Anteson; tr: https://tr.wikipedia.org/wiki/Magdalena_Andersson; uk: https://uk.wikipedia.org/wiki/%D0%9C%D0%B0%D0%B3%D0%B4%D0%B0%D0%BB%D0%B5%D0%BD%D0%B0_%D0%90%D0%BD%D0%B4%D0%B5%D1%80%D1%81%D1%81%D0%BE%D0%BD; ur: https://ur.wikipedia.org/wiki/%D9%85%DA%AF%D8%AF%D8%A7%D9%84%DB%8C%D9%86%D8%A7_%D8%A7%DB%8C%D9%86%D8%AF%D8%B1%D8%B3%D9%86; uz: https://uz.wikipedia.org/wiki/Magdalena_Andersson; vi: https://vi.wikipedia.org/wiki/Magdalena_Andersson; zea: https://zea.wikipedia.org/wiki/Magdalena_Andersson; zh: https://zh.wikipedia.org/wiki/%E7%8E%9B%E6%A0%BC%E8%BE%BE%E8%8E%B1%E5%A8%9C%C2%B7%E5%AE%89%E5%BE%B7%E6%9D%BE",Public domain,U.S. Department of State from the United States.,https://commons.wikimedia.org/wiki/File:Swedish_Prime_Minister_Andersson_(2021).jpg
Magnus Johansson,S,Blekinge län,Tjänstgörande riksdagsledamot,1967,63a0f142-d671-4b98-beba-3201422f15a6,0471642162218,Q21717750,Har bild (P18),http://commons.wikimedia.org/wiki/Special:FilePath/Magnus%20Johansson%20Blekinge.jpg,,https://data.riksdagen.se/filarkiv/bilder/ledamot/63a0f142-d671-4b98-beba-3201422f15a6_192.jpg,magnus.j.johansson@riksdagen.se,Porträttbild till Wikipedia under fri licens,"Hej Magnus Johansson,

Jag bidrar till Wikipedia och vill gärna att artikeln om dig ska kunna illustreras med en aktuell porträttbild. Skulle du kunna hjälpa oss genom att ladda upp en bild till Wikimedia Commons under en fri licens, exempelvis CC BY 4.0?

Här finns Wikipedia-artiklarna om dig:
- sv: Magnus Johansson (socialdemokrat) – https://sv.wikipedia.org/wiki/Magnus_Johansson_(socialdemokrat)
- arz: ماجنوس جوهانسون – https://arz.wikipedia.org/wiki/%D9%85%D8%A7%D8%AC%D9%86%D9%88%D8%B3_%D8%AC%D9%88%D9%87%D8%A7%D9%86%D8%B3%D9%88%D9%86

Det kräver att fotografen eller den som äger rättigheterna godkänner licensen. Fotografen anges vid användning, och bilden får återanvändas och bearbetas, även i kommersiella sammanhang.

Digg och PRV rekommenderar öppna licenser för offentlig information, som ett komplement till EU öppna data-direktiv från 2019 (https://eur-lex.europa.eu/legal-content/SV/TXT/?uri=CELEX%3A32019L1024). Riksdagens nuvarande bildvillkor anger däremot ingen sådan tydlig fri licens för ledamöternas porträtt trots begäran om det.

En bild från dig vore ett konkret steg framåt. Jag hjälper gärna till med uppladdningen och uppgifter om fotograf och licens.
Du får också gärna lyfta frågan inom riksdagen: varför inte publicera ledamöternas porträtt som ett samlat dataset med tydliga fria licenser?
Hjälp oss att komma vidare och göra våra folkvalda lättare att presentera på Wikipedia.

Vänliga hälsningar,
<ange ditt namn>",ja,ej_aktuell,,,finns,2026-10-08T18:55:43Z,Magnus Johansson (socialdemokrat),Blekinge län,True,sv: https://sv.wikipedia.org/wiki/Magnus_Johansson_(socialdemokrat); arz: https://arz.wikipedia.org/wiki/%D9%85%D8%A7%D8%AC%D9%86%D9%88%D8%B3_%D8%AC%D9%88%D9%87%D8%A7%D9%86%D8%B3%D9%88%D9%86,CC BY-SA 4.0,MagnusBjorkis,https://commons.wikimedia.org/wiki/File:Magnus_Johansson_Blekinge.jpg
Malin Larsson,S,Västernorrlands län,Tjänstgörande riksdagsledamot,1980,39523176-322e-469e-a754-3c46db2b0756,0203877548421,Q60823079,Har bild (P18),http://commons.wikimedia.org/wiki/Special:FilePath/Malin%20Larsson.jpg,,https://data.riksdagen.se/filarkiv/bilder/ledamot/39523176-322e-469e-a754-3c46db2b0756_192.jpg,malin.larsson@riksdagen.se,Porträttbild till Wikipedia under fri licens,"Hej Malin Larsson,

Jag bidrar till Wikipedia och vill gärna att artikeln om dig ska kunna illustreras med en aktuell porträttbild. Skulle du kunna hjälpa oss genom att ladda upp en bild till Wikimedia Commons under en fri licens, exempelvis CC BY 4.0?

Här finns Wikipedia-artiklarna om dig:
- sv: Malin Larsson (politiker) – https://sv.wikipedia.org/wiki/Malin_Larsson_(politiker)
- en: Malin Larsson – https://en.wikipedia.org/wiki/Malin_Larsson

Det kräver att fotografen eller den som äger rättigheterna godkänner licensen. Fotografen anges vid användning, och bilden får återanvändas och bearbetas, även i kommersiella sammanhang.

Digg och PRV rekommenderar öppna licenser för offentlig information, som ett komplement till EU öppna data-direktiv från 2019 (https://eur-lex.europa.eu/legal-content/SV/TXT/?uri=CELEX%3A32019L1024). Riksdagens nuvarande bildvillkor anger däremot ingen sådan tydlig fri licens för ledamöternas porträtt trots begäran om det.

En bild från dig vore ett konkret steg framåt. Jag hjälper gärna till med uppladdningen och uppgifter om fotograf och licens.
Du får också gärna lyfta frågan inom riksdagen: varför inte publicera ledamöternas porträtt som ett samlat dataset med tydliga fria licenser?
Hjälp oss att komma vidare och göra våra folkvalda lättare att presentera på Wikipedia.

Vänliga hälsningar,
<ange ditt namn>",ja,ej_aktuell,,,finns,2026-10-08T18:55:43Z,Malin Larsson (politiker),Västernorrlands län,True,sv: https://sv.wikipedia.org/wiki/Malin_Larsson_(politiker); en: https://en.wikipedia.org/wiki/Malin_Larsson,CC BY-SA 4.0,Andreas Ericsson / Socialdemokratiska arbetarepartiet,https://commons.wikimedia.org/wiki/File:Malin_Larsson.jpg
Malin Malm,S,Västerbottens län,Tjänstgörande riksdagsledamot,1994,21b6bfb4-6032-41bb-a9eb-04f3d759c1dd,0151793888627,Q67768885,Saknar bild (P18),,,https://data.riksdagen.se/filarkiv/bilder/ledamot/21b6bfb4-6032-41bb-a9eb-04f3d759c1dd_192.jpg,malin.malm@riksdagen.se,Porträttbild till Wikipedia under fri licens,"Hej Malin Malm,

Jag bidrar till Wikipedia och vill gärna att artikeln om dig ska kunna illustreras med en aktuell porträttbild. Skulle du kunna hjälpa oss genom att ladda upp en bild till Wikimedia Commons under en fri licens, exempelvis CC BY 4.0?

Här finns Wikipedia-artiklarna om dig:
- sv: Malin Malm – https://sv.wikipedia.org/wiki/Malin_Malm
- en: Malin Malm – https://en.wikipedia.org/wiki/Malin_Malm

Det kräver att fotografen eller den som äger rättigheterna godkänner licensen. Fotografen anges vid användning, och bilden får återanvändas och bearbetas, även i kommersiella sammanhang.

Digg och PRV rekommenderar öppna licenser för offentlig information, som ett komplement till EU öppna data-direktiv från 2019 (https://eur-lex.europa.eu/legal-content/SV/TXT/?uri=CELEX%3A32019L1024). Riksdagens nuvarande bildvillkor anger däremot ingen sådan tydlig fri licens för ledamöternas porträtt trots begäran om det.

En bild från dig vore ett konkret steg framåt. Jag hjälper gärna till med uppladdningen och uppgifter om fotograf och licens.
Du får också gärna lyfta frågan inom riksdagen: varför inte publicera ledamöternas porträtt som ett samlat dataset med tydliga fria licenser?
Hjälp oss att komma vidare och göra våra folkvalda lättare att presentera på Wikipedia.

Vänliga hälsningar,
<ange ditt namn>",ja,finns,2026-10-08T18:55:41Z,Malin Malm,finns,2026-10-08T18:55:43Z,Malin Malm,Västerbottens län,False,sv: https://sv.wikipedia.org/wiki/Malin_Malm; en: https://en.wikipedia.org/wiki/Malin_Malm,,,
Marcus Andersson,S,Västra Götalands läns östra,Tjänstgörande riksdagsledamot,1987,7e0f8999-6a4e-4e2c-835b-eaa2c1a526d7,0174490514929,Q115198538,Saknar bild (P18),,,https://data.riksdagen.se/filarkiv/bilder/ledamot/7e0f8999-6a4e-4e2c-835b-eaa2c1a526d7_192.jpg,marcus.andersson@riksdagen.se,Porträttbild till Wikipedia under fri licens,"Hej Marcus Andersson,

Jag bidrar till Wikipedia och vill gärna att artikeln om dig ska kunna illustreras med en aktuell porträttbild. Skulle du kunna hjälpa oss genom att ladda upp en bild till Wikimedia Commons under en fri licens, exempelvis CC BY 4.0?

Här finns Wikipedia-artiklarna om dig:
- sv: Marcus Andersson – https://sv.wikipedia.org/wiki/Marcus_Andersson

Det kräver att fotografen eller den som äger rättigheterna godkänner licensen. Fotografen anges vid användning, och bilden får återanvändas och bearbetas, även i kommersiella sammanhang.

Digg och PRV rekommenderar öppna licenser för offentlig information, som ett komplement till EU öppna data-direktiv från 2019 (https://eur-lex.europa.eu/legal-content/SV/TXT/?uri=CELEX%3A32019L1024). Riksdagens nuvarande bildvillkor anger däremot ingen sådan tydlig fri licens för ledamöternas porträtt trots begäran om det.

En bild från dig vore ett konkret steg framåt. Jag hjälper gärna till med uppladdningen och uppgifter om fotograf och licens.
Du får också gärna lyfta frågan inom riksdagen: varför inte publicera ledamöternas porträtt som ett samlat dataset med tydliga fria licenser?
Hjälp oss att komma vidare och göra våra folkvalda lättare att presentera på Wikipedia.

Vänliga hälsningar,
<ange ditt namn>",ja,finns,2026-10-08T18:55:41Z,Marcus Andersson,finns,2026-10-08T18:55:43Z,Marcus Andersson,Västra Götalands län,False,sv: https://sv.wikipedia.org/wiki/Marcus_Andersson,,,
Marcus Fridlund,S,Kalmar län,Tjänstgörande riksdagsledamot,1992,a2ed28cc-2e94-4541-a9d6-19064b607223,0518502642228,Q141507544,Saknar bild (P18),,,https://data.riksdagen.se/filarkiv/bilder/ledamot/a2ed28cc-2e94-4541-a9d6-19064b607223_192.jpg,marcus.fridlund@riksdagen.se,Porträttbild till Wikipedia under fri licens,"Hej Marcus Fridlund,

Jag bidrar till Wikipedia och vill gärna att artikeln om dig ska kunna illustreras med en aktuell porträttbild. Skulle du kunna hjälpa oss genom att ladda upp en bild till Wikimedia Commons under en fri licens, exempelvis CC BY 4.0?

Här finns Wikipedia-artiklarna om dig:
- sv: Marcus Fridlund – https://sv.wikipedia.org/wiki/Marcus_Fridlund

Det kräver att fotografen eller den som äger rättigheterna godkänner licensen. Fotografen anges vid användning, och bilden får återanvändas och bearbetas, även i kommersiella sammanhang.

Digg och PRV rekommenderar öppna licenser för offentlig information, som ett komplement till EU öppna data-direktiv från 2019 (https://eur-lex.europa.eu/legal-content/SV/TXT/?uri=CELEX%3A32019L1024). Riksdagens nuvarande bildvillkor anger däremot ingen sådan tydlig fri licens för ledamöternas porträtt trots begäran om det.

En bild från dig vore ett konkret steg framåt. Jag hjälper gärna till med uppladdningen och uppgifter om fotograf och licens.
Du får också gärna lyfta frågan inom riksdagen: varför inte publicera ledamöternas porträtt som ett samlat dataset med tydliga fria licenser?
Hjälp oss att komma vidare och göra våra folkvalda lättare att presentera på Wikipedia.

Vänliga hälsningar,
<ange ditt namn>",ja,finns,2026-10-08T18:55:41Z,Marcus Fridlund,finns,2026-10-08T18:55:43Z,Marcus Fridlund,Kalmar län,False,sv: https://sv.wikipedia.org/wiki/Marcus_Fridlund,,,
Marie Olsson,S,Dalarnas län,Tjänstgörande riksdagsledamot,1967,f1f00905-525e-43fb-bbd2-e15aa3ff1be1,010392780417,Q29059638,Saknar bild (P18),,,https://data.riksdagen.se/filarkiv/bilder/ledamot/f1f00905-525e-43fb-bbd2-e15aa3ff1be1_192.jpg,marie.olsson@riksdagen.se,Porträttbild till Wikipedia under fri licens,"Hej Marie Olsson,

Jag bidrar till Wikipedia och vill gärna att artikeln om dig ska kunna illustreras med en aktuell porträttbild. Skulle du kunna hjälpa oss genom att ladda upp en bild till Wikimedia Commons under en fri licens, exempelvis CC BY 4.0?

Här finns Wikipedia-artiklarna om dig:
- sv: Marie Olsson – https://sv.wikipedia.org/wiki/Marie_Olsson
- en: Marie Olsson – https://en.wikipedia.org/wiki/Marie_Olsson

Det kräver att fotografen eller den som äger rättigheterna godkänner licensen. Fotografen anges vid användning, och bilden får återanvändas och bearbetas, även i kommersiella sammanhang.

Digg och PRV rekommenderar öppna licenser för offentlig information, som ett komplement till EU öppna data-direktiv från 2019 (https://eur-lex.europa.eu/legal-content/SV/TXT/?uri=CELEX%3A32019L1024). Riksdagens nuvarande bildvillkor anger däremot ingen sådan tydlig fri licens för ledamöternas porträtt trots begäran om det.

En bild från dig vore ett konkret steg framåt. Jag hjälper gärna till med uppladdningen och uppgifter om fotograf och licens.
Du får också gärna lyfta frågan inom riksdagen: varför inte publicera ledamöternas porträtt som ett samlat dataset med tydliga fria licenser?
Hjälp oss att komma vidare och göra våra folkvalda lättare att presentera på Wikipedia.

Vänliga hälsningar,
<ange ditt namn>",ja,finns,2026-10-08T18:55:41Z,Marie Olsson,finns,2026-10-08T18:55:43Z,Marie Olsson,Dalarnas län,False,sv: https://sv.wikipedia.org/wiki/Marie_Olsson; en: https://en.wikipedia.org/wiki/Marie_Olsson,,,
Markus Kallifatides,S,Stockholms kommun,Tjänstgörande riksdagsledamot,1972,cf706551-1349-419e-bae8-c9947f280868,0283284978818,Q105928301,Har bild (P18),http://commons.wikimedia.org/wiki/Special:FilePath/Markus%20Kallifatides%2C%20Reformisternas%20h%C3%B6stkonferens%202022.jpg,,https://data.riksdagen.se/filarkiv/bilder/ledamot/cf706551-1349-419e-bae8-c9947f280868_192.jpg,markus.kallifatides@riksdagen.se,Porträttbild till Wikipedia under fri licens,"Hej Markus Kallifatides,

Jag bidrar till Wikipedia och vill gärna att artikeln om dig ska kunna illustreras med en aktuell porträttbild. Skulle du kunna hjälpa oss genom att ladda upp en bild till Wikimedia Commons under en fri licens, exempelvis CC BY 4.0?

Här finns Wikipedia-artiklarna om dig:
- sv: Markus Kallifatides – https://sv.wikipedia.org/wiki/Markus_Kallifatides
- en: Markus Kallifatides – https://en.wikipedia.org/wiki/Markus_Kallifatides

Det kräver att fotografen eller den som äger rättigheterna godkänner licensen. Fotografen anges vid användning, och bilden får återanvändas och bearbetas, även i kommersiella sammanhang.

Digg och PRV rekommenderar öppna licenser för offentlig information, som ett komplement till EU öppna data-direktiv från 2019 (https://eur-lex.europa.eu/legal-content/SV/TXT/?uri=CELEX%3A32019L1024). Riksdagens nuvarande bildvillkor anger däremot ingen sådan tydlig fri licens för ledamöternas porträtt trots begäran om det.

En bild från dig vore ett konkret steg framåt. Jag hjälper gärna till med uppladdningen och uppgifter om fotograf och licens.
Du får också gärna lyfta frågan inom riksdagen: varför inte publicera ledamöternas porträtt som ett samlat dataset med tydliga fria licenser?
Hjälp oss att komma vidare och göra våra folkvalda lättare att presentera på Wikipedia.

Vänliga hälsningar,
<ange ditt namn>",ja,ej_aktuell,,,finns,2026-10-08T18:55:43Z,Markus Kallifatides,Stockholms län,True,sv: https://sv.wikipedia.org/wiki/Markus_Kallifatides; en: https://en.wikipedia.org/wiki/Markus_Kallifatides,CC BY-SA 4.0,Malin Jonsson Höök,"https://commons.wikimedia.org/wiki/File:Markus_Kallifatides,_Reformisternas_h%C3%B6stkonferens_2022.jpg"
Markus Selin,S,Stockholms län,Tjänstgörande riksdagsledamot,1978,4da8bb6b-fc06-4f3a-ba25-f70dfe5eb5a7,0497217816024,Q72922068,Har bild (P18),http://commons.wikimedia.org/wiki/Special:FilePath/Markus%20Selin%202022.jpg,,https://data.riksdagen.se/filarkiv/bilder/ledamot/4da8bb6b-fc06-4f3a-ba25-f70dfe5eb5a7_192.jpg,markus.selin@riksdagen.se,Porträttbild till Wikipedia under fri licens,"Hej Markus Selin,

Jag bidrar till Wikipedia och vill gärna att artikeln om dig ska kunna illustreras med en aktuell porträttbild. Skulle du kunna hjälpa oss genom att ladda upp en bild till Wikimedia Commons under en fri licens, exempelvis CC BY 4.0?

Här finns Wikipedia-artiklarna om dig:
- sv: Markus Selin – https://sv.wikipedia.org/wiki/Markus_Selin
- en: Markus Selin (politician) – https://en.wikipedia.org/wiki/Markus_Selin_(politician)

Det kräver att fotografen eller den som äger rättigheterna godkänner licensen. Fotografen anges vid användning, och bilden får återanvändas och bearbetas, även i kommersiella sammanhang.

Digg och PRV rekommenderar öppna licenser för offentlig information, som ett komplement till EU öppna data-direktiv från 2019 (https://eur-lex.europa.eu/legal-content/SV/TXT/?uri=CELEX%3A32019L1024). Riksdagens nuvarande bildvillkor anger däremot ingen sådan tydlig fri licens för ledamöternas porträtt trots begäran om det.

En bild från dig vore ett konkret steg framåt. Jag hjälper gärna till med uppladdningen och uppgifter om fotograf och licens.
Du får också gärna lyfta frågan inom riksdagen: varför inte publicera ledamöternas porträtt som ett samlat dataset med tydliga fria licenser?
Hjälp oss att komma vidare och göra våra folkvalda lättare att presentera på Wikipedia.

Vänliga hälsningar,
<ange ditt namn>",ja,ej_aktuell,,,finns,2026-10-08T18:55:43Z,Markus Selin,Stockholms län,True,sv: https://sv.wikipedia.org/wiki/Markus_Selin; en: https://en.wikipedia.org/wiki/Markus_Selin_(politician),CC BY-SA 4.0,Andreas Ericsson / Socialdemokratiska arbetarepartiet,https://commons.wikimedia.org/wiki/File:Markus_Selin_2022.jpg
Mathias Tegnér,S,Stockholms län,Tjänstgörande riksdagsledamot,1979,2091e357-e195-430b-8dab-7e13732ffa41,0613297818326,Q24701062,Har bild (P18),http://commons.wikimedia.org/wiki/Special:FilePath/Mathias%20Tegn%C3%A9r.jpg,,https://data.riksdagen.se/filarkiv/bilder/ledamot/2091e357-e195-430b-8dab-7e13732ffa41_192.jpg,mathias.tegner@riksdagen.se,Porträttbild till Wikipedia under fri licens,"Hej Mathias Tegnér,

Jag bidrar till Wikipedia och vill gärna att artikeln om dig ska kunna illustreras med en aktuell porträttbild. Skulle du kunna hjälpa oss genom att ladda upp en bild till Wikimedia Commons under en fri licens, exempelvis CC BY 4.0?

Här finns Wikipedia-artiklarna om dig:
- sv: Mathias Tegnér – https://sv.wikipedia.org/wiki/Mathias_Tegn%C3%A9r
- en: Mathias Tegnér – https://en.wikipedia.org/wiki/Mathias_Tegn%C3%A9r

Det kräver att fotografen eller den som äger rättigheterna godkänner licensen. Fotografen anges vid användning, och bilden får återanvändas och bearbetas, även i kommersiella sammanhang.

Digg och PRV rekommenderar öppna licenser för offentlig information, som ett komplement till EU öppna data-direktiv från 2019 (https://eur-lex.europa.eu/legal-content/SV/TXT/?uri=CELEX%3A32019L1024). Riksdagens nuvarande bildvillkor anger däremot ingen sådan tydlig fri licens för ledamöternas porträtt trots begäran om det.

En bild från dig vore ett konkret steg framåt. Jag hjälper gärna till med uppladdningen och uppgifter om fotograf och licens.
Du får också gärna lyfta frågan inom riksdagen: varför inte publicera ledamöternas porträtt som ett samlat dataset med tydliga fria licenser?
Hjälp oss att komma vidare och göra våra folkvalda lättare att presentera på Wikipedia.

Vänliga hälsningar,
<ange ditt namn>",ja,ej_aktuell,,,finns,2026-10-08T18:55:43Z,Mathias Tegnér,Stockholms län,True,sv: https://sv.wikipedia.org/wiki/Mathias_Tegn%C3%A9r; en: https://en.wikipedia.org/wiki/Mathias_Tegn%C3%A9r,CC0,Ej angiven i Commons,https://commons.wikimedia.org/wiki/File:Mathias_Tegn%C3%A9r.jpg
Matilda Ernkrans,S,Örebro län,Tjänstgörande riksdagsledamot,1973,8166bd73-bf10-4ef8-8e01-1975ca921c12,0983984918111,Q3373058,Har bild (P18),http://commons.wikimedia.org/wiki/Special:FilePath/Matilda%20ernkrans.22g403.1322224.jpg,,https://data.riksdagen.se/filarkiv/bilder/ledamot/8166bd73-bf10-4ef8-8e01-1975ca921c12_192.jpg,matilda.ernkrans@riksdagen.se,Porträttbild till Wikipedia under fri licens,"Hej Matilda Ernkrans,

Jag bidrar till Wikipedia och vill gärna att artikeln om dig ska kunna illustreras med en aktuell porträttbild. Skulle du kunna hjälpa oss genom att ladda upp en bild till Wikimedia Commons under en fri licens, exempelvis CC BY 4.0?

Här finns Wikipedia-artiklarna om dig:
- sv: Matilda Ernkrans – https://sv.wikipedia.org/wiki/Matilda_Ernkrans
- en: Matilda Ernkrans – https://en.wikipedia.org/wiki/Matilda_Ernkrans
- arz: ماتيلدا ارنكرانس – https://arz.wikipedia.org/wiki/%D9%85%D8%A7%D8%AA%D9%8A%D9%84%D8%AF%D8%A7_%D8%A7%D8%B1%D9%86%D9%83%D8%B1%D8%A7%D9%86%D8%B3
- be: Мацільда Эрнкранс – https://be.wikipedia.org/wiki/%D0%9C%D0%B0%D1%86%D1%96%D0%BB%D1%8C%D0%B4%D0%B0_%D0%AD%D1%80%D0%BD%D0%BA%D1%80%D0%B0%D0%BD%D1%81
- de: Matilda Ernkrans – https://de.wikipedia.org/wiki/Matilda_Ernkrans
- eo: Matilda Ernkrans – https://eo.wikipedia.org/wiki/Matilda_Ernkrans
- et: Matilda Ernkrans – https://et.wikipedia.org/wiki/Matilda_Ernkrans
- fi: Matilda Ernkrans – https://fi.wikipedia.org/wiki/Matilda_Ernkrans
- fr: Matilda Ernkrans – https://fr.wikipedia.org/wiki/Matilda_Ernkrans
- hy: Մաթիլդա Էրնկրանս – https://hy.wikipedia.org/wiki/%D5%84%D5%A1%D5%A9%D5%AB%D5%AC%D5%A4%D5%A1_%D4%B7%D6%80%D5%B6%D5%AF%D6%80%D5%A1%D5%B6%D5%BD
- id: Matilda Ernkrans – https://id.wikipedia.org/wiki/Matilda_Ernkrans
- ja: マティルダ・エーンクランス – https://ja.wikipedia.org/wiki/%E3%83%9E%E3%83%86%E3%82%A3%E3%83%AB%E3%83%80%E3%83%BB%E3%82%A8%E3%83%BC%E3%83%B3%E3%82%AF%E3%83%A9%E3%83%B3%E3%82%B9
- no: Matilda Ernkrans – https://no.wikipedia.org/wiki/Matilda_Ernkrans
- pl: Matilda Ernkrans – https://pl.wikipedia.org/wiki/Matilda_Ernkrans
- ru: Эрнкранс, Матильда – https://ru.wikipedia.org/wiki/%D0%AD%D1%80%D0%BD%D0%BA%D1%80%D0%B0%D0%BD%D1%81,_%D0%9C%D0%B0%D1%82%D0%B8%D0%BB%D1%8C%D0%B4%D0%B0
- tr: Matilda Ernkrans – https://tr.wikipedia.org/wiki/Matilda_Ernkrans
- uk: Матильда Ернкранс – https://uk.wikipedia.org/wiki/%D0%9C%D0%B0%D1%82%D0%B8%D0%BB%D1%8C%D0%B4%D0%B0_%D0%95%D1%80%D0%BD%D0%BA%D1%80%D0%B0%D0%BD%D1%81
- ur: مٹلڈا ایرنکرانز – https://ur.wikipedia.org/wiki/%D9%85%D9%B9%D9%84%DA%88%D8%A7_%D8%A7%DB%8C%D8%B1%D9%86%DA%A9%D8%B1%D8%A7%D9%86%D8%B2

Det kräver att fotografen eller den som äger rättigheterna godkänner licensen. Fotografen anges vid användning, och bilden får återanvändas och bearbetas, även i kommersiella sammanhang.

Digg och PRV rekommenderar öppna licenser för offentlig information, som ett komplement till EU öppna data-direktiv från 2019 (https://eur-lex.europa.eu/legal-content/SV/TXT/?uri=CELEX%3A32019L1024). Riksdagens nuvarande bildvillkor anger däremot ingen sådan tydlig fri licens för ledamöternas porträtt trots begäran om det.

En bild från dig vore ett konkret steg framåt. Jag hjälper gärna till med uppladdningen och uppgifter om fotograf och licens.
Du får också gärna lyfta frågan inom riksdagen: varför inte publicera ledamöternas porträtt som ett samlat dataset med tydliga fria licenser?
Hjälp oss att komma vidare och göra våra folkvalda lättare att presentera på Wikipedia.

Vänliga hälsningar,
<ange ditt namn>",ja,ej_aktuell,,,finns,2026-10-08T18:55:43Z,Matilda Ernkrans,Örebro län,True,"sv: https://sv.wikipedia.org/wiki/Matilda_Ernkrans; en: https://en.wikipedia.org/wiki/Matilda_Ernkrans; arz: https://arz.wikipedia.org/wiki/%D9%85%D8%A7%D8%AA%D9%8A%D9%84%D8%AF%D8%A7_%D8%A7%D8%B1%D9%86%D9%83%D8%B1%D8%A7%D9%86%D8%B3; be: https://be.wikipedia.org/wiki/%D0%9C%D0%B0%D1%86%D1%96%D0%BB%D1%8C%D0%B4%D0%B0_%D0%AD%D1%80%D0%BD%D0%BA%D1%80%D0%B0%D0%BD%D1%81; de: https://de.wikipedia.org/wiki/Matilda_Ernkrans; eo: https://eo.wikipedia.org/wiki/Matilda_Ernkrans; et: https://et.wikipedia.org/wiki/Matilda_Ernkrans; fi: https://fi.wikipedia.org/wiki/Matilda_Ernkrans; fr: https://fr.wikipedia.org/wiki/Matilda_Ernkrans; hy: https://hy.wikipedia.org/wiki/%D5%84%D5%A1%D5%A9%D5%AB%D5%AC%D5%A4%D5%A1_%D4%B7%D6%80%D5%B6%D5%AF%D6%80%D5%A1%D5%B6%D5%BD; id: https://id.wikipedia.org/wiki/Matilda_Ernkrans; ja: https://ja.wikipedia.org/wiki/%E3%83%9E%E3%83%86%E3%82%A3%E3%83%AB%E3%83%80%E3%83%BB%E3%82%A8%E3%83%BC%E3%83%B3%E3%82%AF%E3%83%A9%E3%83%B3%E3%82%B9; no: https://no.wikipedia.org/wiki/Matilda_Ernkrans; pl: https://pl.wikipedia.org/wiki/Matilda_Ernkrans; ru: https://ru.wikipedia.org/wiki/%D0%AD%D1%80%D0%BD%D0%BA%D1%80%D0%B0%D0%BD%D1%81,_%D0%9C%D0%B0%D1%82%D0%B8%D0%BB%D1%8C%D0%B4%D0%B0; tr: https://tr.wikipedia.org/wiki/Matilda_Ernkrans; uk: https://uk.wikipedia.org/wiki/%D0%9C%D0%B0%D1%82%D0%B8%D0%BB%D1%8C%D0%B4%D0%B0_%D0%95%D1%80%D0%BD%D0%BA%D1%80%D0%B0%D0%BD%D1%81; ur: https://ur.wikipedia.org/wiki/%D9%85%D9%B9%D9%84%DA%88%D8%A7_%D8%A7%DB%8C%D8%B1%D9%86%DA%A9%D8%B1%D8%A7%D9%86%D8%B2",CC BY-SA 3.0,http://politik.in2pic.com + Own,https://commons.wikimedia.org/wiki/File:Matilda_ernkrans.22g403.1322224.jpg
Mattias Jonsson,S,Göteborgs kommun,Tjänstgörande riksdagsledamot,1974,9ae916dd-799d-4d2b-80c4-f00bc5a7344d,0499755198526,Q5891875,Har bild (P18),http://commons.wikimedia.org/wiki/Special:FilePath/9B0A9303.jpg,,https://data.riksdagen.se/filarkiv/bilder/ledamot/9ae916dd-799d-4d2b-80c4-f00bc5a7344d_192.jpg,mattias.jonsson@riksdagen.se,Porträttbild till Wikipedia under fri licens,"Hej Mattias Jonsson,

Jag bidrar till Wikipedia och vill gärna att artikeln om dig ska kunna illustreras med en aktuell porträttbild. Skulle du kunna hjälpa oss genom att ladda upp en bild till Wikimedia Commons under en fri licens, exempelvis CC BY 4.0?

Här finns Wikipedia-artiklarna om dig:
- sv: Mattias Jonsson – https://sv.wikipedia.org/wiki/Mattias_Jonsson
- en: Mattias Jonsson – https://en.wikipedia.org/wiki/Mattias_Jonsson
- arz: ماتياس چونسون – https://arz.wikipedia.org/wiki/%D9%85%D8%A7%D8%AA%D9%8A%D8%A7%D8%B3_%DA%86%D9%88%D9%86%D8%B3%D9%88%D9%86
- no: Mattias Jonsson – https://no.wikipedia.org/wiki/Mattias_Jonsson

Det kräver att fotografen eller den som äger rättigheterna godkänner licensen. Fotografen anges vid användning, och bilden får återanvändas och bearbetas, även i kommersiella sammanhang.

Digg och PRV rekommenderar öppna licenser för offentlig information, som ett komplement till EU öppna data-direktiv från 2019 (https://eur-lex.europa.eu/legal-content/SV/TXT/?uri=CELEX%3A32019L1024). Riksdagens nuvarande bildvillkor anger däremot ingen sådan tydlig fri licens för ledamöternas porträtt trots begäran om det.

En bild från dig vore ett konkret steg framåt. Jag hjälper gärna till med uppladdningen och uppgifter om fotograf och licens.
Du får också gärna lyfta frågan inom riksdagen: varför inte publicera ledamöternas porträtt som ett samlat dataset med tydliga fria licenser?
Hjälp oss att komma vidare och göra våra folkvalda lättare att presentera på Wikipedia.

Vänliga hälsningar,
<ange ditt namn>",ja,ej_aktuell,,,finns,2026-10-08T18:55:43Z,Mattias Jonsson,Västra Götalands län,True,sv: https://sv.wikipedia.org/wiki/Mattias_Jonsson; en: https://en.wikipedia.org/wiki/Mattias_Jonsson; arz: https://arz.wikipedia.org/wiki/%D9%85%D8%A7%D8%AA%D9%8A%D8%A7%D8%B3_%DA%86%D9%88%D9%86%D8%B3%D9%88%D9%86; no: https://no.wikipedia.org/wiki/Mattias_Jonsson,CC BY-SA 4.0,Uppdate202110,https://commons.wikimedia.org/wiki/File:Mattias_Jonsson_2021.jpg
Mattias Vepsä,S,Stockholms kommun,Tjänstgörande riksdagsledamot,1980,b20fb0ab-e161-4d7a-acc9-57c3923d5456,0911067396229,Q6223773,Har bild (P18),http://commons.wikimedia.org/wiki/Special:FilePath/Mattias%20veps%C3%A4.jpg,,https://data.riksdagen.se/filarkiv/bilder/ledamot/b20fb0ab-e161-4d7a-acc9-57c3923d5456_192.jpg,mattias.vepsa@riksdagen.se,Porträttbild till Wikipedia under fri licens,"Hej Mattias Vepsä,

Jag bidrar till Wikipedia och vill gärna att artikeln om dig ska kunna illustreras med en aktuell porträttbild. Skulle du kunna hjälpa oss genom att ladda upp en bild till Wikimedia Commons under en fri licens, exempelvis CC BY 4.0?

Här finns Wikipedia-artiklarna om dig:
- sv: Mattias Vepsä – https://sv.wikipedia.org/wiki/Mattias_Veps%C3%A4
- en: Mattias Vepsä – https://en.wikipedia.org/wiki/Mattias_Veps%C3%A4

Det kräver att fotografen eller den som äger rättigheterna godkänner licensen. Fotografen anges vid användning, och bilden får återanvändas och bearbetas, även i kommersiella sammanhang.

Digg och PRV rekommenderar öppna licenser för offentlig information, som ett komplement till EU öppna data-direktiv från 2019 (https://eur-lex.europa.eu/legal-content/SV/TXT/?uri=CELEX%3A32019L1024). Riksdagens nuvarande bildvillkor anger däremot ingen sådan tydlig fri licens för ledamöternas porträtt trots begäran om det.

En bild från dig vore ett konkret steg framåt. Jag hjälper gärna till med uppladdningen och uppgifter om fotograf och licens.
Du får också gärna lyfta frågan inom riksdagen: varför inte publicera ledamöternas porträtt som ett samlat dataset med tydliga fria licenser?
Hjälp oss att komma vidare och göra våra folkvalda lättare att presentera på Wikipedia.

Vänliga hälsningar,
<ange ditt namn>",ja,ej_aktuell,,,finns,2026-10-08T18:55:43Z,Mattias Vepsä,Stockholms län,True,sv: https://sv.wikipedia.org/wiki/Mattias_Veps%C3%A4; en: https://en.wikipedia.org/wiki/Mattias_Veps%C3%A4,Copyrighted free use,Jens Ohlsson,https://commons.wikimedia.org/wiki/File:Mattias_veps%C3%A4.jpg
Michael Melby,S,Västra Götalands läns norra,Tjänstgörande riksdagsledamot,1969,9974ce9c-f8a9-41c9-8f43-224854516cfc,0443963997818,Q141527618,Saknar bild (P18),,,https://data.riksdagen.se/filarkiv/bilder/ledamot/9974ce9c-f8a9-41c9-8f43-224854516cfc_192.jpg,michael.melby@riksdagen.se,Porträttbild till Wikipedia under fri licens,"Hej Michael Melby,

Jag bidrar till Wikipedia och vill gärna att artikeln om dig ska kunna illustreras med en aktuell porträttbild. Skulle du kunna hjälpa oss genom att ladda upp en bild till Wikimedia Commons under en fri licens, exempelvis CC BY 4.0?

Det kräver att fotografen eller den som äger rättigheterna godkänner licensen. Fotografen anges vid användning, och bilden får återanvändas och bearbetas, även i kommersiella sammanhang.

Digg och PRV rekommenderar öppna licenser för offentlig information, som ett komplement till EU öppna data-direktiv från 2019 (https://eur-lex.europa.eu/legal-content/SV/TXT/?uri=CELEX%3A32019L1024). Riksdagens nuvarande bildvillkor anger däremot ingen sådan tydlig fri licens för ledamöternas porträtt trots begäran om det.

En bild från dig vore ett konkret steg framåt. Jag hjälper gärna till med uppladdningen och uppgifter om fotograf och licens.
Du får också gärna lyfta frågan inom riksdagen: varför inte publicera ledamöternas porträtt som ett samlat dataset med tydliga fria licenser?
Hjälp oss att komma vidare och göra våra folkvalda lättare att presentera på Wikipedia.

Vänliga hälsningar,
<ange ditt namn>",nej,ej_aktuell,,,ej_aktuell,,,Västra Götalands län,False,,,,
Mikael Dahlkvist,S,Värmlands län,Tjänstgörande riksdagsledamot,1967,4db15792-072c-456e-a46c-6d0cee07889e,0554852839719,Q18649252,Har bild (P18),http://commons.wikimedia.org/wiki/Special:FilePath/Mikael%20Dahlqvist.jpg,,https://data.riksdagen.se/filarkiv/bilder/ledamot/4db15792-072c-456e-a46c-6d0cee07889e_192.jpg,mikael.dahlqvist@riksdagen.se,Porträttbild till Wikipedia under fri licens,"Hej Mikael Dahlkvist,

Jag bidrar till Wikipedia och vill gärna att artikeln om dig ska kunna illustreras med en aktuell porträttbild. Skulle du kunna hjälpa oss genom att ladda upp en bild till Wikimedia Commons under en fri licens, exempelvis CC BY 4.0?

Här finns Wikipedia-artiklarna om dig:
- sv: Mikael Dahlqvist – https://sv.wikipedia.org/wiki/Mikael_Dahlqvist
- en: Mikael Dahlqvist – https://en.wikipedia.org/wiki/Mikael_Dahlqvist
- arz: ميكايل داهلكڤيست – https://arz.wikipedia.org/wiki/%D9%85%D9%8A%D9%83%D8%A7%D9%8A%D9%84_%D8%AF%D8%A7%D9%87%D9%84%D9%83%DA%A4%D9%8A%D8%B3%D8%AA
- no: Mikael Dahlqvist – https://no.wikipedia.org/wiki/Mikael_Dahlqvist
- pt: Mikael Dahlqvist – https://pt.wikipedia.org/wiki/Mikael_Dahlqvist

Det kräver att fotografen eller den som äger rättigheterna godkänner licensen. Fotografen anges vid användning, och bilden får återanvändas och bearbetas, även i kommersiella sammanhang.

Digg och PRV rekommenderar öppna licenser för offentlig information, som ett komplement till EU öppna data-direktiv från 2019 (https://eur-lex.europa.eu/legal-content/SV/TXT/?uri=CELEX%3A32019L1024). Riksdagens nuvarande bildvillkor anger däremot ingen sådan tydlig fri licens för ledamöternas porträtt trots begäran om det.

En bild från dig vore ett konkret steg framåt. Jag hjälper gärna till med uppladdningen och uppgifter om fotograf och licens.
Du får också gärna lyfta frågan inom riksdagen: varför inte publicera ledamöternas porträtt som ett samlat dataset med tydliga fria licenser?
Hjälp oss att komma vidare och göra våra folkvalda lättare att presentera på Wikipedia.

Vänliga hälsningar,
<ange ditt namn>",ja,ej_aktuell,,,finns,2026-10-08T18:55:43Z,Mikael Dahlqvist,Värmlands län,True,sv: https://sv.wikipedia.org/wiki/Mikael_Dahlqvist; en: https://en.wikipedia.org/wiki/Mikael_Dahlqvist; arz: https://arz.wikipedia.org/wiki/%D9%85%D9%8A%D9%83%D8%A7%D9%8A%D9%84_%D8%AF%D8%A7%D9%87%D9%84%D9%83%DA%A4%D9%8A%D8%B3%D8%AA; no: https://no.wikipedia.org/wiki/Mikael_Dahlqvist; pt: https://pt.wikipedia.org/wiki/Mikael_Dahlqvist,CC BY-SA 4.0,Andreas Ericsson / Socialdemokratiska arbetarepartiet,https://commons.wikimedia.org/wiki/File:Mikael_Dahlqvist.jpg
Mikael Damberg,S,Stockholms län,Tjänstgörande riksdagsledamot,1971,70b5dfce-7871-4e6e-b0bf-a0d482fa4c6b,014744660015,Q3372917,Har bild (P18),http://commons.wikimedia.org/wiki/Special:FilePath/Mikael%20damberg.riksmotet2016.16d759.1340379.jpg,,https://data.riksdagen.se/filarkiv/bilder/ledamot/70b5dfce-7871-4e6e-b0bf-a0d482fa4c6b_192.jpg,mikael.damberg@riksdagen.se,Porträttbild till Wikipedia under fri licens,"Hej Mikael Damberg,

Jag bidrar till Wikipedia och vill gärna att artikeln om dig ska kunna illustreras med en aktuell porträttbild. Skulle du kunna hjälpa oss genom att ladda upp en bild till Wikimedia Commons under en fri licens, exempelvis CC BY 4.0?

Här finns Wikipedia-artiklarna om dig:
- sv: Mikael Damberg – https://sv.wikipedia.org/wiki/Mikael_Damberg
- en: Mikael Damberg – https://en.wikipedia.org/wiki/Mikael_Damberg
- arz: ميكايل دامبيرج – https://arz.wikipedia.org/wiki/%D9%85%D9%8A%D9%83%D8%A7%D9%8A%D9%84_%D8%AF%D8%A7%D9%85%D8%A8%D9%8A%D8%B1%D8%AC
- da: Mikael Damberg – https://da.wikipedia.org/wiki/Mikael_Damberg
- de: Mikael Damberg – https://de.wikipedia.org/wiki/Mikael_Damberg
- eo: Mikael Damberg – https://eo.wikipedia.org/wiki/Mikael_Damberg
- et: Mikael Damberg – https://et.wikipedia.org/wiki/Mikael_Damberg
- fi: Mikael Damberg – https://fi.wikipedia.org/wiki/Mikael_Damberg
- fr: Mikael Damberg – https://fr.wikipedia.org/wiki/Mikael_Damberg
- id: Mikael Damberg – https://id.wikipedia.org/wiki/Mikael_Damberg
- la: Michael Damberg – https://la.wikipedia.org/wiki/Michael_Damberg
- no: Mikael Damberg – https://no.wikipedia.org/wiki/Mikael_Damberg
- pl: Mikael Damberg – https://pl.wikipedia.org/wiki/Mikael_Damberg
- pt: Mikael Damberg – https://pt.wikipedia.org/wiki/Mikael_Damberg
- uk: Мікаел Дамберг – https://uk.wikipedia.org/wiki/%D0%9C%D1%96%D0%BA%D0%B0%D0%B5%D0%BB_%D0%94%D0%B0%D0%BC%D0%B1%D0%B5%D1%80%D0%B3
- ur: مائیکل ڈیمبرگ – https://ur.wikipedia.org/wiki/%D9%85%D8%A7%D8%A6%DB%8C%DA%A9%D9%84_%DA%88%DB%8C%D9%85%D8%A8%D8%B1%DA%AF

Det kräver att fotografen eller den som äger rättigheterna godkänner licensen. Fotografen anges vid användning, och bilden får återanvändas och bearbetas, även i kommersiella sammanhang.

Digg och PRV rekommenderar öppna licenser för offentlig information, som ett komplement till EU öppna data-direktiv från 2019 (https://eur-lex.europa.eu/legal-content/SV/TXT/?uri=CELEX%3A32019L1024). Riksdagens nuvarande bildvillkor anger däremot ingen sådan tydlig fri licens för ledamöternas porträtt trots begäran om det.

En bild från dig vore ett konkret steg framåt. Jag hjälper gärna till med uppladdningen och uppgifter om fotograf och licens.
Du får också gärna lyfta frågan inom riksdagen: varför inte publicera ledamöternas porträtt som ett samlat dataset med tydliga fria licenser?
Hjälp oss att komma vidare och göra våra folkvalda lättare att presentera på Wikipedia.

Vänliga hälsningar,
<ange ditt namn>",ja,ej_aktuell,,,finns,2026-10-08T18:55:43Z,Mikael Damberg,Stockholms län,True,sv: https://sv.wikipedia.org/wiki/Mikael_Damberg; en: https://en.wikipedia.org/wiki/Mikael_Damberg; arz: https://arz.wikipedia.org/wiki/%D9%85%D9%8A%D9%83%D8%A7%D9%8A%D9%84_%D8%AF%D8%A7%D9%85%D8%A8%D9%8A%D8%B1%D8%AC; da: https://da.wikipedia.org/wiki/Mikael_Damberg; de: https://de.wikipedia.org/wiki/Mikael_Damberg; eo: https://eo.wikipedia.org/wiki/Mikael_Damberg; et: https://et.wikipedia.org/wiki/Mikael_Damberg; fi: https://fi.wikipedia.org/wiki/Mikael_Damberg; fr: https://fr.wikipedia.org/wiki/Mikael_Damberg; id: https://id.wikipedia.org/wiki/Mikael_Damberg; la: https://la.wikipedia.org/wiki/Michael_Damberg; no: https://no.wikipedia.org/wiki/Mikael_Damberg; pl: https://pl.wikipedia.org/wiki/Mikael_Damberg; pt: https://pt.wikipedia.org/wiki/Mikael_Damberg; uk: https://uk.wikipedia.org/wiki/%D0%9C%D1%96%D0%BA%D0%B0%D0%B5%D0%BB_%D0%94%D0%B0%D0%BC%D0%B1%D0%B5%D1%80%D0%B3; ur: https://ur.wikipedia.org/wiki/%D9%85%D8%A7%D8%A6%DB%8C%DA%A9%D9%84_%DA%88%DB%8C%D9%85%D8%A8%D8%B1%DA%AF,CC BY-SA 3.0,http://politik.in2pic.com,https://commons.wikimedia.org/wiki/File:Mikael_damberg.riksmotet2016.16d759.1340379.jpg
Mirja Räihä,S,Stockholms kommun,Tjänstgörande riksdagsledamot,1959,04f42c2c-9467-4900-ae83-068c93492e09,0783069490115,Q114029317,Saknar bild (P18),,,https://data.riksdagen.se/filarkiv/bilder/ledamot/04f42c2c-9467-4900-ae83-068c93492e09_192.jpg,mirja.raiha@riksdagen.se,Porträttbild till Wikipedia under fri licens,"Hej Mirja Räihä,

Jag bidrar till Wikipedia och vill gärna att artikeln om dig ska kunna illustreras med en aktuell porträttbild. Skulle du kunna hjälpa oss genom att ladda upp en bild till Wikimedia Commons under en fri licens, exempelvis CC BY 4.0?

Här finns Wikipedia-artiklarna om dig:
- sv: Mirja Räihä – https://sv.wikipedia.org/wiki/Mirja_R%C3%A4ih%C3%A4
- en: Mirja Räihä – https://en.wikipedia.org/wiki/Mirja_R%C3%A4ih%C3%A4

Det kräver att fotografen eller den som äger rättigheterna godkänner licensen. Fotografen anges vid användning, och bilden får återanvändas och bearbetas, även i kommersiella sammanhang.

Digg och PRV rekommenderar öppna licenser för offentlig information, som ett komplement till EU öppna data-direktiv från 2019 (https://eur-lex.europa.eu/legal-content/SV/TXT/?uri=CELEX%3A32019L1024). Riksdagens nuvarande bildvillkor anger däremot ingen sådan tydlig fri licens för ledamöternas porträtt trots begäran om det.

En bild från dig vore ett konkret steg framåt. Jag hjälper gärna till med uppladdningen och uppgifter om fotograf och licens.
Du får också gärna lyfta frågan inom riksdagen: varför inte publicera ledamöternas porträtt som ett samlat dataset med tydliga fria licenser?
Hjälp oss att komma vidare och göra våra folkvalda lättare att presentera på Wikipedia.

Vänliga hälsningar,
<ange ditt namn>",ja,finns,2026-10-08T18:55:41Z,Mirja Räihä,finns,2026-10-08T18:55:44Z,Mirja Räihä,Stockholms län,False,sv: https://sv.wikipedia.org/wiki/Mirja_R%C3%A4ih%C3%A4; en: https://en.wikipedia.org/wiki/Mirja_R%C3%A4ih%C3%A4,,,
Monica Haider,S,Kronobergs län,Tjänstgörande riksdagsledamot,1963,6f818cd1-9a97-412f-bc59-1d1e8a2ceb19,0760500234712,Q18202340,Har bild (P18),http://commons.wikimedia.org/wiki/Special:FilePath/Monica%20Haider.jpg,,https://data.riksdagen.se/filarkiv/bilder/ledamot/6f818cd1-9a97-412f-bc59-1d1e8a2ceb19_192.jpg,monica.haider@riksdagen.se,Porträttbild till Wikipedia under fri licens,"Hej Monica Haider,

Jag bidrar till Wikipedia och vill gärna att artikeln om dig ska kunna illustreras med en aktuell porträttbild. Skulle du kunna hjälpa oss genom att ladda upp en bild till Wikimedia Commons under en fri licens, exempelvis CC BY 4.0?

Här finns Wikipedia-artiklarna om dig:
- sv: Monica Haider – https://sv.wikipedia.org/wiki/Monica_Haider
- en: Monica Haider – https://en.wikipedia.org/wiki/Monica_Haider
- arz: مونيكا هايدير – https://arz.wikipedia.org/wiki/%D9%85%D9%88%D9%86%D9%8A%D9%83%D8%A7_%D9%87%D8%A7%D9%8A%D8%AF%D9%8A%D8%B1

Det kräver att fotografen eller den som äger rättigheterna godkänner licensen. Fotografen anges vid användning, och bilden får återanvändas och bearbetas, även i kommersiella sammanhang.

Digg och PRV rekommenderar öppna licenser för offentlig information, som ett komplement till EU öppna data-direktiv från 2019 (https://eur-lex.europa.eu/legal-content/SV/TXT/?uri=CELEX%3A32019L1024). Riksdagens nuvarande bildvillkor anger däremot ingen sådan tydlig fri licens för ledamöternas porträtt trots begäran om det.

En bild från dig vore ett konkret steg framåt. Jag hjälper gärna till med uppladdningen och uppgifter om fotograf och licens.
Du får också gärna lyfta frågan inom riksdagen: varför inte publicera ledamöternas porträtt som ett samlat dataset med tydliga fria licenser?
Hjälp oss att komma vidare och göra våra folkvalda lättare att presentera på Wikipedia.

Vänliga hälsningar,
<ange ditt namn>",ja,ej_aktuell,,,finns,2026-10-08T18:55:44Z,Monica Haider,Kronobergs län,True,sv: https://sv.wikipedia.org/wiki/Monica_Haider; en: https://en.wikipedia.org/wiki/Monica_Haider; arz: https://arz.wikipedia.org/wiki/%D9%85%D9%88%D9%86%D9%8A%D9%83%D8%A7_%D9%87%D8%A7%D9%8A%D8%AF%D9%8A%D8%B1,CC BY-SA 4.0,Andreas Ericsson / Socialdemokratiska arbetarepartiet,https://commons.wikimedia.org/wiki/File:Monica_Haider.jpg
Morgan Johansson,S,Skåne läns södra,Tjänstgörande riksdagsledamot,1970,d7c32690-83e4-11d4-ae60-0050040c9b55,0473783431010,Q5887217,Har bild (P18),http://commons.wikimedia.org/wiki/Special:FilePath/Morgan%20Johansson%20Almedalen%202026.jpg,,https://data.riksdagen.se/filarkiv/bilder/ledamot/d7c32690-83e4-11d4-ae60-0050040c9b55_192.jpg,morgan.johansson@riksdagen.se,Porträttbild till Wikipedia under fri licens,"Hej Morgan Johansson,

Jag bidrar till Wikipedia och vill gärna att artikeln om dig ska kunna illustreras med en aktuell porträttbild. Skulle du kunna hjälpa oss genom att ladda upp en bild till Wikimedia Commons under en fri licens, exempelvis CC BY 4.0?

Här finns Wikipedia-artiklarna om dig:
- sv: Morgan Johansson – https://sv.wikipedia.org/wiki/Morgan_Johansson
- en: Morgan Johansson – https://en.wikipedia.org/wiki/Morgan_Johansson
- ar: مورغان يوهانسون – https://ar.wikipedia.org/wiki/%D9%85%D9%88%D8%B1%D8%BA%D8%A7%D9%86_%D9%8A%D9%88%D9%87%D8%A7%D9%86%D8%B3%D9%88%D9%86
- arz: مورجان جوهانسون – https://arz.wikipedia.org/wiki/%D9%85%D9%88%D8%B1%D8%AC%D8%A7%D9%86_%D8%AC%D9%88%D9%87%D8%A7%D9%86%D8%B3%D9%88%D9%86
- da: Morgan Johansson – https://da.wikipedia.org/wiki/Morgan_Johansson
- de: Morgan Johansson (Politiker) – https://de.wikipedia.org/wiki/Morgan_Johansson_(Politiker)
- eo: Morgan Johansson – https://eo.wikipedia.org/wiki/Morgan_Johansson
- es: Morgan Johansson – https://es.wikipedia.org/wiki/Morgan_Johansson
- et: Morgan Johansson – https://et.wikipedia.org/wiki/Morgan_Johansson
- fi: Morgan Johansson – https://fi.wikipedia.org/wiki/Morgan_Johansson
- fr: Morgan Johansson – https://fr.wikipedia.org/wiki/Morgan_Johansson
- id: Morgan Johansson – https://id.wikipedia.org/wiki/Morgan_Johansson
- it: Morgan Johansson – https://it.wikipedia.org/wiki/Morgan_Johansson
- nl: Morgan Johansson – https://nl.wikipedia.org/wiki/Morgan_Johansson
- no: Morgan Johansson – https://no.wikipedia.org/wiki/Morgan_Johansson
- pl: Morgan Johansson – https://pl.wikipedia.org/wiki/Morgan_Johansson
- pt: Morgan Johansson – https://pt.wikipedia.org/wiki/Morgan_Johansson
- ru: Юханссон, Морган – https://ru.wikipedia.org/wiki/%D0%AE%D1%85%D0%B0%D0%BD%D1%81%D1%81%D0%BE%D0%BD,_%D0%9C%D0%BE%D1%80%D0%B3%D0%B0%D0%BD
- simple: Morgan Johansson – https://simple.wikipedia.org/wiki/Morgan_Johansson
- uk: Морган Йоганссон – https://uk.wikipedia.org/wiki/%D0%9C%D0%BE%D1%80%D0%B3%D0%B0%D0%BD_%D0%99%D0%BE%D0%B3%D0%B0%D0%BD%D1%81%D1%81%D0%BE%D0%BD
- ur: مورگن جوہانسن – https://ur.wikipedia.org/wiki/%D9%85%D9%88%D8%B1%DA%AF%D9%86_%D8%AC%D9%88%DB%81%D8%A7%D9%86%D8%B3%D9%86

Det kräver att fotografen eller den som äger rättigheterna godkänner licensen. Fotografen anges vid användning, och bilden får återanvändas och bearbetas, även i kommersiella sammanhang.

Digg och PRV rekommenderar öppna licenser för offentlig information, som ett komplement till EU öppna data-direktiv från 2019 (https://eur-lex.europa.eu/legal-content/SV/TXT/?uri=CELEX%3A32019L1024). Riksdagens nuvarande bildvillkor anger däremot ingen sådan tydlig fri licens för ledamöternas porträtt trots begäran om det.

En bild från dig vore ett konkret steg framåt. Jag hjälper gärna till med uppladdningen och uppgifter om fotograf och licens.
Du får också gärna lyfta frågan inom riksdagen: varför inte publicera ledamöternas porträtt som ett samlat dataset med tydliga fria licenser?
Hjälp oss att komma vidare och göra våra folkvalda lättare att presentera på Wikipedia.

Vänliga hälsningar,
<ange ditt namn>",ja,ej_aktuell,,,finns,2026-10-08T18:55:44Z,Morgan Johansson,Skåne län,True,"sv: https://sv.wikipedia.org/wiki/Morgan_Johansson; en: https://en.wikipedia.org/wiki/Morgan_Johansson; ar: https://ar.wikipedia.org/wiki/%D9%85%D9%88%D8%B1%D8%BA%D8%A7%D9%86_%D9%8A%D9%88%D9%87%D8%A7%D9%86%D8%B3%D9%88%D9%86; arz: https://arz.wikipedia.org/wiki/%D9%85%D9%88%D8%B1%D8%AC%D8%A7%D9%86_%D8%AC%D9%88%D9%87%D8%A7%D9%86%D8%B3%D9%88%D9%86; da: https://da.wikipedia.org/wiki/Morgan_Johansson; de: https://de.wikipedia.org/wiki/Morgan_Johansson_(Politiker); eo: https://eo.wikipedia.org/wiki/Morgan_Johansson; es: https://es.wikipedia.org/wiki/Morgan_Johansson; et: https://et.wikipedia.org/wiki/Morgan_Johansson; fi: https://fi.wikipedia.org/wiki/Morgan_Johansson; fr: https://fr.wikipedia.org/wiki/Morgan_Johansson; id: https://id.wikipedia.org/wiki/Morgan_Johansson; it: https://it.wikipedia.org/wiki/Morgan_Johansson; nl: https://nl.wikipedia.org/wiki/Morgan_Johansson; no: https://no.wikipedia.org/wiki/Morgan_Johansson; pl: https://pl.wikipedia.org/wiki/Morgan_Johansson; pt: https://pt.wikipedia.org/wiki/Morgan_Johansson; ru: https://ru.wikipedia.org/wiki/%D0%AE%D1%85%D0%B0%D0%BD%D1%81%D1%81%D0%BE%D0%BD,_%D0%9C%D0%BE%D1%80%D0%B3%D0%B0%D0%BD; simple: https://simple.wikipedia.org/wiki/Morgan_Johansson; uk: https://uk.wikipedia.org/wiki/%D0%9C%D0%BE%D1%80%D0%B3%D0%B0%D0%BD_%D0%99%D0%BE%D0%B3%D0%B0%D0%BD%D1%81%D1%81%D0%BE%D0%BD; ur: https://ur.wikipedia.org/wiki/%D9%85%D9%88%D8%B1%DA%AF%D9%86_%D8%AC%D9%88%DB%81%D8%A7%D9%86%D8%B3%D9%86",CC BY-SA 4.0,Bene Riobó,https://commons.wikimedia.org/wiki/File:Morgan_Johansson_Almedalen_2026.jpg
My Rosell,S,Skåne läns västra,Tjänstgörande riksdagsledamot,1984,71891c7e-5cb9-48cc-8d25-a35645c6d40c,0821049469728,Q141507883,Saknar bild (P18),,,https://data.riksdagen.se/filarkiv/bilder/ledamot/71891c7e-5cb9-48cc-8d25-a35645c6d40c_192.jpg,my.rosell@riksdagen.se,Porträttbild till Wikipedia under fri licens,"Hej My Rosell,

Jag bidrar till Wikipedia och vill gärna att artikeln om dig ska kunna illustreras med en aktuell porträttbild. Skulle du kunna hjälpa oss genom att ladda upp en bild till Wikimedia Commons under en fri licens, exempelvis CC BY 4.0?

Här finns Wikipedia-artiklarna om dig:
- sv: My Rosell – https://sv.wikipedia.org/wiki/My_Rosell

Det kräver att fotografen eller den som äger rättigheterna godkänner licensen. Fotografen anges vid användning, och bilden får återanvändas och bearbetas, även i kommersiella sammanhang.

Digg och PRV rekommenderar öppna licenser för offentlig information, som ett komplement till EU öppna data-direktiv från 2019 (https://eur-lex.europa.eu/legal-content/SV/TXT/?uri=CELEX%3A32019L1024). Riksdagens nuvarande bildvillkor anger däremot ingen sådan tydlig fri licens för ledamöternas porträtt trots begäran om det.

En bild från dig vore ett konkret steg framåt. Jag hjälper gärna till med uppladdningen och uppgifter om fotograf och licens.
Du får också gärna lyfta frågan inom riksdagen: varför inte publicera ledamöternas porträtt som ett samlat dataset med tydliga fria licenser?
Hjälp oss att komma vidare och göra våra folkvalda lättare att presentera på Wikipedia.

Vänliga hälsningar,
<ange ditt namn>",ja,finns,2026-10-08T18:55:42Z,My Rosell,finns,2026-10-08T18:55:44Z,My Rosell,Skåne län,False,sv: https://sv.wikipedia.org/wiki/My_Rosell,,,
Niklas Karlsson,S,Skåne läns västra,Tjänstgörande riksdagsledamot,1974,b20fb574-b44c-42af-ae93-064dfabbffaf,065105536026,Q16633140,Har bild (P18),http://commons.wikimedia.org/wiki/Special:FilePath/Niklas%20Karlsson.jpg,,https://data.riksdagen.se/filarkiv/bilder/ledamot/b20fb574-b44c-42af-ae93-064dfabbffaf_192.jpg,niklas.karlsson@riksdagen.se,Porträttbild till Wikipedia under fri licens,"Hej Niklas Karlsson,

Jag bidrar till Wikipedia och vill gärna att artikeln om dig ska kunna illustreras med en aktuell porträttbild. Skulle du kunna hjälpa oss genom att ladda upp en bild till Wikimedia Commons under en fri licens, exempelvis CC BY 4.0?

Här finns Wikipedia-artiklarna om dig:
- sv: Niklas Karlsson (politiker) – https://sv.wikipedia.org/wiki/Niklas_Karlsson_(politiker)
- en: Niklas Karlsson – https://en.wikipedia.org/wiki/Niklas_Karlsson
- arz: نيكلاس كارلسون – https://arz.wikipedia.org/wiki/%D9%86%D9%8A%D9%83%D9%84%D8%A7%D8%B3_%D9%83%D8%A7%D8%B1%D9%84%D8%B3%D9%88%D9%86

Det kräver att fotografen eller den som äger rättigheterna godkänner licensen. Fotografen anges vid användning, och bilden får återanvändas och bearbetas, även i kommersiella sammanhang.

Digg och PRV rekommenderar öppna licenser för offentlig information, som ett komplement till EU öppna data-direktiv från 2019 (https://eur-lex.europa.eu/legal-content/SV/TXT/?uri=CELEX%3A32019L1024). Riksdagens nuvarande bildvillkor anger däremot ingen sådan tydlig fri licens för ledamöternas porträtt trots begäran om det.

En bild från dig vore ett konkret steg framåt. Jag hjälper gärna till med uppladdningen och uppgifter om fotograf och licens.
Du får också gärna lyfta frågan inom riksdagen: varför inte publicera ledamöternas porträtt som ett samlat dataset med tydliga fria licenser?
Hjälp oss att komma vidare och göra våra folkvalda lättare att presentera på Wikipedia.

Vänliga hälsningar,
<ange ditt namn>",ja,ej_aktuell,,,finns,2026-10-08T18:55:44Z,Niklas Karlsson (politiker),Skåne län,True,sv: https://sv.wikipedia.org/wiki/Niklas_Karlsson_(politiker); en: https://en.wikipedia.org/wiki/Niklas_Karlsson; arz: https://arz.wikipedia.org/wiki/%D9%86%D9%8A%D9%83%D9%84%D8%A7%D8%B3_%D9%83%D8%A7%D8%B1%D9%84%D8%B3%D9%88%D9%86,CC BY-SA 3.0,Esquilo,https://commons.wikimedia.org/wiki/File:Niklas_Karlsson.jpg
Ola Möller,S,Skåne läns västra,Tjänstgörande riksdagsledamot,1983,002ed7e8-1202-46df-a87c-8585e5b92012,0271338654822,Q19977055,Har bild (P18),http://commons.wikimedia.org/wiki/Special:FilePath/Ola%20M%C3%B6ller%202021.jpg,,https://data.riksdagen.se/filarkiv/bilder/ledamot/002ed7e8-1202-46df-a87c-8585e5b92012_192.jpg,ola.moller@riksdagen.se,Porträttbild till Wikipedia under fri licens,"Hej Ola Möller,

Jag bidrar till Wikipedia och vill gärna att artikeln om dig ska kunna illustreras med en aktuell porträttbild. Skulle du kunna hjälpa oss genom att ladda upp en bild till Wikimedia Commons under en fri licens, exempelvis CC BY 4.0?

Här finns Wikipedia-artiklarna om dig:
- sv: Ola Möller (politiker) – https://sv.wikipedia.org/wiki/Ola_M%C3%B6ller_(politiker)
- en: Ola Möller (politician) – https://en.wikipedia.org/wiki/Ola_M%C3%B6ller_(politician)
- no: Ola Möller – https://no.wikipedia.org/wiki/Ola_M%C3%B6ller

Det kräver att fotografen eller den som äger rättigheterna godkänner licensen. Fotografen anges vid användning, och bilden får återanvändas och bearbetas, även i kommersiella sammanhang.

Digg och PRV rekommenderar öppna licenser för offentlig information, som ett komplement till EU öppna data-direktiv från 2019 (https://eur-lex.europa.eu/legal-content/SV/TXT/?uri=CELEX%3A32019L1024). Riksdagens nuvarande bildvillkor anger däremot ingen sådan tydlig fri licens för ledamöternas porträtt trots begäran om det.

En bild från dig vore ett konkret steg framåt. Jag hjälper gärna till med uppladdningen och uppgifter om fotograf och licens.
Du får också gärna lyfta frågan inom riksdagen: varför inte publicera ledamöternas porträtt som ett samlat dataset med tydliga fria licenser?
Hjälp oss att komma vidare och göra våra folkvalda lättare att presentera på Wikipedia.

Vänliga hälsningar,
<ange ditt namn>",ja,ej_aktuell,,,finns,2026-10-08T18:55:44Z,Ola Möller (politiker),Skåne län,True,sv: https://sv.wikipedia.org/wiki/Ola_M%C3%B6ller_(politiker); en: https://en.wikipedia.org/wiki/Ola_M%C3%B6ller_(politician); no: https://no.wikipedia.org/wiki/Ola_M%C3%B6ller,CC BY-SA 4.0,Agj1998,https://commons.wikimedia.org/wiki/File:Ola_M%C3%B6ller_2021.jpg
Patrik Lundqvist,S,Gävleborgs län,Tjänstgörande riksdagsledamot,1984,41f3a07f-57ba-4d0c-b737-e05aa04ec023,0418929039326,Q21561347,Har bild (P18),http://commons.wikimedia.org/wiki/Special:FilePath/Patrik%20Lundqvist.jpg,,https://data.riksdagen.se/filarkiv/bilder/ledamot/41f3a07f-57ba-4d0c-b737-e05aa04ec023_192.jpg,patrik.lundqvist@riksdagen.se,Porträttbild till Wikipedia under fri licens,"Hej Patrik Lundqvist,

Jag bidrar till Wikipedia och vill gärna att artikeln om dig ska kunna illustreras med en aktuell porträttbild. Skulle du kunna hjälpa oss genom att ladda upp en bild till Wikimedia Commons under en fri licens, exempelvis CC BY 4.0?

Här finns Wikipedia-artiklarna om dig:
- sv: Patrik Lundqvist – https://sv.wikipedia.org/wiki/Patrik_Lundqvist
- en: Patrik Lundqvist – https://en.wikipedia.org/wiki/Patrik_Lundqvist
- arz: پاتريك لوندكڤيست – https://arz.wikipedia.org/wiki/%D9%BE%D8%A7%D8%AA%D8%B1%D9%8A%D9%83_%D9%84%D9%88%D9%86%D8%AF%D9%83%DA%A4%D9%8A%D8%B3%D8%AA

Det kräver att fotografen eller den som äger rättigheterna godkänner licensen. Fotografen anges vid användning, och bilden får återanvändas och bearbetas, även i kommersiella sammanhang.

Digg och PRV rekommenderar öppna licenser för offentlig information, som ett komplement till EU öppna data-direktiv från 2019 (https://eur-lex.europa.eu/legal-content/SV/TXT/?uri=CELEX%3A32019L1024). Riksdagens nuvarande bildvillkor anger däremot ingen sådan tydlig fri licens för ledamöternas porträtt trots begäran om det.

En bild från dig vore ett konkret steg framåt. Jag hjälper gärna till med uppladdningen och uppgifter om fotograf och licens.
Du får också gärna lyfta frågan inom riksdagen: varför inte publicera ledamöternas porträtt som ett samlat dataset med tydliga fria licenser?
Hjälp oss att komma vidare och göra våra folkvalda lättare att presentera på Wikipedia.

Vänliga hälsningar,
<ange ditt namn>",ja,ej_aktuell,,,finns,2026-10-08T18:55:44Z,Patrik Lundqvist,Gävleborgs län,True,sv: https://sv.wikipedia.org/wiki/Patrik_Lundqvist; en: https://en.wikipedia.org/wiki/Patrik_Lundqvist; arz: https://arz.wikipedia.org/wiki/%D9%BE%D8%A7%D8%AA%D8%B1%D9%8A%D9%83_%D9%84%D9%88%D9%86%D8%AF%D9%83%DA%A4%D9%8A%D8%B3%D8%AA,CC BY-SA 4.0,Yagci1esma,https://commons.wikimedia.org/wiki/File:Patrik_Lundqvist.jpg
Per-Arne Håkansson,S,Skåne läns norra och östra,Tjänstgörande riksdagsledamot,1963,0ba9f702-555f-419f-89fb-7e1234ae1171,0630820052511,Q21531339,Har bild (P18),http://commons.wikimedia.org/wiki/Special:FilePath/Per-Arne%20H%C3%A5kansson.jpg,,https://data.riksdagen.se/filarkiv/bilder/ledamot/0ba9f702-555f-419f-89fb-7e1234ae1171_192.jpg,per-arne.hakansson@riksdagen.se,Porträttbild till Wikipedia under fri licens,"Hej Per-Arne Håkansson,

Jag bidrar till Wikipedia och vill gärna att artikeln om dig ska kunna illustreras med en aktuell porträttbild. Skulle du kunna hjälpa oss genom att ladda upp en bild till Wikimedia Commons under en fri licens, exempelvis CC BY 4.0?

Här finns Wikipedia-artiklarna om dig:
- sv: Per-Arne Håkansson – https://sv.wikipedia.org/wiki/Per-Arne_H%C3%A5kansson
- en: Per-Arne Håkansson – https://en.wikipedia.org/wiki/Per-Arne_H%C3%A5kansson
- arz: پير ارن هوكانسون – https://arz.wikipedia.org/wiki/%D9%BE%D9%8A%D8%B1_%D8%A7%D8%B1%D9%86_%D9%87%D9%88%D9%83%D8%A7%D9%86%D8%B3%D9%88%D9%86

Det kräver att fotografen eller den som äger rättigheterna godkänner licensen. Fotografen anges vid användning, och bilden får återanvändas och bearbetas, även i kommersiella sammanhang.

Digg och PRV rekommenderar öppna licenser för offentlig information, som ett komplement till EU öppna data-direktiv från 2019 (https://eur-lex.europa.eu/legal-content/SV/TXT/?uri=CELEX%3A32019L1024). Riksdagens nuvarande bildvillkor anger däremot ingen sådan tydlig fri licens för ledamöternas porträtt trots begäran om det.

En bild från dig vore ett konkret steg framåt. Jag hjälper gärna till med uppladdningen och uppgifter om fotograf och licens.
Du får också gärna lyfta frågan inom riksdagen: varför inte publicera ledamöternas porträtt som ett samlat dataset med tydliga fria licenser?
Hjälp oss att komma vidare och göra våra folkvalda lättare att presentera på Wikipedia.

Vänliga hälsningar,
<ange ditt namn>",ja,ej_aktuell,,,finns,2026-10-08T18:55:44Z,Per-Arne Håkansson,Skåne län,True,sv: https://sv.wikipedia.org/wiki/Per-Arne_H%C3%A5kansson; en: https://en.wikipedia.org/wiki/Per-Arne_H%C3%A5kansson; arz: https://arz.wikipedia.org/wiki/%D9%BE%D9%8A%D8%B1_%D8%A7%D8%B1%D9%86_%D9%87%D9%88%D9%83%D8%A7%D9%86%D8%B3%D9%88%D9%86,CC BY-SA 4.0,EmmyCecilia,https://commons.wikimedia.org/wiki/File:Per-Arne_H%C3%A5kansson.jpg
Peter Hedberg,S,Västernorrlands län,Tjänstgörande riksdagsledamot,1990,162c225d-c946-4fde-ae8b-69bf837f2a64,0589561178823,Q114031268,Saknar bild (P18),,,https://data.riksdagen.se/filarkiv/bilder/ledamot/162c225d-c946-4fde-ae8b-69bf837f2a64_192.jpg,peter.hedberg@riksdagen.se,Porträttbild till Wikipedia under fri licens,"Hej Peter Hedberg,

Jag bidrar till Wikipedia och vill gärna att artikeln om dig ska kunna illustreras med en aktuell porträttbild. Skulle du kunna hjälpa oss genom att ladda upp en bild till Wikimedia Commons under en fri licens, exempelvis CC BY 4.0?

Här finns Wikipedia-artiklarna om dig:
- sv: Peter Hedberg – https://sv.wikipedia.org/wiki/Peter_Hedberg
- en: Peter Hedberg – https://en.wikipedia.org/wiki/Peter_Hedberg

Det kräver att fotografen eller den som äger rättigheterna godkänner licensen. Fotografen anges vid användning, och bilden får återanvändas och bearbetas, även i kommersiella sammanhang.

Digg och PRV rekommenderar öppna licenser för offentlig information, som ett komplement till EU öppna data-direktiv från 2019 (https://eur-lex.europa.eu/legal-content/SV/TXT/?uri=CELEX%3A32019L1024). Riksdagens nuvarande bildvillkor anger däremot ingen sådan tydlig fri licens för ledamöternas porträtt trots begäran om det.

En bild från dig vore ett konkret steg framåt. Jag hjälper gärna till med uppladdningen och uppgifter om fotograf och licens.
Du får också gärna lyfta frågan inom riksdagen: varför inte publicera ledamöternas porträtt som ett samlat dataset med tydliga fria licenser?
Hjälp oss att komma vidare och göra våra folkvalda lättare att presentera på Wikipedia.

Vänliga hälsningar,
<ange ditt namn>",ja,finns,2026-10-08T18:55:42Z,Peter Hedberg,finns,2026-10-08T18:55:44Z,Peter Hedberg,Västernorrlands län,False,sv: https://sv.wikipedia.org/wiki/Peter_Hedberg; en: https://en.wikipedia.org/wiki/Peter_Hedberg,,,
Peter Hultqvist,S,Dalarnas län,Tjänstgörande riksdagsledamot,1958,8fdcd2db-91db-4cba-ae0c-258061f5ed59,0937688366013,Q3370162,Har bild (P18),http://commons.wikimedia.org/wiki/Special:FilePath/Peter%20Hultqvist%20in%202016%20%28cropped%29.jpg,,https://data.riksdagen.se/filarkiv/bilder/ledamot/8fdcd2db-91db-4cba-ae0c-258061f5ed59_192.jpg,peter.hultqvist@riksdagen.se,Porträttbild till Wikipedia under fri licens,"Hej Peter Hultqvist,

Jag bidrar till Wikipedia och vill gärna att artikeln om dig ska kunna illustreras med en aktuell porträttbild. Skulle du kunna hjälpa oss genom att ladda upp en bild till Wikimedia Commons under en fri licens, exempelvis CC BY 4.0?

Här finns Wikipedia-artiklarna om dig:
- sv: Peter Hultqvist – https://sv.wikipedia.org/wiki/Peter_Hultqvist
- en: Peter Hultqvist – https://en.wikipedia.org/wiki/Peter_Hultqvist
- arz: پيتير هولتكڤيست – https://arz.wikipedia.org/wiki/%D9%BE%D9%8A%D8%AA%D9%8A%D8%B1_%D9%87%D9%88%D9%84%D8%AA%D9%83%DA%A4%D9%8A%D8%B3%D8%AA
- de: Peter Hultqvist – https://de.wikipedia.org/wiki/Peter_Hultqvist
- eo: Peter Hultqvist – https://eo.wikipedia.org/wiki/Peter_Hultqvist
- et: Peter Hultqvist – https://et.wikipedia.org/wiki/Peter_Hultqvist
- fa: پیتر هولتکویست – https://fa.wikipedia.org/wiki/%D9%BE%DB%8C%D8%AA%D8%B1_%D9%87%D9%88%D9%84%D8%AA%DA%A9%D9%88%DB%8C%D8%B3%D8%AA
- fi: Peter Hultqvist – https://fi.wikipedia.org/wiki/Peter_Hultqvist
- fr: Peter Hultqvist – https://fr.wikipedia.org/wiki/Peter_Hultqvist
- he: פיטר הולטקוויסט – https://he.wikipedia.org/wiki/%D7%A4%D7%99%D7%98%D7%A8_%D7%94%D7%95%D7%9C%D7%98%D7%A7%D7%95%D7%95%D7%99%D7%A1%D7%98
- no: Peter Hultqvist – https://no.wikipedia.org/wiki/Peter_Hultqvist
- pl: Peter Hultqvist – https://pl.wikipedia.org/wiki/Peter_Hultqvist
- pt: Peter Hultqvist – https://pt.wikipedia.org/wiki/Peter_Hultqvist
- tr: Peter Hultqvist – https://tr.wikipedia.org/wiki/Peter_Hultqvist
- uk: Петер Гульквіст – https://uk.wikipedia.org/wiki/%D0%9F%D0%B5%D1%82%D0%B5%D1%80_%D0%93%D1%83%D0%BB%D1%8C%D0%BA%D0%B2%D1%96%D1%81%D1%82

Det kräver att fotografen eller den som äger rättigheterna godkänner licensen. Fotografen anges vid användning, och bilden får återanvändas och bearbetas, även i kommersiella sammanhang.

Digg och PRV rekommenderar öppna licenser för offentlig information, som ett komplement till EU öppna data-direktiv från 2019 (https://eur-lex.europa.eu/legal-content/SV/TXT/?uri=CELEX%3A32019L1024). Riksdagens nuvarande bildvillkor anger däremot ingen sådan tydlig fri licens för ledamöternas porträtt trots begäran om det.

En bild från dig vore ett konkret steg framåt. Jag hjälper gärna till med uppladdningen och uppgifter om fotograf och licens.
Du får också gärna lyfta frågan inom riksdagen: varför inte publicera ledamöternas porträtt som ett samlat dataset med tydliga fria licenser?
Hjälp oss att komma vidare och göra våra folkvalda lättare att presentera på Wikipedia.

Vänliga hälsningar,
<ange ditt namn>",ja,ej_aktuell,,,finns,2026-10-08T18:55:44Z,Peter Hultqvist,Dalarnas län,True,sv: https://sv.wikipedia.org/wiki/Peter_Hultqvist; en: https://en.wikipedia.org/wiki/Peter_Hultqvist; arz: https://arz.wikipedia.org/wiki/%D9%BE%D9%8A%D8%AA%D9%8A%D8%B1_%D9%87%D9%88%D9%84%D8%AA%D9%83%DA%A4%D9%8A%D8%B3%D8%AA; de: https://de.wikipedia.org/wiki/Peter_Hultqvist; eo: https://eo.wikipedia.org/wiki/Peter_Hultqvist; et: https://et.wikipedia.org/wiki/Peter_Hultqvist; fa: https://fa.wikipedia.org/wiki/%D9%BE%DB%8C%D8%AA%D8%B1_%D9%87%D9%88%D9%84%D8%AA%DA%A9%D9%88%DB%8C%D8%B3%D8%AA; fi: https://fi.wikipedia.org/wiki/Peter_Hultqvist; fr: https://fr.wikipedia.org/wiki/Peter_Hultqvist; he: https://he.wikipedia.org/wiki/%D7%A4%D7%99%D7%98%D7%A8_%D7%94%D7%95%D7%9C%D7%98%D7%A7%D7%95%D7%95%D7%99%D7%A1%D7%98; no: https://no.wikipedia.org/wiki/Peter_Hultqvist; pl: https://pl.wikipedia.org/wiki/Peter_Hultqvist; pt: https://pt.wikipedia.org/wiki/Peter_Hultqvist; tr: https://tr.wikipedia.org/wiki/Peter_Hultqvist; uk: https://uk.wikipedia.org/wiki/%D0%9F%D0%B5%D1%82%D0%B5%D1%80_%D0%93%D1%83%D0%BB%D1%8C%D0%BA%D0%B2%D1%96%D1%81%D1%82,CC BY 2.0,Ash Carter,https://commons.wikimedia.org/wiki/File:Peter_Hultqvist_in_2016_(cropped).jpg
Peter Söderström,S,Värmlands län,Tjänstgörande riksdagsledamot,1975,0b5e4648-5c1c-4273-8049-bef32b8f7ae5,064205084029,Q106783005,Saknar bild (P18),,,https://data.riksdagen.se/filarkiv/bilder/ledamot/0b5e4648-5c1c-4273-8049-bef32b8f7ae5_192.jpg,peter.soderstrom@riksdagen.se,Porträttbild till Wikipedia under fri licens,"Hej Peter Söderström,

Jag bidrar till Wikipedia och vill gärna att artikeln om dig ska kunna illustreras med en aktuell porträttbild. Skulle du kunna hjälpa oss genom att ladda upp en bild till Wikimedia Commons under en fri licens, exempelvis CC BY 4.0?

Det kräver att fotografen eller den som äger rättigheterna godkänner licensen. Fotografen anges vid användning, och bilden får återanvändas och bearbetas, även i kommersiella sammanhang.

Digg och PRV rekommenderar öppna licenser för offentlig information, som ett komplement till EU öppna data-direktiv från 2019 (https://eur-lex.europa.eu/legal-content/SV/TXT/?uri=CELEX%3A32019L1024). Riksdagens nuvarande bildvillkor anger däremot ingen sådan tydlig fri licens för ledamöternas porträtt trots begäran om det.

En bild från dig vore ett konkret steg framåt. Jag hjälper gärna till med uppladdningen och uppgifter om fotograf och licens.
Du får också gärna lyfta frågan inom riksdagen: varför inte publicera ledamöternas porträtt som ett samlat dataset med tydliga fria licenser?
Hjälp oss att komma vidare och göra våra folkvalda lättare att presentera på Wikipedia.

Vänliga hälsningar,
<ange ditt namn>",nej,ej_aktuell,,,ej_aktuell,,,Värmlands län,False,,,,
Petter Löberg,S,Västra Götalands läns södra,Tjänstgörande riksdagsledamot,1968,7826c819-d0da-4e4a-a16b-ffa3d8e9b155,0274462857213,Q5969317,Har bild (P18),http://commons.wikimedia.org/wiki/Special:FilePath/Petter%20L%C3%B6berg%20%28cropped%29.jpg,,https://data.riksdagen.se/filarkiv/bilder/ledamot/7826c819-d0da-4e4a-a16b-ffa3d8e9b155_192.jpg,petter.loberg@riksdagen.se,Porträttbild till Wikipedia under fri licens,"Hej Petter Löberg,

Jag bidrar till Wikipedia och vill gärna att artikeln om dig ska kunna illustreras med en aktuell porträttbild. Skulle du kunna hjälpa oss genom att ladda upp en bild till Wikimedia Commons under en fri licens, exempelvis CC BY 4.0?

Här finns Wikipedia-artiklarna om dig:
- sv: Petter Löberg – https://sv.wikipedia.org/wiki/Petter_L%C3%B6berg
- en: Petter Löberg – https://en.wikipedia.org/wiki/Petter_L%C3%B6berg
- arz: پيتير لوبيرج – https://arz.wikipedia.org/wiki/%D9%BE%D9%8A%D8%AA%D9%8A%D8%B1_%D9%84%D9%88%D8%A8%D9%8A%D8%B1%D8%AC

Det kräver att fotografen eller den som äger rättigheterna godkänner licensen. Fotografen anges vid användning, och bilden får återanvändas och bearbetas, även i kommersiella sammanhang.

Digg och PRV rekommenderar öppna licenser för offentlig information, som ett komplement till EU öppna data-direktiv från 2019 (https://eur-lex.europa.eu/legal-content/SV/TXT/?uri=CELEX%3A32019L1024). Riksdagens nuvarande bildvillkor anger däremot ingen sådan tydlig fri licens för ledamöternas porträtt trots begäran om det.

En bild från dig vore ett konkret steg framåt. Jag hjälper gärna till med uppladdningen och uppgifter om fotograf och licens.
Du får också gärna lyfta frågan inom riksdagen: varför inte publicera ledamöternas porträtt som ett samlat dataset med tydliga fria licenser?
Hjälp oss att komma vidare och göra våra folkvalda lättare att presentera på Wikipedia.

Vänliga hälsningar,
<ange ditt namn>",ja,ej_aktuell,,,finns,2026-10-08T18:55:44Z,Petter Löberg,Västra Götalands län,True,sv: https://sv.wikipedia.org/wiki/Petter_L%C3%B6berg; en: https://en.wikipedia.org/wiki/Petter_L%C3%B6berg; arz: https://arz.wikipedia.org/wiki/%D9%BE%D9%8A%D8%AA%D9%8A%D8%B1_%D9%84%D9%88%D8%A8%D9%8A%D8%B1%D8%AC,CC BY-SA 4.0,Andreas Ericsson / Socialdemokratiska arbetarepartiet,https://commons.wikimedia.org/wiki/File:Petter_L%C3%B6berg_(cropped).jpg
Robert Andersson Hammarstrand,S,Göteborgs kommun,Tjänstgörande riksdagsledamot,1972,071ef3e6-6e98-466b-9a6f-5c7bbb428ae2,0176574413717,Q141527502,Saknar bild (P18),,,https://data.riksdagen.se/filarkiv/bilder/ledamot/071ef3e6-6e98-466b-9a6f-5c7bbb428ae2_192.jpg,robert.andersson.hammarstrand@riksdagen.se,Porträttbild till Wikipedia under fri licens,"Hej Robert Andersson Hammarstrand,

Jag bidrar till Wikipedia och vill gärna att artikeln om dig ska kunna illustreras med en aktuell porträttbild. Skulle du kunna hjälpa oss genom att ladda upp en bild till Wikimedia Commons under en fri licens, exempelvis CC BY 4.0?

Här finns Wikipedia-artiklarna om dig:
- sv: Robert Andersson Hammarstrand – https://sv.wikipedia.org/wiki/Robert_Andersson_Hammarstrand

Det kräver att fotografen eller den som äger rättigheterna godkänner licensen. Fotografen anges vid användning, och bilden får återanvändas och bearbetas, även i kommersiella sammanhang.

Digg och PRV rekommenderar öppna licenser för offentlig information, som ett komplement till EU öppna data-direktiv från 2019 (https://eur-lex.europa.eu/legal-content/SV/TXT/?uri=CELEX%3A32019L1024). Riksdagens nuvarande bildvillkor anger däremot ingen sådan tydlig fri licens för ledamöternas porträtt trots begäran om det.

En bild från dig vore ett konkret steg framåt. Jag hjälper gärna till med uppladdningen och uppgifter om fotograf och licens.
Du får också gärna lyfta frågan inom riksdagen: varför inte publicera ledamöternas porträtt som ett samlat dataset med tydliga fria licenser?
Hjälp oss att komma vidare och göra våra folkvalda lättare att presentera på Wikipedia.

Vänliga hälsningar,
<ange ditt namn>",ja,finns,2026-10-08T18:55:42Z,Robert Andersson Hammarstrand,finns,2026-10-08T18:55:44Z,Robert Andersson Hammarstrand,Västra Götalands län,False,sv: https://sv.wikipedia.org/wiki/Robert_Andersson_Hammarstrand,,,
Robert Olesen,S,Kronobergs län,Tjänstgörande riksdagsledamot,1975,636bf682-393b-4ceb-a1d2-3172d8562627,0440225263920,Q6024765,Saknar bild (P18),,,https://data.riksdagen.se/filarkiv/bilder/ledamot/636bf682-393b-4ceb-a1d2-3172d8562627_192.jpg,robert.olesen@riksdagen.se,Porträttbild till Wikipedia under fri licens,"Hej Robert Olesen,

Jag bidrar till Wikipedia och vill gärna att artikeln om dig ska kunna illustreras med en aktuell porträttbild. Skulle du kunna hjälpa oss genom att ladda upp en bild till Wikimedia Commons under en fri licens, exempelvis CC BY 4.0?

Här finns Wikipedia-artiklarna om dig:
- sv: Robert Olesen – https://sv.wikipedia.org/wiki/Robert_Olesen
- en: Robert Olesen (politician) – https://en.wikipedia.org/wiki/Robert_Olesen_(politician)
- arz: روبيرت اوليسين – https://arz.wikipedia.org/wiki/%D8%B1%D9%88%D8%A8%D9%8A%D8%B1%D8%AA_%D8%A7%D9%88%D9%84%D9%8A%D8%B3%D9%8A%D9%86

Det kräver att fotografen eller den som äger rättigheterna godkänner licensen. Fotografen anges vid användning, och bilden får återanvändas och bearbetas, även i kommersiella sammanhang.

Digg och PRV rekommenderar öppna licenser för offentlig information, som ett komplement till EU öppna data-direktiv från 2019 (https://eur-lex.europa.eu/legal-content/SV/TXT/?uri=CELEX%3A32019L1024). Riksdagens nuvarande bildvillkor anger däremot ingen sådan tydlig fri licens för ledamöternas porträtt trots begäran om det.

En bild från dig vore ett konkret steg framåt. Jag hjälper gärna till med uppladdningen och uppgifter om fotograf och licens.
Du får också gärna lyfta frågan inom riksdagen: varför inte publicera ledamöternas porträtt som ett samlat dataset med tydliga fria licenser?
Hjälp oss att komma vidare och göra våra folkvalda lättare att presentera på Wikipedia.

Vänliga hälsningar,
<ange ditt namn>",ja,finns,2026-10-08T18:55:42Z,Robert Olesen,finns,2026-10-08T18:55:44Z,Robert Olesen,Kronobergs län,False,sv: https://sv.wikipedia.org/wiki/Robert_Olesen; en: https://en.wikipedia.org/wiki/Robert_Olesen_(politician); arz: https://arz.wikipedia.org/wiki/%D8%B1%D9%88%D8%A8%D9%8A%D8%B1%D8%AA_%D8%A7%D9%88%D9%84%D9%8A%D8%B3%D9%8A%D9%86,,,
Samuel Pettersson,S,Norrbottens län,Tjänstgörande riksdagsledamot,2001,81d58995-d87f-4560-8013-8af6a0d768f9,0139595721190,Q141511357,Saknar bild (P18),,,https://data.riksdagen.se/filarkiv/bilder/ledamot/81d58995-d87f-4560-8013-8af6a0d768f9_192.jpg,samuel.pettersson@riksdagen.se,Porträttbild till Wikipedia under fri licens,"Hej Samuel Pettersson,

Jag bidrar till Wikipedia och vill gärna att artikeln om dig ska kunna illustreras med en aktuell porträttbild. Skulle du kunna hjälpa oss genom att ladda upp en bild till Wikimedia Commons under en fri licens, exempelvis CC BY 4.0?

Här finns Wikipedia-artiklarna om dig:
- sv: Samuel Pettersson Frank – https://sv.wikipedia.org/wiki/Samuel_Pettersson_Frank
- en: Samuel Pettersson – https://en.wikipedia.org/wiki/Samuel_Pettersson

Det kräver att fotografen eller den som äger rättigheterna godkänner licensen. Fotografen anges vid användning, och bilden får återanvändas och bearbetas, även i kommersiella sammanhang.

Digg och PRV rekommenderar öppna licenser för offentlig information, som ett komplement till EU öppna data-direktiv från 2019 (https://eur-lex.europa.eu/legal-content/SV/TXT/?uri=CELEX%3A32019L1024). Riksdagens nuvarande bildvillkor anger däremot ingen sådan tydlig fri licens för ledamöternas porträtt trots begäran om det.

En bild från dig vore ett konkret steg framåt. Jag hjälper gärna till med uppladdningen och uppgifter om fotograf och licens.
Du får också gärna lyfta frågan inom riksdagen: varför inte publicera ledamöternas porträtt som ett samlat dataset med tydliga fria licenser?
Hjälp oss att komma vidare och göra våra folkvalda lättare att presentera på Wikipedia.

Vänliga hälsningar,
<ange ditt namn>",ja,finns,2026-10-08T18:55:42Z,Samuel Pettersson Frank,finns,2026-10-08T18:55:44Z,Samuel Pettersson Frank,Norrbottens län,False,sv: https://sv.wikipedia.org/wiki/Samuel_Pettersson_Frank; en: https://en.wikipedia.org/wiki/Samuel_Pettersson,,,
Sanna Backeskog,S,Gävleborgs län,Tjänstgörande riksdagsledamot,1985,c201c018-27e1-4f3f-88b1-4ab748edf883,0859909330720,Q114031263,Saknar bild (P18),,,https://data.riksdagen.se/filarkiv/bilder/ledamot/c201c018-27e1-4f3f-88b1-4ab748edf883_192.jpg,sanna.backeskog@riksdagen.se,Porträttbild till Wikipedia under fri licens,"Hej Sanna Backeskog,

Jag bidrar till Wikipedia och vill gärna att artikeln om dig ska kunna illustreras med en aktuell porträttbild. Skulle du kunna hjälpa oss genom att ladda upp en bild till Wikimedia Commons under en fri licens, exempelvis CC BY 4.0?

Här finns Wikipedia-artiklarna om dig:
- sv: Sanna Backeskog – https://sv.wikipedia.org/wiki/Sanna_Backeskog
- en: Sanna Backeskog – https://en.wikipedia.org/wiki/Sanna_Backeskog
- no: Sanna Backeskog – https://no.wikipedia.org/wiki/Sanna_Backeskog

Det kräver att fotografen eller den som äger rättigheterna godkänner licensen. Fotografen anges vid användning, och bilden får återanvändas och bearbetas, även i kommersiella sammanhang.

Digg och PRV rekommenderar öppna licenser för offentlig information, som ett komplement till EU öppna data-direktiv från 2019 (https://eur-lex.europa.eu/legal-content/SV/TXT/?uri=CELEX%3A32019L1024). Riksdagens nuvarande bildvillkor anger däremot ingen sådan tydlig fri licens för ledamöternas porträtt trots begäran om det.

En bild från dig vore ett konkret steg framåt. Jag hjälper gärna till med uppladdningen och uppgifter om fotograf och licens.
Du får också gärna lyfta frågan inom riksdagen: varför inte publicera ledamöternas porträtt som ett samlat dataset med tydliga fria licenser?
Hjälp oss att komma vidare och göra våra folkvalda lättare att presentera på Wikipedia.

Vänliga hälsningar,
<ange ditt namn>",ja,finns,2026-10-08T18:55:42Z,Sanna Backeskog,finns,2026-10-08T18:55:44Z,Sanna Backeskog,Gävleborgs län,False,sv: https://sv.wikipedia.org/wiki/Sanna_Backeskog; en: https://en.wikipedia.org/wiki/Sanna_Backeskog; no: https://no.wikipedia.org/wiki/Sanna_Backeskog,,,
Sarkis Khatchadourian,S,Stockholms län,Tjänstgörande riksdagsledamot,1997,dc30b795-1b73-4974-baf6-391aa04a123d,0242094381121,Q141503007,Saknar bild (P18),,,https://data.riksdagen.se/filarkiv/bilder/ledamot/dc30b795-1b73-4974-baf6-391aa04a123d_192.jpg,sarkis.khatchadourian@riksdagen.se,Porträttbild till Wikipedia under fri licens,"Hej Sarkis Khatchadourian,

Jag bidrar till Wikipedia och vill gärna att artikeln om dig ska kunna illustreras med en aktuell porträttbild. Skulle du kunna hjälpa oss genom att ladda upp en bild till Wikimedia Commons under en fri licens, exempelvis CC BY 4.0?

Här finns Wikipedia-artiklarna om dig:
- en: Sarkis Khatchadourian – https://en.wikipedia.org/wiki/Sarkis_Khatchadourian

Det kräver att fotografen eller den som äger rättigheterna godkänner licensen. Fotografen anges vid användning, och bilden får återanvändas och bearbetas, även i kommersiella sammanhang.

Digg och PRV rekommenderar öppna licenser för offentlig information, som ett komplement till EU öppna data-direktiv från 2019 (https://eur-lex.europa.eu/legal-content/SV/TXT/?uri=CELEX%3A32019L1024). Riksdagens nuvarande bildvillkor anger däremot ingen sådan tydlig fri licens för ledamöternas porträtt trots begäran om det.

En bild från dig vore ett konkret steg framåt. Jag hjälper gärna till med uppladdningen och uppgifter om fotograf och licens.
Du får också gärna lyfta frågan inom riksdagen: varför inte publicera ledamöternas porträtt som ett samlat dataset med tydliga fria licenser?
Hjälp oss att komma vidare och göra våra folkvalda lättare att presentera på Wikipedia.

Vänliga hälsningar,
<ange ditt namn>",nej,ej_aktuell,,,ej_aktuell,,,Stockholms län,False,en: https://en.wikipedia.org/wiki/Sarkis_Khatchadourian,,,
Sofia Amloh,S,Södermanlands län,Tjänstgörande riksdagsledamot,1986,359e75f3-519e-49d7-b155-ada488e621ea,0521260619925,Q108525852,Har bild (P18),http://commons.wikimedia.org/wiki/Special:FilePath/Sofia%20Amloh.jpg,,https://data.riksdagen.se/filarkiv/bilder/ledamot/359e75f3-519e-49d7-b155-ada488e621ea_192.jpg,sofia.amloh@riksdagen.se,Porträttbild till Wikipedia under fri licens,"Hej Sofia Amloh,

Jag bidrar till Wikipedia och vill gärna att artikeln om dig ska kunna illustreras med en aktuell porträttbild. Skulle du kunna hjälpa oss genom att ladda upp en bild till Wikimedia Commons under en fri licens, exempelvis CC BY 4.0?

Här finns Wikipedia-artiklarna om dig:
- sv: Sofia Amloh – https://sv.wikipedia.org/wiki/Sofia_Amloh
- en: Sofia Amloh – https://en.wikipedia.org/wiki/Sofia_Amloh
- de: Sofia Amloh – https://de.wikipedia.org/wiki/Sofia_Amloh

Det kräver att fotografen eller den som äger rättigheterna godkänner licensen. Fotografen anges vid användning, och bilden får återanvändas och bearbetas, även i kommersiella sammanhang.

Digg och PRV rekommenderar öppna licenser för offentlig information, som ett komplement till EU öppna data-direktiv från 2019 (https://eur-lex.europa.eu/legal-content/SV/TXT/?uri=CELEX%3A32019L1024). Riksdagens nuvarande bildvillkor anger däremot ingen sådan tydlig fri licens för ledamöternas porträtt trots begäran om det.

En bild från dig vore ett konkret steg framåt. Jag hjälper gärna till med uppladdningen och uppgifter om fotograf och licens.
Du får också gärna lyfta frågan inom riksdagen: varför inte publicera ledamöternas porträtt som ett samlat dataset med tydliga fria licenser?
Hjälp oss att komma vidare och göra våra folkvalda lättare att presentera på Wikipedia.

Vänliga hälsningar,
<ange ditt namn>",ja,ej_aktuell,,,finns,2026-10-08T18:55:44Z,Sofia Amloh,Södermanlands län,True,sv: https://sv.wikipedia.org/wiki/Sofia_Amloh; en: https://en.wikipedia.org/wiki/Sofia_Amloh; de: https://de.wikipedia.org/wiki/Sofia_Amloh,CC BY-SA 4.0,Andreas Ericsson / Socialdemokratiska arbetarepartiet,https://commons.wikimedia.org/wiki/File:Sofia_Amloh.jpg
Sofia Skönnbrink,S,Värmlands län,Tjänstgörande riksdagsledamot,1991,61011e4f-56d9-4eba-8071-3831cd36137b,0369212790927,Q114031254,Saknar bild (P18),,,https://data.riksdagen.se/filarkiv/bilder/ledamot/61011e4f-56d9-4eba-8071-3831cd36137b_192.jpg,sofia.skonnbrink@riksdagen.se,Porträttbild till Wikipedia under fri licens,"Hej Sofia Skönnbrink,

Jag bidrar till Wikipedia och vill gärna att artikeln om dig ska kunna illustreras med en aktuell porträttbild. Skulle du kunna hjälpa oss genom att ladda upp en bild till Wikimedia Commons under en fri licens, exempelvis CC BY 4.0?

Här finns Wikipedia-artiklarna om dig:
- sv: Sofia Skönnbrink – https://sv.wikipedia.org/wiki/Sofia_Sk%C3%B6nnbrink
- en: Sofia Skönnbrink – https://en.wikipedia.org/wiki/Sofia_Sk%C3%B6nnbrink

Det kräver att fotografen eller den som äger rättigheterna godkänner licensen. Fotografen anges vid användning, och bilden får återanvändas och bearbetas, även i kommersiella sammanhang.

Digg och PRV rekommenderar öppna licenser för offentlig information, som ett komplement till EU öppna data-direktiv från 2019 (https://eur-lex.europa.eu/legal-content/SV/TXT/?uri=CELEX%3A32019L1024). Riksdagens nuvarande bildvillkor anger däremot ingen sådan tydlig fri licens för ledamöternas porträtt trots begäran om det.

En bild från dig vore ett konkret steg framåt. Jag hjälper gärna till med uppladdningen och uppgifter om fotograf och licens.
Du får också gärna lyfta frågan inom riksdagen: varför inte publicera ledamöternas porträtt som ett samlat dataset med tydliga fria licenser?
Hjälp oss att komma vidare och göra våra folkvalda lättare att presentera på Wikipedia.

Vänliga hälsningar,
<ange ditt namn>",ja,finns,2026-10-08T18:55:42Z,Sofia Skönnbrink,finns,2026-10-08T18:55:44Z,Sofia Skönnbrink,Värmlands län,False,sv: https://sv.wikipedia.org/wiki/Sofia_Sk%C3%B6nnbrink; en: https://en.wikipedia.org/wiki/Sofia_Sk%C3%B6nnbrink,,,
Talla Alkurdi,S,Stockholms kommun,Tjänstgörande riksdagsledamot,1984,ea0be65f-a0f2-4c37-8824-471e9fcf6fcd,0613869444326,Q23918417,Har bild (P18),http://commons.wikimedia.org/wiki/Special:FilePath/Talla%20Alkurdi%20in%202019.jpg; http://commons.wikimedia.org/wiki/Special:FilePath/Talla%20Alkurdi.jpg,,https://data.riksdagen.se/filarkiv/bilder/ledamot/ea0be65f-a0f2-4c37-8824-471e9fcf6fcd_192.jpg,talla.alkurdi@riksdagen.se,Porträttbild till Wikipedia under fri licens,"Hej Talla Alkurdi,

Jag bidrar till Wikipedia och vill gärna att artikeln om dig ska kunna illustreras med en aktuell porträttbild. Skulle du kunna hjälpa oss genom att ladda upp en bild till Wikimedia Commons under en fri licens, exempelvis CC BY 4.0?

Här finns Wikipedia-artiklarna om dig:
- sv: Talla Alkurdi – https://sv.wikipedia.org/wiki/Talla_Alkurdi
- en: Talla Alkurdi – https://en.wikipedia.org/wiki/Talla_Alkurdi

Det kräver att fotografen eller den som äger rättigheterna godkänner licensen. Fotografen anges vid användning, och bilden får återanvändas och bearbetas, även i kommersiella sammanhang.

Digg och PRV rekommenderar öppna licenser för offentlig information, som ett komplement till EU öppna data-direktiv från 2019 (https://eur-lex.europa.eu/legal-content/SV/TXT/?uri=CELEX%3A32019L1024). Riksdagens nuvarande bildvillkor anger däremot ingen sådan tydlig fri licens för ledamöternas porträtt trots begäran om det.

En bild från dig vore ett konkret steg framåt. Jag hjälper gärna till med uppladdningen och uppgifter om fotograf och licens.
Du får också gärna lyfta frågan inom riksdagen: varför inte publicera ledamöternas porträtt som ett samlat dataset med tydliga fria licenser?
Hjälp oss att komma vidare och göra våra folkvalda lättare att presentera på Wikipedia.

Vänliga hälsningar,
<ange ditt namn>",ja,ej_aktuell,,,finns,2026-10-08T18:55:44Z,Talla Alkurdi,Stockholms län,True,sv: https://sv.wikipedia.org/wiki/Talla_Alkurdi; en: https://en.wikipedia.org/wiki/Talla_Alkurdi,CC BY-SA 4.0; CC BY-SA 4.0,Frankie Fouganthin; Fotograf: Jann Lipka,https://commons.wikimedia.org/wiki/File:Talla_Alkurdi_in_2019.jpg; https://commons.wikimedia.org/wiki/File:Talla_Alkurdi.jpg
Teresa Carvalho,S,Östergötlands län,Tjänstgörande riksdagsledamot,1984,3d764cf6-705b-460b-8226-df8f1226b27b,0315499690028,Q18202339,Har bild (P18),http://commons.wikimedia.org/wiki/Special:FilePath/Teresa%20Carvalho%202022.jpg,,https://data.riksdagen.se/filarkiv/bilder/ledamot/3d764cf6-705b-460b-8226-df8f1226b27b_192.jpg,teresa.carvalho@riksdagen.se,Porträttbild till Wikipedia under fri licens,"Hej Teresa Carvalho,

Jag bidrar till Wikipedia och vill gärna att artikeln om dig ska kunna illustreras med en aktuell porträttbild. Skulle du kunna hjälpa oss genom att ladda upp en bild till Wikimedia Commons under en fri licens, exempelvis CC BY 4.0?

Här finns Wikipedia-artiklarna om dig:
- sv: Teresa Carvalho – https://sv.wikipedia.org/wiki/Teresa_Carvalho
- en: Teresa Carvalho – https://en.wikipedia.org/wiki/Teresa_Carvalho
- arz: تيريسا كارڤالهو – https://arz.wikipedia.org/wiki/%D8%AA%D9%8A%D8%B1%D9%8A%D8%B3%D8%A7_%D9%83%D8%A7%D8%B1%DA%A4%D8%A7%D9%84%D9%87%D9%88
- pt: Teresa Carvalho – https://pt.wikipedia.org/wiki/Teresa_Carvalho

Det kräver att fotografen eller den som äger rättigheterna godkänner licensen. Fotografen anges vid användning, och bilden får återanvändas och bearbetas, även i kommersiella sammanhang.

Digg och PRV rekommenderar öppna licenser för offentlig information, som ett komplement till EU öppna data-direktiv från 2019 (https://eur-lex.europa.eu/legal-content/SV/TXT/?uri=CELEX%3A32019L1024). Riksdagens nuvarande bildvillkor anger däremot ingen sådan tydlig fri licens för ledamöternas porträtt trots begäran om det.

En bild från dig vore ett konkret steg framåt. Jag hjälper gärna till med uppladdningen och uppgifter om fotograf och licens.
Du får också gärna lyfta frågan inom riksdagen: varför inte publicera ledamöternas porträtt som ett samlat dataset med tydliga fria licenser?
Hjälp oss att komma vidare och göra våra folkvalda lättare att presentera på Wikipedia.

Vänliga hälsningar,
<ange ditt namn>",ja,ej_aktuell,,,finns,2026-10-08T18:55:44Z,Teresa Carvalho,Östergötlands län,True,sv: https://sv.wikipedia.org/wiki/Teresa_Carvalho; en: https://en.wikipedia.org/wiki/Teresa_Carvalho; arz: https://arz.wikipedia.org/wiki/%D8%AA%D9%8A%D8%B1%D9%8A%D8%B3%D8%A7_%D9%83%D8%A7%D8%B1%DA%A4%D8%A7%D9%84%D9%87%D9%88; pt: https://pt.wikipedia.org/wiki/Teresa_Carvalho,CC BY-SA 4.0,Andreas Ericsson / Socialdemokratiska arbetarepartiet,https://commons.wikimedia.org/wiki/File:Teresa_Carvalho_2022.jpg
Therese Kristiansson,S,Västra Götalands läns östra,Tjänstgörande riksdagsledamot,1995,51618e1f-5680-46a2-b778-4f93c6d8bb44,0642243049322,Q141527873,Saknar bild (P18),,,https://data.riksdagen.se/filarkiv/bilder/ledamot/51618e1f-5680-46a2-b778-4f93c6d8bb44_192.jpg,therese.kristiansson@riksdagen.se,Porträttbild till Wikipedia under fri licens,"Hej Therese Kristiansson,

Jag bidrar till Wikipedia och vill gärna att artikeln om dig ska kunna illustreras med en aktuell porträttbild. Skulle du kunna hjälpa oss genom att ladda upp en bild till Wikimedia Commons under en fri licens, exempelvis CC BY 4.0?

Här finns Wikipedia-artiklarna om dig:
- en: Therese Kristiansson – https://en.wikipedia.org/wiki/Therese_Kristiansson

Det kräver att fotografen eller den som äger rättigheterna godkänner licensen. Fotografen anges vid användning, och bilden får återanvändas och bearbetas, även i kommersiella sammanhang.

Digg och PRV rekommenderar öppna licenser för offentlig information, som ett komplement till EU öppna data-direktiv från 2019 (https://eur-lex.europa.eu/legal-content/SV/TXT/?uri=CELEX%3A32019L1024). Riksdagens nuvarande bildvillkor anger däremot ingen sådan tydlig fri licens för ledamöternas porträtt trots begäran om det.

En bild från dig vore ett konkret steg framåt. Jag hjälper gärna till med uppladdningen och uppgifter om fotograf och licens.
Du får också gärna lyfta frågan inom riksdagen: varför inte publicera ledamöternas porträtt som ett samlat dataset med tydliga fria licenser?
Hjälp oss att komma vidare och göra våra folkvalda lättare att presentera på Wikipedia.

Vänliga hälsningar,
<ange ditt namn>",nej,ej_aktuell,,,ej_aktuell,,,Västra Götalands län,False,en: https://en.wikipedia.org/wiki/Therese_Kristiansson,,,
Ylva Stadell,S,Uppsala län,Tjänstgörande riksdagsledamot,1982,20196cf0-b6e1-4814-b7a1-c306d46900c4,0471368553320,Q141503663,Saknar bild (P18),,,https://data.riksdagen.se/filarkiv/bilder/ledamot/20196cf0-b6e1-4814-b7a1-c306d46900c4_192.jpg,ylva.stadell@riksdagen.se,Porträttbild till Wikipedia under fri licens,"Hej Ylva Stadell,

Jag bidrar till Wikipedia och vill gärna att artikeln om dig ska kunna illustreras med en aktuell porträttbild. Skulle du kunna hjälpa oss genom att ladda upp en bild till Wikimedia Commons under en fri licens, exempelvis CC BY 4.0?

Här finns Wikipedia-artiklarna om dig:
- sv: Ylva Stadell – https://sv.wikipedia.org/wiki/Ylva_Stadell

Det kräver att fotografen eller den som äger rättigheterna godkänner licensen. Fotografen anges vid användning, och bilden får återanvändas och bearbetas, även i kommersiella sammanhang.

Digg och PRV rekommenderar öppna licenser för offentlig information, som ett komplement till EU öppna data-direktiv från 2019 (https://eur-lex.europa.eu/legal-content/SV/TXT/?uri=CELEX%3A32019L1024). Riksdagens nuvarande bildvillkor anger däremot ingen sådan tydlig fri licens för ledamöternas porträtt trots begäran om det.

En bild från dig vore ett konkret steg framåt. Jag hjälper gärna till med uppladdningen och uppgifter om fotograf och licens.
Du får också gärna lyfta frågan inom riksdagen: varför inte publicera ledamöternas porträtt som ett samlat dataset med tydliga fria licenser?
Hjälp oss att komma vidare och göra våra folkvalda lättare att presentera på Wikipedia.

Vänliga hälsningar,
<ange ditt namn>",ja,finns,2026-10-08T18:55:42Z,Ylva Stadell,finns,2026-10-08T18:55:44Z,Ylva Stadell,Uppsala län,False,sv: https://sv.wikipedia.org/wiki/Ylva_Stadell,,,
Zinaida Kajevic,S,Malmö kommun,Tjänstgörande ersättare,1979,e46ed7dc-8aaa-44d1-bcc6-a62fc23d9ae3,0990587970528,Q116996454,Saknar bild (P18),,,https://data.riksdagen.se/filarkiv/bilder/ledamot/e46ed7dc-8aaa-44d1-bcc6-a62fc23d9ae3_192.jpg,zinaida.kajevic@riksdagen.se,Porträttbild till Wikipedia under fri licens,"Hej Zinaida Kajevic,

Jag bidrar till Wikipedia och vill gärna att artikeln om dig ska kunna illustreras med en aktuell porträttbild. Skulle du kunna hjälpa oss genom att ladda upp en bild till Wikimedia Commons under en fri licens, exempelvis CC BY 4.0?

Här finns Wikipedia-artiklarna om dig:
- sv: Zinaida Kajevic – https://sv.wikipedia.org/wiki/Zinaida_Kajevic
- en: Zinaida Kajevic – https://en.wikipedia.org/wiki/Zinaida_Kajevic

Det kräver att fotografen eller den som äger rättigheterna godkänner licensen. Fotografen anges vid användning, och bilden får återanvändas och bearbetas, även i kommersiella sammanhang.

Digg och PRV rekommenderar öppna licenser för offentlig information, som ett komplement till EU öppna data-direktiv från 2019 (https://eur-lex.europa.eu/legal-content/SV/TXT/?uri=CELEX%3A32019L1024). Riksdagens nuvarande bildvillkor anger däremot ingen sådan tydlig fri licens för ledamöternas porträtt trots begäran om det.

En bild från dig vore ett konkret steg framåt. Jag hjälper gärna till med uppladdningen och uppgifter om fotograf och licens.
Du får också gärna lyfta frågan inom riksdagen: varför inte publicera ledamöternas porträtt som ett samlat dataset med tydliga fria licenser?
Hjälp oss att komma vidare och göra våra folkvalda lättare att presentera på Wikipedia.

Vänliga hälsningar,
<ange ditt namn>",ja,finns,2026-10-08T18:55:42Z,Zinaida Kajevic,finns,2026-10-08T18:55:44Z,Zinaida Kajevic,Skåne län,False,sv: https://sv.wikipedia.org/wiki/Zinaida_Kajevic; en: https://en.wikipedia.org/wiki/Zinaida_Kajevic,,,
Åsa Andersson,S,Uppsala län,Tjänstgörande riksdagsledamot,1971,6063efea-7494-4636-bd85-f1eeb28f0b23,0288073636613,Q141503752,Saknar bild (P18),,,https://data.riksdagen.se/filarkiv/bilder/ledamot/6063efea-7494-4636-bd85-f1eeb28f0b23_192.jpg,asa.andersson@riksdagen.se,Porträttbild till Wikipedia under fri licens,"Hej Åsa Andersson,

Jag bidrar till Wikipedia och vill gärna att artikeln om dig ska kunna illustreras med en aktuell porträttbild. Skulle du kunna hjälpa oss genom att ladda upp en bild till Wikimedia Commons under en fri licens, exempelvis CC BY 4.0?

Det kräver att fotografen eller den som äger rättigheterna godkänner licensen. Fotografen anges vid användning, och bilden får återanvändas och bearbetas, även i kommersiella sammanhang.

Digg och PRV rekommenderar öppna licenser för offentlig information, som ett komplement till EU öppna data-direktiv från 2019 (https://eur-lex.europa.eu/legal-content/SV/TXT/?uri=CELEX%3A32019L1024). Riksdagens nuvarande bildvillkor anger däremot ingen sådan tydlig fri licens för ledamöternas porträtt trots begäran om det.

En bild från dig vore ett konkret steg framåt. Jag hjälper gärna till med uppladdningen och uppgifter om fotograf och licens.
Du får också gärna lyfta frågan inom riksdagen: varför inte publicera ledamöternas porträtt som ett samlat dataset med tydliga fria licenser?
Hjälp oss att komma vidare och göra våra folkvalda lättare att presentera på Wikipedia.

Vänliga hälsningar,
<ange ditt namn>",nej,ej_aktuell,,,ej_aktuell,,,Uppsala län,False,,,,
Åsa Eriksson,S,Västmanlands län,Tjänstgörande riksdagsledamot,1972,473cc883-b475-42fe-8553-4f1a6bd17a54,0296384583518,Q9393603,Har bild (P18),http://commons.wikimedia.org/wiki/Special:FilePath/%C3%85sa%20Eriksson.jpg,,https://data.riksdagen.se/filarkiv/bilder/ledamot/473cc883-b475-42fe-8553-4f1a6bd17a54_192.jpg,asa.eriksson@riksdagen.se,Porträttbild till Wikipedia under fri licens,"Hej Åsa Eriksson,

Jag bidrar till Wikipedia och vill gärna att artikeln om dig ska kunna illustreras med en aktuell porträttbild. Skulle du kunna hjälpa oss genom att ladda upp en bild till Wikimedia Commons under en fri licens, exempelvis CC BY 4.0?

Här finns Wikipedia-artiklarna om dig:
- sv: Åsa Eriksson (politiker) – https://sv.wikipedia.org/wiki/%C3%85sa_Eriksson_(politiker)
- en: Åsa Eriksson (politician) – https://en.wikipedia.org/wiki/%C3%85sa_Eriksson_(politician)

Det kräver att fotografen eller den som äger rättigheterna godkänner licensen. Fotografen anges vid användning, och bilden får återanvändas och bearbetas, även i kommersiella sammanhang.

Digg och PRV rekommenderar öppna licenser för offentlig information, som ett komplement till EU öppna data-direktiv från 2019 (https://eur-lex.europa.eu/legal-content/SV/TXT/?uri=CELEX%3A32019L1024). Riksdagens nuvarande bildvillkor anger däremot ingen sådan tydlig fri licens för ledamöternas porträtt trots begäran om det.

En bild från dig vore ett konkret steg framåt. Jag hjälper gärna till med uppladdningen och uppgifter om fotograf och licens.
Du får också gärna lyfta frågan inom riksdagen: varför inte publicera ledamöternas porträtt som ett samlat dataset med tydliga fria licenser?
Hjälp oss att komma vidare och göra våra folkvalda lättare att presentera på Wikipedia.

Vänliga hälsningar,
<ange ditt namn>",ja,ej_aktuell,,,finns,2026-10-08T18:55:44Z,Åsa Eriksson (politiker),Västmanlands län,True,sv: https://sv.wikipedia.org/wiki/%C3%85sa_Eriksson_(politiker); en: https://en.wikipedia.org/wiki/%C3%85sa_Eriksson_(politician),CC BY-SA 4.0,Andreas Ericsson / Socialdemokratiska arbetarepartiet,https://commons.wikimedia.org/wiki/File:%C3%85sa_Eriksson.jpg
Åsa Westlund,S,Stockholms län,Tjänstgörande riksdagsledamot,1976,73281fee-b276-4150-8cf0-fd3368b3c5c6,0802546764724,Q269859,Har bild (P18),http://commons.wikimedia.org/wiki/Special:FilePath/%C3%85sa%20Westlund%2002.JPG,,https://data.riksdagen.se/filarkiv/bilder/ledamot/73281fee-b276-4150-8cf0-fd3368b3c5c6_192.jpg,asa.westlund@riksdagen.se,Porträttbild till Wikipedia under fri licens,"Hej Åsa Westlund,

Jag bidrar till Wikipedia och vill gärna att artikeln om dig ska kunna illustreras med en aktuell porträttbild. Skulle du kunna hjälpa oss genom att ladda upp en bild till Wikimedia Commons under en fri licens, exempelvis CC BY 4.0?

Här finns Wikipedia-artiklarna om dig:
- sv: Åsa Westlund – https://sv.wikipedia.org/wiki/%C3%85sa_Westlund
- en: Åsa Westlund – https://en.wikipedia.org/wiki/%C3%85sa_Westlund
- arz: اوسا ويستلوند – https://arz.wikipedia.org/wiki/%D8%A7%D9%88%D8%B3%D8%A7_%D9%88%D9%8A%D8%B3%D8%AA%D9%84%D9%88%D9%86%D8%AF
- da: Åsa Westlund – https://da.wikipedia.org/wiki/%C3%85sa_Westlund
- de: Åsa Westlund – https://de.wikipedia.org/wiki/%C3%85sa_Westlund
- eo: Åsa Westlund – https://eo.wikipedia.org/wiki/%C3%85sa_Westlund
- es: Åsa Westlund – https://es.wikipedia.org/wiki/%C3%85sa_Westlund
- fi: Åsa Westlund – https://fi.wikipedia.org/wiki/%C3%85sa_Westlund
- fr: Åsa Westlund – https://fr.wikipedia.org/wiki/%C3%85sa_Westlund
- it: Åsa Westlund – https://it.wikipedia.org/wiki/%C3%85sa_Westlund
- pl: Åsa Westlund – https://pl.wikipedia.org/wiki/%C3%85sa_Westlund
- ro: Åsa Westlund – https://ro.wikipedia.org/wiki/%C3%85sa_Westlund
- ru: Вестлунд, Оса – https://ru.wikipedia.org/wiki/%D0%92%D0%B5%D1%81%D1%82%D0%BB%D1%83%D0%BD%D0%B4,_%D0%9E%D1%81%D0%B0
- tr: Åsa Westlund – https://tr.wikipedia.org/wiki/%C3%85sa_Westlund

Det kräver att fotografen eller den som äger rättigheterna godkänner licensen. Fotografen anges vid användning, och bilden får återanvändas och bearbetas, även i kommersiella sammanhang.

Digg och PRV rekommenderar öppna licenser för offentlig information, som ett komplement till EU öppna data-direktiv från 2019 (https://eur-lex.europa.eu/legal-content/SV/TXT/?uri=CELEX%3A32019L1024). Riksdagens nuvarande bildvillkor anger däremot ingen sådan tydlig fri licens för ledamöternas porträtt trots begäran om det.

En bild från dig vore ett konkret steg framåt. Jag hjälper gärna till med uppladdningen och uppgifter om fotograf och licens.
Du får också gärna lyfta frågan inom riksdagen: varför inte publicera ledamöternas porträtt som ett samlat dataset med tydliga fria licenser?
Hjälp oss att komma vidare och göra våra folkvalda lättare att presentera på Wikipedia.

Vänliga hälsningar,
<ange ditt namn>",ja,ej_aktuell,,,finns,2026-10-08T18:55:44Z,Åsa Westlund,Stockholms län,True,"sv: https://sv.wikipedia.org/wiki/%C3%85sa_Westlund; en: https://en.wikipedia.org/wiki/%C3%85sa_Westlund; arz: https://arz.wikipedia.org/wiki/%D8%A7%D9%88%D8%B3%D8%A7_%D9%88%D9%8A%D8%B3%D8%AA%D9%84%D9%88%D9%86%D8%AF; da: https://da.wikipedia.org/wiki/%C3%85sa_Westlund; de: https://de.wikipedia.org/wiki/%C3%85sa_Westlund; eo: https://eo.wikipedia.org/wiki/%C3%85sa_Westlund; es: https://es.wikipedia.org/wiki/%C3%85sa_Westlund; fi: https://fi.wikipedia.org/wiki/%C3%85sa_Westlund; fr: https://fr.wikipedia.org/wiki/%C3%85sa_Westlund; it: https://it.wikipedia.org/wiki/%C3%85sa_Westlund; pl: https://pl.wikipedia.org/wiki/%C3%85sa_Westlund; ro: https://ro.wikipedia.org/wiki/%C3%85sa_Westlund; ru: https://ru.wikipedia.org/wiki/%D0%92%D0%B5%D1%81%D1%82%D0%BB%D1%83%D0%BD%D0%B4,_%D0%9E%D1%81%D0%B0; tr: https://tr.wikipedia.org/wiki/%C3%85sa_Westlund",CC BY-SA 3.0,Andy Mabbett,https://commons.wikimedia.org/wiki/File:%C3%85sa_Westlund_02.JPG
Adam Marttinen,SD,Södermanlands län,Tjänstgörande riksdagsledamot,1983,db2ca6ff-5620-4ece-8d31-97777f2efb48,0831039938224,Q15963975,Har bild (P18),http://commons.wikimedia.org/wiki/Special:FilePath/Adam%20Marttinen.jpg,,https://data.riksdagen.se/filarkiv/bilder/ledamot/db2ca6ff-5620-4ece-8d31-97777f2efb48_192.jpg,adam.marttinen@riksdagen.se,Porträttbild till Wikipedia under fri licens,"Hej Adam Marttinen,

Jag bidrar till Wikipedia och vill gärna att artikeln om dig ska kunna illustreras med en aktuell porträttbild. Skulle du kunna hjälpa oss genom att ladda upp en bild till Wikimedia Commons under en fri licens, exempelvis CC BY 4.0?

Här finns Wikipedia-artiklarna om dig:
- sv: Adam Marttinen – https://sv.wikipedia.org/wiki/Adam_Marttinen
- en: Adam Marttinen – https://en.wikipedia.org/wiki/Adam_Marttinen
- pt: Adam Marttinen – https://pt.wikipedia.org/wiki/Adam_Marttinen

Det kräver att fotografen eller den som äger rättigheterna godkänner licensen. Fotografen anges vid användning, och bilden får återanvändas och bearbetas, även i kommersiella sammanhang.

Digg och PRV rekommenderar öppna licenser för offentlig information, som ett komplement till EU öppna data-direktiv från 2019 (https://eur-lex.europa.eu/legal-content/SV/TXT/?uri=CELEX%3A32019L1024). Riksdagens nuvarande bildvillkor anger däremot ingen sådan tydlig fri licens för ledamöternas porträtt trots begäran om det.

En bild från dig vore ett konkret steg framåt. Jag hjälper gärna till med uppladdningen och uppgifter om fotograf och licens.
Du får också gärna lyfta frågan inom riksdagen: varför inte publicera ledamöternas porträtt som ett samlat dataset med tydliga fria licenser?
Hjälp oss att komma vidare och göra våra folkvalda lättare att presentera på Wikipedia.

Vänliga hälsningar,
<ange ditt namn>",ja,ej_aktuell,,,finns,2026-10-08T18:55:42Z,Adam Marttinen,Södermanlands län,True,sv: https://sv.wikipedia.org/wiki/Adam_Marttinen; en: https://en.wikipedia.org/wiki/Adam_Marttinen; pt: https://pt.wikipedia.org/wiki/Adam_Marttinen,CC BY-SA 4.0,Landstingshuset,https://commons.wikimedia.org/wiki/File:Adam_Marttinen.jpg
Alexander Christiansson,SD,Västra Götalands läns västra,Tjänstgörande riksdagsledamot,1981,300c041c-1f7e-4daa-97e0-4d2ec8e6f4f5,0279488554424,Q65499866,Har bild (P18),http://commons.wikimedia.org/wiki/Special:FilePath/Alexander%20Christiansson.png,,https://data.riksdagen.se/filarkiv/bilder/ledamot/300c041c-1f7e-4daa-97e0-4d2ec8e6f4f5_192.jpg,alexander.christiansson@riksdagen.se,Porträttbild till Wikipedia under fri licens,"Hej Alexander Christiansson,

Jag bidrar till Wikipedia och vill gärna att artikeln om dig ska kunna illustreras med en aktuell porträttbild. Skulle du kunna hjälpa oss genom att ladda upp en bild till Wikimedia Commons under en fri licens, exempelvis CC BY 4.0?

Här finns Wikipedia-artiklarna om dig:
- sv: Alexander Christiansson – https://sv.wikipedia.org/wiki/Alexander_Christiansson
- en: Alexander Christiansson – https://en.wikipedia.org/wiki/Alexander_Christiansson
- arz: اليكساندر كريستيانسون – https://arz.wikipedia.org/wiki/%D8%A7%D9%84%D9%8A%D9%83%D8%B3%D8%A7%D9%86%D8%AF%D8%B1_%D9%83%D8%B1%D9%8A%D8%B3%D8%AA%D9%8A%D8%A7%D9%86%D8%B3%D9%88%D9%86

Det kräver att fotografen eller den som äger rättigheterna godkänner licensen. Fotografen anges vid användning, och bilden får återanvändas och bearbetas, även i kommersiella sammanhang.

Digg och PRV rekommenderar öppna licenser för offentlig information, som ett komplement till EU öppna data-direktiv från 2019 (https://eur-lex.europa.eu/legal-content/SV/TXT/?uri=CELEX%3A32019L1024). Riksdagens nuvarande bildvillkor anger däremot ingen sådan tydlig fri licens för ledamöternas porträtt trots begäran om det.

En bild från dig vore ett konkret steg framåt. Jag hjälper gärna till med uppladdningen och uppgifter om fotograf och licens.
Du får också gärna lyfta frågan inom riksdagen: varför inte publicera ledamöternas porträtt som ett samlat dataset med tydliga fria licenser?
Hjälp oss att komma vidare och göra våra folkvalda lättare att presentera på Wikipedia.

Vänliga hälsningar,
<ange ditt namn>",ja,ej_aktuell,,,finns,2026-10-08T18:55:42Z,Alexander Christiansson,Västra Götalands län,True,sv: https://sv.wikipedia.org/wiki/Alexander_Christiansson; en: https://en.wikipedia.org/wiki/Alexander_Christiansson; arz: https://arz.wikipedia.org/wiki/%D8%A7%D9%84%D9%8A%D9%83%D8%B3%D8%A7%D9%86%D8%AF%D8%B1_%D9%83%D8%B1%D9%8A%D8%B3%D8%AA%D9%8A%D8%A7%D9%86%D8%B3%D9%88%D9%86,CC BY-SA 4.0,Landstingshuset,https://commons.wikimedia.org/wiki/File:Alexander_Christiansson.png
Anders Alftberg,SD,Västra Götalands läns södra,Tjänstgörande riksdagsledamot,1973,f0d945f3-9449-458e-ba40-1a0da1a72303,0469384565811,Q114031250,Saknar bild (P18),,,https://data.riksdagen.se/filarkiv/bilder/ledamot/f0d945f3-9449-458e-ba40-1a0da1a72303_192.jpg,anders.alftberg@riksdagen.se,Porträttbild till Wikipedia under fri licens,"Hej Anders Alftberg,

Jag bidrar till Wikipedia och vill gärna att artikeln om dig ska kunna illustreras med en aktuell porträttbild. Skulle du kunna hjälpa oss genom att ladda upp en bild till Wikimedia Commons under en fri licens, exempelvis CC BY 4.0?

Här finns Wikipedia-artiklarna om dig:
- sv: Anders Alftberg – https://sv.wikipedia.org/wiki/Anders_Alftberg
- en: Anders Alftberg – https://en.wikipedia.org/wiki/Anders_Alftberg

Det kräver att fotografen eller den som äger rättigheterna godkänner licensen. Fotografen anges vid användning, och bilden får återanvändas och bearbetas, även i kommersiella sammanhang.

Digg och PRV rekommenderar öppna licenser för offentlig information, som ett komplement till EU öppna data-direktiv från 2019 (https://eur-lex.europa.eu/legal-content/SV/TXT/?uri=CELEX%3A32019L1024). Riksdagens nuvarande bildvillkor anger däremot ingen sådan tydlig fri licens för ledamöternas porträtt trots begäran om det.

En bild från dig vore ett konkret steg framåt. Jag hjälper gärna till med uppladdningen och uppgifter om fotograf och licens.
Du får också gärna lyfta frågan inom riksdagen: varför inte publicera ledamöternas porträtt som ett samlat dataset med tydliga fria licenser?
Hjälp oss att komma vidare och göra våra folkvalda lättare att presentera på Wikipedia.

Vänliga hälsningar,
<ange ditt namn>",ja,finns,2026-10-08T18:55:40Z,Anders Alftberg,finns,2026-10-08T18:55:42Z,Anders Alftberg,Västra Götalands län,False,sv: https://sv.wikipedia.org/wiki/Anders_Alftberg; en: https://en.wikipedia.org/wiki/Anders_Alftberg,,,
Andrea Kronvall,SD,Stockholms län,Tjänstgörande riksdagsledamot,1985,820d6a20-1170-4915-bdff-e6175011bf0b,0109529900621,Q131382039,Har bild (P18),http://commons.wikimedia.org/wiki/Special:FilePath/Andrea%20Kronvall.jpg,,https://data.riksdagen.se/filarkiv/bilder/ledamot/820d6a20-1170-4915-bdff-e6175011bf0b_192.jpg,andrea.kronvall@riksdagen.se,Porträttbild till Wikipedia under fri licens,"Hej Andrea Kronvall,

Jag bidrar till Wikipedia och vill gärna att artikeln om dig ska kunna illustreras med en aktuell porträttbild. Skulle du kunna hjälpa oss genom att ladda upp en bild till Wikimedia Commons under en fri licens, exempelvis CC BY 4.0?

Här finns Wikipedia-artiklarna om dig:
- sv: Andrea Kronvall – https://sv.wikipedia.org/wiki/Andrea_Kronvall
- en: Andrea Kronvall – https://en.wikipedia.org/wiki/Andrea_Kronvall

Det kräver att fotografen eller den som äger rättigheterna godkänner licensen. Fotografen anges vid användning, och bilden får återanvändas och bearbetas, även i kommersiella sammanhang.

Digg och PRV rekommenderar öppna licenser för offentlig information, som ett komplement till EU öppna data-direktiv från 2019 (https://eur-lex.europa.eu/legal-content/SV/TXT/?uri=CELEX%3A32019L1024). Riksdagens nuvarande bildvillkor anger däremot ingen sådan tydlig fri licens för ledamöternas porträtt trots begäran om det.

En bild från dig vore ett konkret steg framåt. Jag hjälper gärna till med uppladdningen och uppgifter om fotograf och licens.
Du får också gärna lyfta frågan inom riksdagen: varför inte publicera ledamöternas porträtt som ett samlat dataset med tydliga fria licenser?
Hjälp oss att komma vidare och göra våra folkvalda lättare att presentera på Wikipedia.

Vänliga hälsningar,
<ange ditt namn>",ja,ej_aktuell,,,finns,2026-10-08T18:55:42Z,Andrea Kronvall,Stockholms län,True,sv: https://sv.wikipedia.org/wiki/Andrea_Kronvall; en: https://en.wikipedia.org/wiki/Andrea_Kronvall,CC0,CaptchaGrey,https://commons.wikimedia.org/wiki/File:Andrea_Kronvall.jpg
Andreas Ahlqvist,SD,Hallands län,Tjänstgörande riksdagsledamot,1973,ba3a8074-f7f8-4794-a062-e116da4458ed,0203115394824,Q141510321,Saknar bild (P18),,,https://data.riksdagen.se/filarkiv/bilder/ledamot/ba3a8074-f7f8-4794-a062-e116da4458ed_192.jpg,andreas.ahlqvist@riksdagen.se,Porträttbild till Wikipedia under fri licens,"Hej Andreas Ahlqvist,

Jag bidrar till Wikipedia och vill gärna att artikeln om dig ska kunna illustreras med en aktuell porträttbild. Skulle du kunna hjälpa oss genom att ladda upp en bild till Wikimedia Commons under en fri licens, exempelvis CC BY 4.0?

Här finns Wikipedia-artiklarna om dig:
- sv: Andreas Ahlqvist (politiker) – https://sv.wikipedia.org/wiki/Andreas_Ahlqvist_(politiker)

Det kräver att fotografen eller den som äger rättigheterna godkänner licensen. Fotografen anges vid användning, och bilden får återanvändas och bearbetas, även i kommersiella sammanhang.

Digg och PRV rekommenderar öppna licenser för offentlig information, som ett komplement till EU öppna data-direktiv från 2019 (https://eur-lex.europa.eu/legal-content/SV/TXT/?uri=CELEX%3A32019L1024). Riksdagens nuvarande bildvillkor anger däremot ingen sådan tydlig fri licens för ledamöternas porträtt trots begäran om det.

En bild från dig vore ett konkret steg framåt. Jag hjälper gärna till med uppladdningen och uppgifter om fotograf och licens.
Du får också gärna lyfta frågan inom riksdagen: varför inte publicera ledamöternas porträtt som ett samlat dataset med tydliga fria licenser?
Hjälp oss att komma vidare och göra våra folkvalda lättare att presentera på Wikipedia.

Vänliga hälsningar,
<ange ditt namn>",ja,finns,2026-10-08T18:55:40Z,Andreas Ahlqvist (politiker),finns,2026-10-08T18:55:42Z,Andreas Ahlqvist (politiker),Hallands län,False,sv: https://sv.wikipedia.org/wiki/Andreas_Ahlqvist_(politiker),,,
Ann-Christine Frohm,SD,Kronobergs län,Tjänstgörande riksdagsledamot,1972,3298ed49-917f-4230-8cf5-e10a70a93727,0148424181819,Q71133291,Saknar bild (P18),,,https://data.riksdagen.se/filarkiv/bilder/ledamot/3298ed49-917f-4230-8cf5-e10a70a93727_192.jpg,ann-christine.frohm@riksdagen.se,Porträttbild till Wikipedia under fri licens,"Hej Ann-Christine Frohm,

Jag bidrar till Wikipedia och vill gärna att artikeln om dig ska kunna illustreras med en aktuell porträttbild. Skulle du kunna hjälpa oss genom att ladda upp en bild till Wikimedia Commons under en fri licens, exempelvis CC BY 4.0?

Här finns Wikipedia-artiklarna om dig:
- sv: Ann-Christine Frohm – https://sv.wikipedia.org/wiki/Ann-Christine_Frohm
- en: Ann-Christine From Utterstedt – https://en.wikipedia.org/wiki/Ann-Christine_From_Utterstedt

Det kräver att fotografen eller den som äger rättigheterna godkänner licensen. Fotografen anges vid användning, och bilden får återanvändas och bearbetas, även i kommersiella sammanhang.

Digg och PRV rekommenderar öppna licenser för offentlig information, som ett komplement till EU öppna data-direktiv från 2019 (https://eur-lex.europa.eu/legal-content/SV/TXT/?uri=CELEX%3A32019L1024). Riksdagens nuvarande bildvillkor anger däremot ingen sådan tydlig fri licens för ledamöternas porträtt trots begäran om det.

En bild från dig vore ett konkret steg framåt. Jag hjälper gärna till med uppladdningen och uppgifter om fotograf och licens.
Du får också gärna lyfta frågan inom riksdagen: varför inte publicera ledamöternas porträtt som ett samlat dataset med tydliga fria licenser?
Hjälp oss att komma vidare och göra våra folkvalda lättare att presentera på Wikipedia.

Vänliga hälsningar,
<ange ditt namn>",ja,finns,2026-10-08T18:55:40Z,Ann-Christine Frohm,finns,2026-10-08T18:55:42Z,Ann-Christine Frohm,Kronobergs län,False,sv: https://sv.wikipedia.org/wiki/Ann-Christine_Frohm; en: https://en.wikipedia.org/wiki/Ann-Christine_From_Utterstedt,,,
Aron Emilsson,SD,Östergötlands län,Tjänstgörande riksdagsledamot,1990,fc43f0dc-4fc1-4e6e-ba11-5b74b20a12b2,0861521539920,Q18238607,Har bild (P18),http://commons.wikimedia.org/wiki/Special:FilePath/Aron%20Emilsson%20%28SD%29%20in%202018.jpg,,https://data.riksdagen.se/filarkiv/bilder/ledamot/fc43f0dc-4fc1-4e6e-ba11-5b74b20a12b2_192.jpg,aron.emilsson@riksdagen.se,Porträttbild till Wikipedia under fri licens,"Hej Aron Emilsson,

Jag bidrar till Wikipedia och vill gärna att artikeln om dig ska kunna illustreras med en aktuell porträttbild. Skulle du kunna hjälpa oss genom att ladda upp en bild till Wikimedia Commons under en fri licens, exempelvis CC BY 4.0?

Här finns Wikipedia-artiklarna om dig:
- sv: Aron Emilsson – https://sv.wikipedia.org/wiki/Aron_Emilsson
- en: Aron Emilsson – https://en.wikipedia.org/wiki/Aron_Emilsson
- fi: Aron Emilsson – https://fi.wikipedia.org/wiki/Aron_Emilsson
- pt: Aron Emilsson – https://pt.wikipedia.org/wiki/Aron_Emilsson

Det kräver att fotografen eller den som äger rättigheterna godkänner licensen. Fotografen anges vid användning, och bilden får återanvändas och bearbetas, även i kommersiella sammanhang.

Digg och PRV rekommenderar öppna licenser för offentlig information, som ett komplement till EU öppna data-direktiv från 2019 (https://eur-lex.europa.eu/legal-content/SV/TXT/?uri=CELEX%3A32019L1024). Riksdagens nuvarande bildvillkor anger däremot ingen sådan tydlig fri licens för ledamöternas porträtt trots begäran om det.

En bild från dig vore ett konkret steg framåt. Jag hjälper gärna till med uppladdningen och uppgifter om fotograf och licens.
Du får också gärna lyfta frågan inom riksdagen: varför inte publicera ledamöternas porträtt som ett samlat dataset med tydliga fria licenser?
Hjälp oss att komma vidare och göra våra folkvalda lättare att presentera på Wikipedia.

Vänliga hälsningar,
<ange ditt namn>",ja,ej_aktuell,,,finns,2026-10-08T18:55:42Z,Aron Emilsson,Östergötlands län,True,sv: https://sv.wikipedia.org/wiki/Aron_Emilsson; en: https://en.wikipedia.org/wiki/Aron_Emilsson; fi: https://fi.wikipedia.org/wiki/Aron_Emilsson; pt: https://pt.wikipedia.org/wiki/Aron_Emilsson,CC BY-SA 4.0,Frankie Fouganthin,https://commons.wikimedia.org/wiki/File:Aron_Emilsson_(SD)_in_2018.jpg
Björn Söder,SD,Skåne läns norra och östra,Tjänstgörande riksdagsledamot,1976,06d7c195-c170-4103-bcc6-1d9c0d43b169,0452755722723,Q4919772,Har bild (P18),http://commons.wikimedia.org/wiki/Special:FilePath/Bj%C3%B6rn%20S%C3%B6der.jpg,,https://data.riksdagen.se/filarkiv/bilder/ledamot/06d7c195-c170-4103-bcc6-1d9c0d43b169_192.jpg,bjorn.soder@riksdagen.se,Porträttbild till Wikipedia under fri licens,"Hej Björn Söder,

Jag bidrar till Wikipedia och vill gärna att artikeln om dig ska kunna illustreras med en aktuell porträttbild. Skulle du kunna hjälpa oss genom att ladda upp en bild till Wikimedia Commons under en fri licens, exempelvis CC BY 4.0?

Här finns Wikipedia-artiklarna om dig:
- sv: Björn Söder – https://sv.wikipedia.org/wiki/Bj%C3%B6rn_S%C3%B6der
- en: Björn Söder – https://en.wikipedia.org/wiki/Bj%C3%B6rn_S%C3%B6der
- arz: بچورن سودير – https://arz.wikipedia.org/wiki/%D8%A8%DA%86%D9%88%D8%B1%D9%86_%D8%B3%D9%88%D8%AF%D9%8A%D8%B1
- fi: Björn Söder – https://fi.wikipedia.org/wiki/Bj%C3%B6rn_S%C3%B6der
- mg: Björn Söder – https://mg.wikipedia.org/wiki/Bj%C3%B6rn_S%C3%B6der
- no: Björn Söder – https://no.wikipedia.org/wiki/Bj%C3%B6rn_S%C3%B6der

Det kräver att fotografen eller den som äger rättigheterna godkänner licensen. Fotografen anges vid användning, och bilden får återanvändas och bearbetas, även i kommersiella sammanhang.

Digg och PRV rekommenderar öppna licenser för offentlig information, som ett komplement till EU öppna data-direktiv från 2019 (https://eur-lex.europa.eu/legal-content/SV/TXT/?uri=CELEX%3A32019L1024). Riksdagens nuvarande bildvillkor anger däremot ingen sådan tydlig fri licens för ledamöternas porträtt trots begäran om det.

En bild från dig vore ett konkret steg framåt. Jag hjälper gärna till med uppladdningen och uppgifter om fotograf och licens.
Du får också gärna lyfta frågan inom riksdagen: varför inte publicera ledamöternas porträtt som ett samlat dataset med tydliga fria licenser?
Hjälp oss att komma vidare och göra våra folkvalda lättare att presentera på Wikipedia.

Vänliga hälsningar,
<ange ditt namn>",ja,ej_aktuell,,,finns,2026-10-08T18:55:42Z,Björn Söder,Skåne län,True,sv: https://sv.wikipedia.org/wiki/Bj%C3%B6rn_S%C3%B6der; en: https://en.wikipedia.org/wiki/Bj%C3%B6rn_S%C3%B6der; arz: https://arz.wikipedia.org/wiki/%D8%A8%DA%86%D9%88%D8%B1%D9%86_%D8%B3%D9%88%D8%AF%D9%8A%D8%B1; fi: https://fi.wikipedia.org/wiki/Bj%C3%B6rn_S%C3%B6der; mg: https://mg.wikipedia.org/wiki/Bj%C3%B6rn_S%C3%B6der; no: https://no.wikipedia.org/wiki/Bj%C3%B6rn_S%C3%B6der,CC BY-SA 3.0,Esquilo,https://commons.wikimedia.org/wiki/File:Bj%C3%B6rn_S%C3%B6der.jpg
Bo Broman,SD,Skåne läns västra,Tjänstgörande riksdagsledamot,1969,24c753af-11ea-4c6f-90f9-f4142fc71e19,0333193598116,Q70912742,Har bild (P18),http://commons.wikimedia.org/wiki/Special:FilePath/Bo%20Broman.jpg,,https://data.riksdagen.se/filarkiv/bilder/ledamot/24c753af-11ea-4c6f-90f9-f4142fc71e19_192.jpg,bo.broman@riksdagen.se,Porträttbild till Wikipedia under fri licens,"Hej Bo Broman,

Jag bidrar till Wikipedia och vill gärna att artikeln om dig ska kunna illustreras med en aktuell porträttbild. Skulle du kunna hjälpa oss genom att ladda upp en bild till Wikimedia Commons under en fri licens, exempelvis CC BY 4.0?

Här finns Wikipedia-artiklarna om dig:
- sv: Bo Broman – https://sv.wikipedia.org/wiki/Bo_Broman
- en: Bo Broman – https://en.wikipedia.org/wiki/Bo_Broman
- vi: Bo Broman – https://vi.wikipedia.org/wiki/Bo_Broman

Det kräver att fotografen eller den som äger rättigheterna godkänner licensen. Fotografen anges vid användning, och bilden får återanvändas och bearbetas, även i kommersiella sammanhang.

Digg och PRV rekommenderar öppna licenser för offentlig information, som ett komplement till EU öppna data-direktiv från 2019 (https://eur-lex.europa.eu/legal-content/SV/TXT/?uri=CELEX%3A32019L1024). Riksdagens nuvarande bildvillkor anger däremot ingen sådan tydlig fri licens för ledamöternas porträtt trots begäran om det.

En bild från dig vore ett konkret steg framåt. Jag hjälper gärna till med uppladdningen och uppgifter om fotograf och licens.
Du får också gärna lyfta frågan inom riksdagen: varför inte publicera ledamöternas porträtt som ett samlat dataset med tydliga fria licenser?
Hjälp oss att komma vidare och göra våra folkvalda lättare att presentera på Wikipedia.

Vänliga hälsningar,
<ange ditt namn>",ja,ej_aktuell,,,finns,2026-10-08T18:55:43Z,Bo Broman,Skåne län,True,sv: https://sv.wikipedia.org/wiki/Bo_Broman; en: https://en.wikipedia.org/wiki/Bo_Broman; vi: https://vi.wikipedia.org/wiki/Bo_Broman,CC BY-SA 4.0,Landstingshuset,https://commons.wikimedia.org/wiki/File:Bo_Broman.jpg
Clara Aranda,SD,Östergötlands län,Tjänstgörande riksdagsledamot,1988,6977f22f-363b-40fb-8f8f-8163b4492345,0130640724922,Q70886056,Har bild (P18),http://commons.wikimedia.org/wiki/Special:FilePath/Clara%20Aranda.jpg,,https://data.riksdagen.se/filarkiv/bilder/ledamot/6977f22f-363b-40fb-8f8f-8163b4492345_192.jpg,clara.aranda@riksdagen.se,Porträttbild till Wikipedia under fri licens,"Hej Clara Aranda,

Jag bidrar till Wikipedia och vill gärna att artikeln om dig ska kunna illustreras med en aktuell porträttbild. Skulle du kunna hjälpa oss genom att ladda upp en bild till Wikimedia Commons under en fri licens, exempelvis CC BY 4.0?

Här finns Wikipedia-artiklarna om dig:
- sv: Clara Aranda – https://sv.wikipedia.org/wiki/Clara_Aranda
- en: Clara Aranda – https://en.wikipedia.org/wiki/Clara_Aranda
- pt: Clara Aranda – https://pt.wikipedia.org/wiki/Clara_Aranda

Det kräver att fotografen eller den som äger rättigheterna godkänner licensen. Fotografen anges vid användning, och bilden får återanvändas och bearbetas, även i kommersiella sammanhang.

Digg och PRV rekommenderar öppna licenser för offentlig information, som ett komplement till EU öppna data-direktiv från 2019 (https://eur-lex.europa.eu/legal-content/SV/TXT/?uri=CELEX%3A32019L1024). Riksdagens nuvarande bildvillkor anger däremot ingen sådan tydlig fri licens för ledamöternas porträtt trots begäran om det.

En bild från dig vore ett konkret steg framåt. Jag hjälper gärna till med uppladdningen och uppgifter om fotograf och licens.
Du får också gärna lyfta frågan inom riksdagen: varför inte publicera ledamöternas porträtt som ett samlat dataset med tydliga fria licenser?
Hjälp oss att komma vidare och göra våra folkvalda lättare att presentera på Wikipedia.

Vänliga hälsningar,
<ange ditt namn>",ja,ej_aktuell,,,finns,2026-10-08T18:55:43Z,Clara Aranda,Östergötlands län,True,sv: https://sv.wikipedia.org/wiki/Clara_Aranda; en: https://en.wikipedia.org/wiki/Clara_Aranda; pt: https://pt.wikipedia.org/wiki/Clara_Aranda,CC BY-SA 4.0,Landstingshuset,https://commons.wikimedia.org/wiki/File:Clara_Aranda.jpg
David Perez,SD,Uppsala län,Tjänstgörande riksdagsledamot,1990,c5cc2c67-3638-430e-bccb-a04db799a9f0,0119851690521,Q96323621,Saknar bild (P18),,,https://data.riksdagen.se/filarkiv/bilder/ledamot/c5cc2c67-3638-430e-bccb-a04db799a9f0_192.jpg,david.perez@riksdagen.se,Porträttbild till Wikipedia under fri licens,"Hej David Perez,

Jag bidrar till Wikipedia och vill gärna att artikeln om dig ska kunna illustreras med en aktuell porträttbild. Skulle du kunna hjälpa oss genom att ladda upp en bild till Wikimedia Commons under en fri licens, exempelvis CC BY 4.0?

Här finns Wikipedia-artiklarna om dig:
- sv: David Perez – https://sv.wikipedia.org/wiki/David_Perez
- en: David Perez (Swedish politician) – https://en.wikipedia.org/wiki/David_Perez_(Swedish_politician)

Det kräver att fotografen eller den som äger rättigheterna godkänner licensen. Fotografen anges vid användning, och bilden får återanvändas och bearbetas, även i kommersiella sammanhang.

Digg och PRV rekommenderar öppna licenser för offentlig information, som ett komplement till EU öppna data-direktiv från 2019 (https://eur-lex.europa.eu/legal-content/SV/TXT/?uri=CELEX%3A32019L1024). Riksdagens nuvarande bildvillkor anger däremot ingen sådan tydlig fri licens för ledamöternas porträtt trots begäran om det.

En bild från dig vore ett konkret steg framåt. Jag hjälper gärna till med uppladdningen och uppgifter om fotograf och licens.
Du får också gärna lyfta frågan inom riksdagen: varför inte publicera ledamöternas porträtt som ett samlat dataset med tydliga fria licenser?
Hjälp oss att komma vidare och göra våra folkvalda lättare att presentera på Wikipedia.

Vänliga hälsningar,
<ange ditt namn>",ja,finns,2026-10-08T18:55:41Z,David Perez,finns,2026-10-08T18:55:43Z,David Perez,Uppsala län,False,sv: https://sv.wikipedia.org/wiki/David_Perez; en: https://en.wikipedia.org/wiki/David_Perez_(Swedish_politician),,,
Denice Westerberg,SD,Västra Götalands läns södra,Tjänstgörande riksdagsledamot,2002,f64c3c4d-c6d3-484e-bd60-7a94db842278,0555046239394,Q125932004,Har bild (P18),http://commons.wikimedia.org/wiki/Special:FilePath/Denice%20Westerberg%20in%202026.jpg,,https://data.riksdagen.se/filarkiv/bilder/ledamot/f64c3c4d-c6d3-484e-bd60-7a94db842278_192.jpg,denice.westerberg@riksdagen.se,Porträttbild till Wikipedia under fri licens,"Hej Denice Westerberg,

Jag bidrar till Wikipedia och vill gärna att artikeln om dig ska kunna illustreras med en aktuell porträttbild. Skulle du kunna hjälpa oss genom att ladda upp en bild till Wikimedia Commons under en fri licens, exempelvis CC BY 4.0?

Här finns Wikipedia-artiklarna om dig:
- sv: Denice Westerberg – https://sv.wikipedia.org/wiki/Denice_Westerberg
- en: Denice Westerberg – https://en.wikipedia.org/wiki/Denice_Westerberg
- no: Denice Westerberg – https://no.wikipedia.org/wiki/Denice_Westerberg

Det kräver att fotografen eller den som äger rättigheterna godkänner licensen. Fotografen anges vid användning, och bilden får återanvändas och bearbetas, även i kommersiella sammanhang.

Digg och PRV rekommenderar öppna licenser för offentlig information, som ett komplement till EU öppna data-direktiv från 2019 (https://eur-lex.europa.eu/legal-content/SV/TXT/?uri=CELEX%3A32019L1024). Riksdagens nuvarande bildvillkor anger däremot ingen sådan tydlig fri licens för ledamöternas porträtt trots begäran om det.

En bild från dig vore ett konkret steg framåt. Jag hjälper gärna till med uppladdningen och uppgifter om fotograf och licens.
Du får också gärna lyfta frågan inom riksdagen: varför inte publicera ledamöternas porträtt som ett samlat dataset med tydliga fria licenser?
Hjälp oss att komma vidare och göra våra folkvalda lättare att presentera på Wikipedia.

Vänliga hälsningar,
<ange ditt namn>",ja,ej_aktuell,,,finns,2026-10-08T18:55:43Z,Denice Westerberg,Västra Götalands län,True,sv: https://sv.wikipedia.org/wiki/Denice_Westerberg; en: https://en.wikipedia.org/wiki/Denice_Westerberg; no: https://no.wikipedia.org/wiki/Denice_Westerberg,CC BY 4.0,Frankie Fouganthin,https://commons.wikimedia.org/wiki/File:Denice_Westerberg_in_2026.jpg
Dennis Dioukarev,SD,Göteborgs kommun,Tjänstgörande riksdagsledamot,1993,13a59e93-95fe-45fb-b7b5-a76f8181cb4f,0344222203323,Q18238432,Har bild (P18),http://commons.wikimedia.org/wiki/Special:FilePath/Dennis%20Dioukarev%202019.jpg,,https://data.riksdagen.se/filarkiv/bilder/ledamot/13a59e93-95fe-45fb-b7b5-a76f8181cb4f_192.jpg,dennis.dioukarev@riksdagen.se,Porträttbild till Wikipedia under fri licens,"Hej Dennis Dioukarev,

Jag bidrar till Wikipedia och vill gärna att artikeln om dig ska kunna illustreras med en aktuell porträttbild. Skulle du kunna hjälpa oss genom att ladda upp en bild till Wikimedia Commons under en fri licens, exempelvis CC BY 4.0?

Här finns Wikipedia-artiklarna om dig:
- sv: Dennis Dioukarev – https://sv.wikipedia.org/wiki/Dennis_Dioukarev
- en: Dennis Dioukarev – https://en.wikipedia.org/wiki/Dennis_Dioukarev

Det kräver att fotografen eller den som äger rättigheterna godkänner licensen. Fotografen anges vid användning, och bilden får återanvändas och bearbetas, även i kommersiella sammanhang.

Digg och PRV rekommenderar öppna licenser för offentlig information, som ett komplement till EU öppna data-direktiv från 2019 (https://eur-lex.europa.eu/legal-content/SV/TXT/?uri=CELEX%3A32019L1024). Riksdagens nuvarande bildvillkor anger däremot ingen sådan tydlig fri licens för ledamöternas porträtt trots begäran om det.

En bild från dig vore ett konkret steg framåt. Jag hjälper gärna till med uppladdningen och uppgifter om fotograf och licens.
Du får också gärna lyfta frågan inom riksdagen: varför inte publicera ledamöternas porträtt som ett samlat dataset med tydliga fria licenser?
Hjälp oss att komma vidare och göra våra folkvalda lättare att presentera på Wikipedia.

Vänliga hälsningar,
<ange ditt namn>",ja,ej_aktuell,,,finns,2026-10-08T18:55:43Z,Dennis Dioukarev,Västra Götalands län,True,sv: https://sv.wikipedia.org/wiki/Dennis_Dioukarev; en: https://en.wikipedia.org/wiki/Dennis_Dioukarev,CC BY-SA 3.0,Astridx,https://commons.wikimedia.org/wiki/File:Dennis_Dioukarev_2019.jpg
Emil Eneblad,SD,Uppsala län,Tjänstgörande riksdagsledamot,2001,775221f5-378f-4d93-ac12-0ed0e69d43f4,02125451399,Q125929408,Har bild (P18),http://commons.wikimedia.org/wiki/Special:FilePath/Emil%20Eneblad.jpg,,https://data.riksdagen.se/filarkiv/bilder/ledamot/775221f5-378f-4d93-ac12-0ed0e69d43f4_192.jpg,emil.eneblad@riksdagen.se,Porträttbild till Wikipedia under fri licens,"Hej Emil Eneblad,

Jag bidrar till Wikipedia och vill gärna att artikeln om dig ska kunna illustreras med en aktuell porträttbild. Skulle du kunna hjälpa oss genom att ladda upp en bild till Wikimedia Commons under en fri licens, exempelvis CC BY 4.0?

Här finns Wikipedia-artiklarna om dig:
- sv: Emil Eneblad – https://sv.wikipedia.org/wiki/Emil_Eneblad
- en: Emil Eneblad – https://en.wikipedia.org/wiki/Emil_Eneblad

Det kräver att fotografen eller den som äger rättigheterna godkänner licensen. Fotografen anges vid användning, och bilden får återanvändas och bearbetas, även i kommersiella sammanhang.

Digg och PRV rekommenderar öppna licenser för offentlig information, som ett komplement till EU öppna data-direktiv från 2019 (https://eur-lex.europa.eu/legal-content/SV/TXT/?uri=CELEX%3A32019L1024). Riksdagens nuvarande bildvillkor anger däremot ingen sådan tydlig fri licens för ledamöternas porträtt trots begäran om det.

En bild från dig vore ett konkret steg framåt. Jag hjälper gärna till med uppladdningen och uppgifter om fotograf och licens.
Du får också gärna lyfta frågan inom riksdagen: varför inte publicera ledamöternas porträtt som ett samlat dataset med tydliga fria licenser?
Hjälp oss att komma vidare och göra våra folkvalda lättare att presentera på Wikipedia.

Vänliga hälsningar,
<ange ditt namn>",ja,ej_aktuell,,,finns,2026-10-08T18:55:43Z,Emil Eneblad,Uppsala län,True,sv: https://sv.wikipedia.org/wiki/Emil_Eneblad; en: https://en.wikipedia.org/wiki/Emil_Eneblad,CC BY-SA 4.0,Bene Riobó,https://commons.wikimedia.org/wiki/File:Emil_Eneblad.jpg
Emma Altenhammar,SD,Göteborgs kommun,Tjänstgörande riksdagsledamot,1998,061e6449-40fe-4361-ae21-2d069eb596a0,0296585987334,Q141506170,Saknar bild (P18),,,https://data.riksdagen.se/filarkiv/bilder/ledamot/061e6449-40fe-4361-ae21-2d069eb596a0_192.jpg,emma.altenhammar@riksdagen.se,Porträttbild till Wikipedia under fri licens,"Hej Emma Altenhammar,

Jag bidrar till Wikipedia och vill gärna att artikeln om dig ska kunna illustreras med en aktuell porträttbild. Skulle du kunna hjälpa oss genom att ladda upp en bild till Wikimedia Commons under en fri licens, exempelvis CC BY 4.0?

Här finns Wikipedia-artiklarna om dig:
- sv: Emma Ylivallo Altenhammar – https://sv.wikipedia.org/wiki/Emma_Ylivallo_Altenhammar
- en: Emma Altenhammar – https://en.wikipedia.org/wiki/Emma_Altenhammar

Det kräver att fotografen eller den som äger rättigheterna godkänner licensen. Fotografen anges vid användning, och bilden får återanvändas och bearbetas, även i kommersiella sammanhang.

Digg och PRV rekommenderar öppna licenser för offentlig information, som ett komplement till EU öppna data-direktiv från 2019 (https://eur-lex.europa.eu/legal-content/SV/TXT/?uri=CELEX%3A32019L1024). Riksdagens nuvarande bildvillkor anger däremot ingen sådan tydlig fri licens för ledamöternas porträtt trots begäran om det.

En bild från dig vore ett konkret steg framåt. Jag hjälper gärna till med uppladdningen och uppgifter om fotograf och licens.
Du får också gärna lyfta frågan inom riksdagen: varför inte publicera ledamöternas porträtt som ett samlat dataset med tydliga fria licenser?
Hjälp oss att komma vidare och göra våra folkvalda lättare att presentera på Wikipedia.

Vänliga hälsningar,
<ange ditt namn>",ja,finns,2026-10-08T18:55:41Z,Emma Ylivallo Altenhammar,finns,2026-10-08T18:55:43Z,Emma Ylivallo Altenhammar,Västra Götalands län,False,sv: https://sv.wikipedia.org/wiki/Emma_Ylivallo_Altenhammar; en: https://en.wikipedia.org/wiki/Emma_Altenhammar,,,
Eric Palmqvist,SD,Norrbottens län,Tjänstgörande riksdagsledamot,1970,fc3b3864-8e29-4fd4-ae65-fe387f3f6f4b,091303475611,Q60144183,Saknar bild (P18),,,https://data.riksdagen.se/filarkiv/bilder/ledamot/fc3b3864-8e29-4fd4-ae65-fe387f3f6f4b_192.jpg,eric.palmqvist@riksdagen.se,Porträttbild till Wikipedia under fri licens,"Hej Eric Palmqvist,

Jag bidrar till Wikipedia och vill gärna att artikeln om dig ska kunna illustreras med en aktuell porträttbild. Skulle du kunna hjälpa oss genom att ladda upp en bild till Wikimedia Commons under en fri licens, exempelvis CC BY 4.0?

Här finns Wikipedia-artiklarna om dig:
- sv: Eric Palmqvist – https://sv.wikipedia.org/wiki/Eric_Palmqvist
- en: Eric Palmqvist – https://en.wikipedia.org/wiki/Eric_Palmqvist
- arz: اريك بالمكفيست – https://arz.wikipedia.org/wiki/%D8%A7%D8%B1%D9%8A%D9%83_%D8%A8%D8%A7%D9%84%D9%85%D9%83%D9%81%D9%8A%D8%B3%D8%AA

Det kräver att fotografen eller den som äger rättigheterna godkänner licensen. Fotografen anges vid användning, och bilden får återanvändas och bearbetas, även i kommersiella sammanhang.

Digg och PRV rekommenderar öppna licenser för offentlig information, som ett komplement till EU öppna data-direktiv från 2019 (https://eur-lex.europa.eu/legal-content/SV/TXT/?uri=CELEX%3A32019L1024). Riksdagens nuvarande bildvillkor anger däremot ingen sådan tydlig fri licens för ledamöternas porträtt trots begäran om det.

En bild från dig vore ett konkret steg framåt. Jag hjälper gärna till med uppladdningen och uppgifter om fotograf och licens.
Du får också gärna lyfta frågan inom riksdagen: varför inte publicera ledamöternas porträtt som ett samlat dataset med tydliga fria licenser?
Hjälp oss att komma vidare och göra våra folkvalda lättare att presentera på Wikipedia.

Vänliga hälsningar,
<ange ditt namn>",ja,finns,2026-10-08T18:55:41Z,Eric Palmqvist,finns,2026-10-08T18:55:43Z,Eric Palmqvist,Norrbottens län,False,sv: https://sv.wikipedia.org/wiki/Eric_Palmqvist; en: https://en.wikipedia.org/wiki/Eric_Palmqvist; arz: https://arz.wikipedia.org/wiki/%D8%A7%D8%B1%D9%8A%D9%83_%D8%A8%D8%A7%D9%84%D9%85%D9%83%D9%81%D9%8A%D8%B3%D8%AA,,,
Eric Westroth,SD,Jönköpings län,Tjänstgörande riksdagsledamot,1971,a7390cef-27c2-4068-800d-ee21b1a94c69,010643534813,Q71059733,Har bild (P18),http://commons.wikimedia.org/wiki/Special:FilePath/Eric%20Westroth.jpg,,https://data.riksdagen.se/filarkiv/bilder/ledamot/a7390cef-27c2-4068-800d-ee21b1a94c69_192.jpg,eric.westroth@riksdagen.se,Porträttbild till Wikipedia under fri licens,"Hej Eric Westroth,

Jag bidrar till Wikipedia och vill gärna att artikeln om dig ska kunna illustreras med en aktuell porträttbild. Skulle du kunna hjälpa oss genom att ladda upp en bild till Wikimedia Commons under en fri licens, exempelvis CC BY 4.0?

Här finns Wikipedia-artiklarna om dig:
- sv: Eric Westroth – https://sv.wikipedia.org/wiki/Eric_Westroth
- en: Eric Westroth – https://en.wikipedia.org/wiki/Eric_Westroth
- pt: Eric Westroth – https://pt.wikipedia.org/wiki/Eric_Westroth

Det kräver att fotografen eller den som äger rättigheterna godkänner licensen. Fotografen anges vid användning, och bilden får återanvändas och bearbetas, även i kommersiella sammanhang.

Digg och PRV rekommenderar öppna licenser för offentlig information, som ett komplement till EU öppna data-direktiv från 2019 (https://eur-lex.europa.eu/legal-content/SV/TXT/?uri=CELEX%3A32019L1024). Riksdagens nuvarande bildvillkor anger däremot ingen sådan tydlig fri licens för ledamöternas porträtt trots begäran om det.

En bild från dig vore ett konkret steg framåt. Jag hjälper gärna till med uppladdningen och uppgifter om fotograf och licens.
Du får också gärna lyfta frågan inom riksdagen: varför inte publicera ledamöternas porträtt som ett samlat dataset med tydliga fria licenser?
Hjälp oss att komma vidare och göra våra folkvalda lättare att presentera på Wikipedia.

Vänliga hälsningar,
<ange ditt namn>",ja,ej_aktuell,,,finns,2026-10-08T18:55:43Z,Eric Westroth,Jönköpings län,True,sv: https://sv.wikipedia.org/wiki/Eric_Westroth; en: https://en.wikipedia.org/wiki/Eric_Westroth; pt: https://pt.wikipedia.org/wiki/Eric_Westroth,CC BY-SA 4.0,Landstingshuset,https://commons.wikimedia.org/wiki/File:Eric_Westroth.jpg
Fredrik Lindahl,SD,Stockholms län,Tjänstgörande riksdagsledamot,1987,08bb4baa-24ca-4395-baf7-c907a4d5b776,0557180142229,Q71132556,Saknar bild (P18),,,https://data.riksdagen.se/filarkiv/bilder/ledamot/08bb4baa-24ca-4395-baf7-c907a4d5b776_192.jpg,fredrik.lindahl@riksdagen.se,Porträttbild till Wikipedia under fri licens,"Hej Fredrik Lindahl,

Jag bidrar till Wikipedia och vill gärna att artikeln om dig ska kunna illustreras med en aktuell porträttbild. Skulle du kunna hjälpa oss genom att ladda upp en bild till Wikimedia Commons under en fri licens, exempelvis CC BY 4.0?

Här finns Wikipedia-artiklarna om dig:
- sv: Fredrik Lindahl (politiker) – https://sv.wikipedia.org/wiki/Fredrik_Lindahl_(politiker)
- en: Fredrik Lindahl (politician) – https://en.wikipedia.org/wiki/Fredrik_Lindahl_(politician)
- pt: Fredrik Lindahl (político) – https://pt.wikipedia.org/wiki/Fredrik_Lindahl_(pol%C3%ADtico)

Det kräver att fotografen eller den som äger rättigheterna godkänner licensen. Fotografen anges vid användning, och bilden får återanvändas och bearbetas, även i kommersiella sammanhang.

Digg och PRV rekommenderar öppna licenser för offentlig information, som ett komplement till EU öppna data-direktiv från 2019 (https://eur-lex.europa.eu/legal-content/SV/TXT/?uri=CELEX%3A32019L1024). Riksdagens nuvarande bildvillkor anger däremot ingen sådan tydlig fri licens för ledamöternas porträtt trots begäran om det.

En bild från dig vore ett konkret steg framåt. Jag hjälper gärna till med uppladdningen och uppgifter om fotograf och licens.
Du får också gärna lyfta frågan inom riksdagen: varför inte publicera ledamöternas porträtt som ett samlat dataset med tydliga fria licenser?
Hjälp oss att komma vidare och göra våra folkvalda lättare att presentera på Wikipedia.

Vänliga hälsningar,
<ange ditt namn>",ja,finns,2026-10-08T18:55:41Z,Fredrik Lindahl (politiker),finns,2026-10-08T18:55:43Z,Fredrik Lindahl (politiker),Stockholms län,False,sv: https://sv.wikipedia.org/wiki/Fredrik_Lindahl_(politiker); en: https://en.wikipedia.org/wiki/Fredrik_Lindahl_(politician); pt: https://pt.wikipedia.org/wiki/Fredrik_Lindahl_(pol%C3%ADtico),,,
Gunilla Gomér,SD,Västra Götalands läns västra,Tjänstgörande riksdagsledamot,1960,07de8abb-4cf2-4fc4-af7c-353d2b674bf3,0870629548818,Q141515155,Saknar bild (P18),,,https://data.riksdagen.se/filarkiv/bilder/ledamot/07de8abb-4cf2-4fc4-af7c-353d2b674bf3_192.jpg,gunilla.gomer@riksdagen.se,Porträttbild till Wikipedia under fri licens,"Hej Gunilla Gomér,

Jag bidrar till Wikipedia och vill gärna att artikeln om dig ska kunna illustreras med en aktuell porträttbild. Skulle du kunna hjälpa oss genom att ladda upp en bild till Wikimedia Commons under en fri licens, exempelvis CC BY 4.0?

Här finns Wikipedia-artiklarna om dig:
- sv: Gunilla Gomér – https://sv.wikipedia.org/wiki/Gunilla_Gom%C3%A9r

Det kräver att fotografen eller den som äger rättigheterna godkänner licensen. Fotografen anges vid användning, och bilden får återanvändas och bearbetas, även i kommersiella sammanhang.

Digg och PRV rekommenderar öppna licenser för offentlig information, som ett komplement till EU öppna data-direktiv från 2019 (https://eur-lex.europa.eu/legal-content/SV/TXT/?uri=CELEX%3A32019L1024). Riksdagens nuvarande bildvillkor anger däremot ingen sådan tydlig fri licens för ledamöternas porträtt trots begäran om det.

En bild från dig vore ett konkret steg framåt. Jag hjälper gärna till med uppladdningen och uppgifter om fotograf och licens.
Du får också gärna lyfta frågan inom riksdagen: varför inte publicera ledamöternas porträtt som ett samlat dataset med tydliga fria licenser?
Hjälp oss att komma vidare och göra våra folkvalda lättare att presentera på Wikipedia.

Vänliga hälsningar,
<ange ditt namn>",ja,finns,2026-10-08T18:55:41Z,Gunilla Gomér,finns,2026-10-08T18:55:43Z,Gunilla Gomér,Västra Götalands län,False,sv: https://sv.wikipedia.org/wiki/Gunilla_Gom%C3%A9r,,,
Henrik Vinge,SD,Stockholms kommun,Tjänstgörande riksdagsledamot,1988,1d7d8c9a-7879-4be3-8554-745991b615d2,0406831930624,Q56164156,Har bild (P18),http://commons.wikimedia.org/wiki/Special:FilePath/Henrik%20Vinge.jpg,,https://data.riksdagen.se/filarkiv/bilder/ledamot/1d7d8c9a-7879-4be3-8554-745991b615d2_192.jpg,henrik.vinge@riksdagen.se,Porträttbild till Wikipedia under fri licens,"Hej Henrik Vinge,

Jag bidrar till Wikipedia och vill gärna att artikeln om dig ska kunna illustreras med en aktuell porträttbild. Skulle du kunna hjälpa oss genom att ladda upp en bild till Wikimedia Commons under en fri licens, exempelvis CC BY 4.0?

Här finns Wikipedia-artiklarna om dig:
- sv: Henrik Vinge – https://sv.wikipedia.org/wiki/Henrik_Vinge
- en: Henrik Vinge – https://en.wikipedia.org/wiki/Henrik_Vinge

Det kräver att fotografen eller den som äger rättigheterna godkänner licensen. Fotografen anges vid användning, och bilden får återanvändas och bearbetas, även i kommersiella sammanhang.

Digg och PRV rekommenderar öppna licenser för offentlig information, som ett komplement till EU öppna data-direktiv från 2019 (https://eur-lex.europa.eu/legal-content/SV/TXT/?uri=CELEX%3A32019L1024). Riksdagens nuvarande bildvillkor anger däremot ingen sådan tydlig fri licens för ledamöternas porträtt trots begäran om det.

En bild från dig vore ett konkret steg framåt. Jag hjälper gärna till med uppladdningen och uppgifter om fotograf och licens.
Du får också gärna lyfta frågan inom riksdagen: varför inte publicera ledamöternas porträtt som ett samlat dataset med tydliga fria licenser?
Hjälp oss att komma vidare och göra våra folkvalda lättare att presentera på Wikipedia.

Vänliga hälsningar,
<ange ditt namn>",ja,ej_aktuell,,,finns,2026-10-08T18:55:43Z,Henrik Vinge,Stockholms län,True,sv: https://sv.wikipedia.org/wiki/Henrik_Vinge; en: https://en.wikipedia.org/wiki/Henrik_Vinge,CC BY-SA 4.0,Landstingshuset,https://commons.wikimedia.org/wiki/File:Henrik_Vinge.jpg
Ida Kors,SD,Jönköpings län,Tjänstgörande riksdagsledamot,1982,fce2f47c-f8ed-415b-adce-103a7d9b98d4,0174658004428,Q141507053,Saknar bild (P18),,,https://data.riksdagen.se/filarkiv/bilder/ledamot/fce2f47c-f8ed-415b-adce-103a7d9b98d4_192.jpg,ida.kors@riksdagen.se,Porträttbild till Wikipedia under fri licens,"Hej Ida Kors,

Jag bidrar till Wikipedia och vill gärna att artikeln om dig ska kunna illustreras med en aktuell porträttbild. Skulle du kunna hjälpa oss genom att ladda upp en bild till Wikimedia Commons under en fri licens, exempelvis CC BY 4.0?

Här finns Wikipedia-artiklarna om dig:
- sv: Ida Kors – https://sv.wikipedia.org/wiki/Ida_Kors

Det kräver att fotografen eller den som äger rättigheterna godkänner licensen. Fotografen anges vid användning, och bilden får återanvändas och bearbetas, även i kommersiella sammanhang.

Digg och PRV rekommenderar öppna licenser för offentlig information, som ett komplement till EU öppna data-direktiv från 2019 (https://eur-lex.europa.eu/legal-content/SV/TXT/?uri=CELEX%3A32019L1024). Riksdagens nuvarande bildvillkor anger däremot ingen sådan tydlig fri licens för ledamöternas porträtt trots begäran om det.

En bild från dig vore ett konkret steg framåt. Jag hjälper gärna till med uppladdningen och uppgifter om fotograf och licens.
Du får också gärna lyfta frågan inom riksdagen: varför inte publicera ledamöternas porträtt som ett samlat dataset med tydliga fria licenser?
Hjälp oss att komma vidare och göra våra folkvalda lättare att presentera på Wikipedia.

Vänliga hälsningar,
<ange ditt namn>",ja,finns,2026-10-08T18:55:41Z,Ida Kors,finns,2026-10-08T18:55:43Z,Ida Kors,Jönköpings län,False,sv: https://sv.wikipedia.org/wiki/Ida_Kors,,,
Jessica Stegrud,SD,Skåne läns södra,Tjänstgörande riksdagsledamot,1970,32b8d916-3679-4cee-9235-759fff057b09,0717363246311,Q63975366,Har bild (P18),http://commons.wikimedia.org/wiki/Special:FilePath/Jessica%20Stegrud.jpg,,https://data.riksdagen.se/filarkiv/bilder/ledamot/32b8d916-3679-4cee-9235-759fff057b09_192.jpg,jessica.stegrud@riksdagen.se,Porträttbild till Wikipedia under fri licens,"Hej Jessica Stegrud,

Jag bidrar till Wikipedia och vill gärna att artikeln om dig ska kunna illustreras med en aktuell porträttbild. Skulle du kunna hjälpa oss genom att ladda upp en bild till Wikimedia Commons under en fri licens, exempelvis CC BY 4.0?

Här finns Wikipedia-artiklarna om dig:
- sv: Jessica Stegrud – https://sv.wikipedia.org/wiki/Jessica_Stegrud
- en: Jessica Stegrud – https://en.wikipedia.org/wiki/Jessica_Stegrud
- de: Jessica Stegrud – https://de.wikipedia.org/wiki/Jessica_Stegrud
- fi: Jessica Stegrud – https://fi.wikipedia.org/wiki/Jessica_Stegrud
- fr: Jessica Stegrud – https://fr.wikipedia.org/wiki/Jessica_Stegrud
- no: Jessica Stegrud – https://no.wikipedia.org/wiki/Jessica_Stegrud
- pl: Jessica Stegrud – https://pl.wikipedia.org/wiki/Jessica_Stegrud

Det kräver att fotografen eller den som äger rättigheterna godkänner licensen. Fotografen anges vid användning, och bilden får återanvändas och bearbetas, även i kommersiella sammanhang.

Digg och PRV rekommenderar öppna licenser för offentlig information, som ett komplement till EU öppna data-direktiv från 2019 (https://eur-lex.europa.eu/legal-content/SV/TXT/?uri=CELEX%3A32019L1024). Riksdagens nuvarande bildvillkor anger däremot ingen sådan tydlig fri licens för ledamöternas porträtt trots begäran om det.

En bild från dig vore ett konkret steg framåt. Jag hjälper gärna till med uppladdningen och uppgifter om fotograf och licens.
Du får också gärna lyfta frågan inom riksdagen: varför inte publicera ledamöternas porträtt som ett samlat dataset med tydliga fria licenser?
Hjälp oss att komma vidare och göra våra folkvalda lättare att presentera på Wikipedia.

Vänliga hälsningar,
<ange ditt namn>",ja,ej_aktuell,,,finns,2026-10-08T18:55:43Z,Jessica Stegrud,Skåne län,True,sv: https://sv.wikipedia.org/wiki/Jessica_Stegrud; en: https://en.wikipedia.org/wiki/Jessica_Stegrud; de: https://de.wikipedia.org/wiki/Jessica_Stegrud; fi: https://fi.wikipedia.org/wiki/Jessica_Stegrud; fr: https://fr.wikipedia.org/wiki/Jessica_Stegrud; no: https://no.wikipedia.org/wiki/Jessica_Stegrud; pl: https://pl.wikipedia.org/wiki/Jessica_Stegrud,CC BY-SA 4.0,Landstingshuset,https://commons.wikimedia.org/wiki/File:Jessica_Stegrud.jpg
Jimmie Åkesson,SD,Jönköpings län,Tjänstgörande riksdagsledamot,1979,5ecb17ba-ebbe-4958-a142-a5134aff9808,051207517226,Q518776,Har bild (P18),http://commons.wikimedia.org/wiki/Special:FilePath/Almedalen%207%20July%202016%2068%20%2827907007150%29%20%28cropped%29.jpg,,https://data.riksdagen.se/filarkiv/bilder/ledamot/5ecb17ba-ebbe-4958-a142-a5134aff9808_192.jpg,jimmie.akesson@riksdagen.se,Porträttbild till Wikipedia under fri licens,"Hej Jimmie Åkesson,

Jag bidrar till Wikipedia och vill gärna att artikeln om dig ska kunna illustreras med en aktuell porträttbild. Skulle du kunna hjälpa oss genom att ladda upp en bild till Wikimedia Commons under en fri licens, exempelvis CC BY 4.0?

Här finns Wikipedia-artiklarna om dig:
- sv: Jimmie Åkesson – https://sv.wikipedia.org/wiki/Jimmie_%C3%85kesson
- en: Jimmie Åkesson – https://en.wikipedia.org/wiki/Jimmie_%C3%85kesson
- ar: جيمي أوكسون – https://ar.wikipedia.org/wiki/%D8%AC%D9%8A%D9%85%D9%8A_%D8%A3%D9%88%D9%83%D8%B3%D9%88%D9%86
- arz: جيمى اوكسون – https://arz.wikipedia.org/wiki/%D8%AC%D9%8A%D9%85%D9%89_%D8%A7%D9%88%D9%83%D8%B3%D9%88%D9%86
- bg: Йими Окесон – https://bg.wikipedia.org/wiki/%D0%99%D0%B8%D0%BC%D0%B8_%D0%9E%D0%BA%D0%B5%D1%81%D0%BE%D0%BD
- cs: Jimmie Åkesson – https://cs.wikipedia.org/wiki/Jimmie_%C3%85kesson
- da: Jimmie Åkesson – https://da.wikipedia.org/wiki/Jimmie_%C3%85kesson
- de: Jimmie Åkesson – https://de.wikipedia.org/wiki/Jimmie_%C3%85kesson
- es: Jimmie Åkesson – https://es.wikipedia.org/wiki/Jimmie_%C3%85kesson
- et: Jimmie Åkesson – https://et.wikipedia.org/wiki/Jimmie_%C3%85kesson
- fa: جیمی اکسون – https://fa.wikipedia.org/wiki/%D8%AC%DB%8C%D9%85%DB%8C_%D8%A7%DA%A9%D8%B3%D9%88%D9%86
- fi: Jimmie Åkesson – https://fi.wikipedia.org/wiki/Jimmie_%C3%85kesson
- fr: Jimmie Åkesson – https://fr.wikipedia.org/wiki/Jimmie_%C3%85kesson
- he: יימי אוקסון – https://he.wikipedia.org/wiki/%D7%99%D7%99%D7%9E%D7%99_%D7%90%D7%95%D7%A7%D7%A1%D7%95%D7%9F
- hu: Jimmie Åkesson – https://hu.wikipedia.org/wiki/Jimmie_%C3%85kesson
- ie: Jimmie Åkesson – https://ie.wikipedia.org/wiki/Jimmie_%C3%85kesson
- is: Jimmie Åkesson – https://is.wikipedia.org/wiki/Jimmie_%C3%85kesson
- it: Jimmie Åkesson – https://it.wikipedia.org/wiki/Jimmie_%C3%85kesson
- ko: 임미 오케손 – https://ko.wikipedia.org/wiki/%EC%9E%84%EB%AF%B8_%EC%98%A4%EC%BC%80%EC%86%90
- nl: Jimmie Åkesson – https://nl.wikipedia.org/wiki/Jimmie_%C3%85kesson
- nn: Jimmie Åkesson – https://nn.wikipedia.org/wiki/Jimmie_%C3%85kesson
- no: Jimmie Åkesson – https://no.wikipedia.org/wiki/Jimmie_%C3%85kesson
- pl: Jimmie Åkesson – https://pl.wikipedia.org/wiki/Jimmie_%C3%85kesson
- ro: Jimmie Åkesson – https://ro.wikipedia.org/wiki/Jimmie_%C3%85kesson
- ru: Окессон, Йимми – https://ru.wikipedia.org/wiki/%D0%9E%D0%BA%D0%B5%D1%81%D1%81%D0%BE%D0%BD,_%D0%99%D0%B8%D0%BC%D0%BC%D0%B8
- simple: Jimmie Åkesson – https://simple.wikipedia.org/wiki/Jimmie_%C3%85kesson
- sr: Јими Окесон – https://sr.wikipedia.org/wiki/%D0%88%D0%B8%D0%BC%D0%B8_%D0%9E%D0%BA%D0%B5%D1%81%D0%BE%D0%BD
- uk: Їммі Окессон – https://uk.wikipedia.org/wiki/%D0%87%D0%BC%D0%BC%D1%96_%D0%9E%D0%BA%D0%B5%D1%81%D1%81%D0%BE%D0%BD
- ur: یمی اوکیسون – https://ur.wikipedia.org/wiki/%DB%8C%D9%85%DB%8C_%D8%A7%D9%88%DA%A9%DB%8C%D8%B3%D9%88%D9%86
- zh: 伊米·奥克松 – https://zh.wikipedia.org/wiki/%E4%BC%8A%E7%B1%B3%C2%B7%E5%A5%A5%E5%85%8B%E6%9D%BE
- zh-min-nan: Jimmie Åkesson – https://zh-min-nan.wikipedia.org/wiki/Jimmie_%C3%85kesson

Det kräver att fotografen eller den som äger rättigheterna godkänner licensen. Fotografen anges vid användning, och bilden får återanvändas och bearbetas, även i kommersiella sammanhang.

Digg och PRV rekommenderar öppna licenser för offentlig information, som ett komplement till EU öppna data-direktiv från 2019 (https://eur-lex.europa.eu/legal-content/SV/TXT/?uri=CELEX%3A32019L1024). Riksdagens nuvarande bildvillkor anger däremot ingen sådan tydlig fri licens för ledamöternas porträtt trots begäran om det.

En bild från dig vore ett konkret steg framåt. Jag hjälper gärna till med uppladdningen och uppgifter om fotograf och licens.
Du får också gärna lyfta frågan inom riksdagen: varför inte publicera ledamöternas porträtt som ett samlat dataset med tydliga fria licenser?
Hjälp oss att komma vidare och göra våra folkvalda lättare att presentera på Wikipedia.

Vänliga hälsningar,
<ange ditt namn>",ja,ej_aktuell,,,finns,2026-10-08T18:55:43Z,Jimmie Åkesson,Jönköpings län,True,"sv: https://sv.wikipedia.org/wiki/Jimmie_%C3%85kesson; en: https://en.wikipedia.org/wiki/Jimmie_%C3%85kesson; ar: https://ar.wikipedia.org/wiki/%D8%AC%D9%8A%D9%85%D9%8A_%D8%A3%D9%88%D9%83%D8%B3%D9%88%D9%86; arz: https://arz.wikipedia.org/wiki/%D8%AC%D9%8A%D9%85%D9%89_%D8%A7%D9%88%D9%83%D8%B3%D9%88%D9%86; bg: https://bg.wikipedia.org/wiki/%D0%99%D0%B8%D0%BC%D0%B8_%D0%9E%D0%BA%D0%B5%D1%81%D0%BE%D0%BD; cs: https://cs.wikipedia.org/wiki/Jimmie_%C3%85kesson; da: https://da.wikipedia.org/wiki/Jimmie_%C3%85kesson; de: https://de.wikipedia.org/wiki/Jimmie_%C3%85kesson; es: https://es.wikipedia.org/wiki/Jimmie_%C3%85kesson; et: https://et.wikipedia.org/wiki/Jimmie_%C3%85kesson; fa: https://fa.wikipedia.org/wiki/%D8%AC%DB%8C%D9%85%DB%8C_%D8%A7%DA%A9%D8%B3%D9%88%D9%86; fi: https://fi.wikipedia.org/wiki/Jimmie_%C3%85kesson; fr: https://fr.wikipedia.org/wiki/Jimmie_%C3%85kesson; he: https://he.wikipedia.org/wiki/%D7%99%D7%99%D7%9E%D7%99_%D7%90%D7%95%D7%A7%D7%A1%D7%95%D7%9F; hu: https://hu.wikipedia.org/wiki/Jimmie_%C3%85kesson; ie: https://ie.wikipedia.org/wiki/Jimmie_%C3%85kesson; is: https://is.wikipedia.org/wiki/Jimmie_%C3%85kesson; it: https://it.wikipedia.org/wiki/Jimmie_%C3%85kesson; ko: https://ko.wikipedia.org/wiki/%EC%9E%84%EB%AF%B8_%EC%98%A4%EC%BC%80%EC%86%90; nl: https://nl.wikipedia.org/wiki/Jimmie_%C3%85kesson; nn: https://nn.wikipedia.org/wiki/Jimmie_%C3%85kesson; no: https://no.wikipedia.org/wiki/Jimmie_%C3%85kesson; pl: https://pl.wikipedia.org/wiki/Jimmie_%C3%85kesson; ro: https://ro.wikipedia.org/wiki/Jimmie_%C3%85kesson; ru: https://ru.wikipedia.org/wiki/%D0%9E%D0%BA%D0%B5%D1%81%D1%81%D0%BE%D0%BD,_%D0%99%D0%B8%D0%BC%D0%BC%D0%B8; simple: https://simple.wikipedia.org/wiki/Jimmie_%C3%85kesson; sr: https://sr.wikipedia.org/wiki/%D0%88%D0%B8%D0%BC%D0%B8_%D0%9E%D0%BA%D0%B5%D1%81%D0%BE%D0%BD; uk: https://uk.wikipedia.org/wiki/%D0%87%D0%BC%D0%BC%D1%96_%D0%9E%D0%BA%D0%B5%D1%81%D1%81%D0%BE%D0%BD; ur: https://ur.wikipedia.org/wiki/%DB%8C%D9%85%DB%8C_%D8%A7%D9%88%DA%A9%DB%8C%D8%B3%D9%88%D9%86; zh: https://zh.wikipedia.org/wiki/%E4%BC%8A%E7%B1%B3%C2%B7%E5%A5%A5%E5%85%8B%E6%9D%BE; zh-min-nan: https://zh-min-nan.wikipedia.org/wiki/Jimmie_%C3%85kesson",CC BY-SA 2.0,Poltikerveckan Almedalen,https://commons.wikimedia.org/wiki/File:Almedalen_7_July_2016_68_(27907007150)_(cropped).jpg
Johan Tireland,SD,Stockholms kommun,Tjänstgörande riksdagsledamot,1988,51c0f6d3-7022-4021-9817-bad55c9a41c4,0915390084323,Q141502870,Saknar bild (P18),,,https://data.riksdagen.se/filarkiv/bilder/ledamot/51c0f6d3-7022-4021-9817-bad55c9a41c4_192.jpg,johan.tireland@riksdagen.se,Porträttbild till Wikipedia under fri licens,"Hej Johan Tireland,

Jag bidrar till Wikipedia och vill gärna att artikeln om dig ska kunna illustreras med en aktuell porträttbild. Skulle du kunna hjälpa oss genom att ladda upp en bild till Wikimedia Commons under en fri licens, exempelvis CC BY 4.0?

Här finns Wikipedia-artiklarna om dig:
- sv: Johan Tireland – https://sv.wikipedia.org/wiki/Johan_Tireland
- en: Johan Tireland – https://en.wikipedia.org/wiki/Johan_Tireland

Det kräver att fotografen eller den som äger rättigheterna godkänner licensen. Fotografen anges vid användning, och bilden får återanvändas och bearbetas, även i kommersiella sammanhang.

Digg och PRV rekommenderar öppna licenser för offentlig information, som ett komplement till EU öppna data-direktiv från 2019 (https://eur-lex.europa.eu/legal-content/SV/TXT/?uri=CELEX%3A32019L1024). Riksdagens nuvarande bildvillkor anger däremot ingen sådan tydlig fri licens för ledamöternas porträtt trots begäran om det.

En bild från dig vore ett konkret steg framåt. Jag hjälper gärna till med uppladdningen och uppgifter om fotograf och licens.
Du får också gärna lyfta frågan inom riksdagen: varför inte publicera ledamöternas porträtt som ett samlat dataset med tydliga fria licenser?
Hjälp oss att komma vidare och göra våra folkvalda lättare att presentera på Wikipedia.

Vänliga hälsningar,
<ange ditt namn>",ja,finns,2026-10-08T18:55:41Z,Johan Tireland,finns,2026-10-08T18:55:43Z,Johan Tireland,Stockholms län,False,sv: https://sv.wikipedia.org/wiki/Johan_Tireland; en: https://en.wikipedia.org/wiki/Johan_Tireland,,,
Johnny Svedin,SD,Kalmar län,Tjänstgörande riksdagsledamot,1969,ac31f20a-3134-4fc2-9345-99131f4a2ec9,0178323535715,Q114031274,Saknar bild (P18),,,https://data.riksdagen.se/filarkiv/bilder/ledamot/ac31f20a-3134-4fc2-9345-99131f4a2ec9_192.jpg,johnny.svedin@riksdagen.se,Porträttbild till Wikipedia under fri licens,"Hej Johnny Svedin,

Jag bidrar till Wikipedia och vill gärna att artikeln om dig ska kunna illustreras med en aktuell porträttbild. Skulle du kunna hjälpa oss genom att ladda upp en bild till Wikimedia Commons under en fri licens, exempelvis CC BY 4.0?

Här finns Wikipedia-artiklarna om dig:
- sv: Johnny Svedin – https://sv.wikipedia.org/wiki/Johnny_Svedin
- en: Johnny Svedin – https://en.wikipedia.org/wiki/Johnny_Svedin

Det kräver att fotografen eller den som äger rättigheterna godkänner licensen. Fotografen anges vid användning, och bilden får återanvändas och bearbetas, även i kommersiella sammanhang.

Digg och PRV rekommenderar öppna licenser för offentlig information, som ett komplement till EU öppna data-direktiv från 2019 (https://eur-lex.europa.eu/legal-content/SV/TXT/?uri=CELEX%3A32019L1024). Riksdagens nuvarande bildvillkor anger däremot ingen sådan tydlig fri licens för ledamöternas porträtt trots begäran om det.

En bild från dig vore ett konkret steg framåt. Jag hjälper gärna till med uppladdningen och uppgifter om fotograf och licens.
Du får också gärna lyfta frågan inom riksdagen: varför inte publicera ledamöternas porträtt som ett samlat dataset med tydliga fria licenser?
Hjälp oss att komma vidare och göra våra folkvalda lättare att presentera på Wikipedia.

Vänliga hälsningar,
<ange ditt namn>",ja,finns,2026-10-08T18:55:41Z,Johnny Svedin,finns,2026-10-08T18:55:43Z,Johnny Svedin,Kalmar län,False,sv: https://sv.wikipedia.org/wiki/Johnny_Svedin; en: https://en.wikipedia.org/wiki/Johnny_Svedin,,,
Jonas Andersson,SD,Östergötlands län,Tjänstgörande riksdagsledamot,1989,9944df03-e946-4046-aeef-c49117503a0c,025931369428,Q58837098,Har bild (P18),http://commons.wikimedia.org/wiki/Special:FilePath/Jonas%20andersson.riksdagen2018.18d952.1660241.jpg,,https://data.riksdagen.se/filarkiv/bilder/ledamot/9944df03-e946-4046-aeef-c49117503a0c_192.jpg,jonas.p.andersson@riksdagen.se,Porträttbild till Wikipedia under fri licens,"Hej Jonas Andersson,

Jag bidrar till Wikipedia och vill gärna att artikeln om dig ska kunna illustreras med en aktuell porträttbild. Skulle du kunna hjälpa oss genom att ladda upp en bild till Wikimedia Commons under en fri licens, exempelvis CC BY 4.0?

Här finns Wikipedia-artiklarna om dig:
- sv: Jonas Andersson i Linghem – https://sv.wikipedia.org/wiki/Jonas_Andersson_i_Linghem
- en: Jonas Andersson (politician, born 1989) – https://en.wikipedia.org/wiki/Jonas_Andersson_(politician,_born_1989)

Det kräver att fotografen eller den som äger rättigheterna godkänner licensen. Fotografen anges vid användning, och bilden får återanvändas och bearbetas, även i kommersiella sammanhang.

Digg och PRV rekommenderar öppna licenser för offentlig information, som ett komplement till EU öppna data-direktiv från 2019 (https://eur-lex.europa.eu/legal-content/SV/TXT/?uri=CELEX%3A32019L1024). Riksdagens nuvarande bildvillkor anger däremot ingen sådan tydlig fri licens för ledamöternas porträtt trots begäran om det.

En bild från dig vore ett konkret steg framåt. Jag hjälper gärna till med uppladdningen och uppgifter om fotograf och licens.
Du får också gärna lyfta frågan inom riksdagen: varför inte publicera ledamöternas porträtt som ett samlat dataset med tydliga fria licenser?
Hjälp oss att komma vidare och göra våra folkvalda lättare att presentera på Wikipedia.

Vänliga hälsningar,
<ange ditt namn>",ja,ej_aktuell,,,finns,2026-10-08T18:55:43Z,Jonas Andersson i Linghem,Östergötlands län,True,"sv: https://sv.wikipedia.org/wiki/Jonas_Andersson_i_Linghem; en: https://en.wikipedia.org/wiki/Jonas_Andersson_(politician,_born_1989)",CC BY-SA 3.0,http://politik.in2pic.com,https://commons.wikimedia.org/wiki/File:Jonas_andersson.riksdagen2018.18d952.1660241.jpg
Josef Fransson,SD,Västra Götalands läns östra,Tjänstgörande riksdagsledamot,1978,2131f2eb-348c-4b92-8e76-52c134d79919,0211757295524,Q5740653,Saknar bild (P18),,,https://data.riksdagen.se/filarkiv/bilder/ledamot/2131f2eb-348c-4b92-8e76-52c134d79919_192.jpg,josef.fransson@riksdagen.se,Porträttbild till Wikipedia under fri licens,"Hej Josef Fransson,

Jag bidrar till Wikipedia och vill gärna att artikeln om dig ska kunna illustreras med en aktuell porträttbild. Skulle du kunna hjälpa oss genom att ladda upp en bild till Wikimedia Commons under en fri licens, exempelvis CC BY 4.0?

Här finns Wikipedia-artiklarna om dig:
- sv: Josef Fransson – https://sv.wikipedia.org/wiki/Josef_Fransson
- en: Josef Fransson – https://en.wikipedia.org/wiki/Josef_Fransson
- pt: Josef Fransson – https://pt.wikipedia.org/wiki/Josef_Fransson

Det kräver att fotografen eller den som äger rättigheterna godkänner licensen. Fotografen anges vid användning, och bilden får återanvändas och bearbetas, även i kommersiella sammanhang.

Digg och PRV rekommenderar öppna licenser för offentlig information, som ett komplement till EU öppna data-direktiv från 2019 (https://eur-lex.europa.eu/legal-content/SV/TXT/?uri=CELEX%3A32019L1024). Riksdagens nuvarande bildvillkor anger däremot ingen sådan tydlig fri licens för ledamöternas porträtt trots begäran om det.

En bild från dig vore ett konkret steg framåt. Jag hjälper gärna till med uppladdningen och uppgifter om fotograf och licens.
Du får också gärna lyfta frågan inom riksdagen: varför inte publicera ledamöternas porträtt som ett samlat dataset med tydliga fria licenser?
Hjälp oss att komma vidare och göra våra folkvalda lättare att presentera på Wikipedia.

Vänliga hälsningar,
<ange ditt namn>",ja,finns,2026-10-08T18:55:41Z,Josef Fransson,finns,2026-10-08T18:55:43Z,Josef Fransson,Västra Götalands län,False,sv: https://sv.wikipedia.org/wiki/Josef_Fransson; en: https://en.wikipedia.org/wiki/Josef_Fransson; pt: https://pt.wikipedia.org/wiki/Josef_Fransson,,,
Julia Kronlid,SD,Stockholms län,Andre vice talman (tjänstgörande riksdagsledamot),1980,04727b66-64cd-4880-be85-dc8fe873bf8d,0638497389621,Q4959972,Har bild (P18),http://commons.wikimedia.org/wiki/Special:FilePath/Julia%20Kronlid%20%28cropped%29.png,,https://data.riksdagen.se/filarkiv/bilder/ledamot/04727b66-64cd-4880-be85-dc8fe873bf8d_192.jpg,julia.kronlid@riksdagen.se,Porträttbild till Wikipedia under fri licens,"Hej Julia Kronlid,

Jag bidrar till Wikipedia och vill gärna att artikeln om dig ska kunna illustreras med en aktuell porträttbild. Skulle du kunna hjälpa oss genom att ladda upp en bild till Wikimedia Commons under en fri licens, exempelvis CC BY 4.0?

Här finns Wikipedia-artiklarna om dig:
- sv: Julia Kronlid – https://sv.wikipedia.org/wiki/Julia_Kronlid
- en: Julia Kronlid – https://en.wikipedia.org/wiki/Julia_Kronlid
- pl: Julia Kronlid – https://pl.wikipedia.org/wiki/Julia_Kronlid
- ru: Кронлид, Юлия – https://ru.wikipedia.org/wiki/%D0%9A%D1%80%D0%BE%D0%BD%D0%BB%D0%B8%D0%B4,_%D0%AE%D0%BB%D0%B8%D1%8F

Det kräver att fotografen eller den som äger rättigheterna godkänner licensen. Fotografen anges vid användning, och bilden får återanvändas och bearbetas, även i kommersiella sammanhang.

Digg och PRV rekommenderar öppna licenser för offentlig information, som ett komplement till EU öppna data-direktiv från 2019 (https://eur-lex.europa.eu/legal-content/SV/TXT/?uri=CELEX%3A32019L1024). Riksdagens nuvarande bildvillkor anger däremot ingen sådan tydlig fri licens för ledamöternas porträtt trots begäran om det.

En bild från dig vore ett konkret steg framåt. Jag hjälper gärna till med uppladdningen och uppgifter om fotograf och licens.
Du får också gärna lyfta frågan inom riksdagen: varför inte publicera ledamöternas porträtt som ett samlat dataset med tydliga fria licenser?
Hjälp oss att komma vidare och göra våra folkvalda lättare att presentera på Wikipedia.

Vänliga hälsningar,
<ange ditt namn>",ja,ej_aktuell,,,finns,2026-10-08T18:55:43Z,Julia Kronlid,Stockholms län,True,"sv: https://sv.wikipedia.org/wiki/Julia_Kronlid; en: https://en.wikipedia.org/wiki/Julia_Kronlid; pl: https://pl.wikipedia.org/wiki/Julia_Kronlid; ru: https://ru.wikipedia.org/wiki/%D0%9A%D1%80%D0%BE%D0%BD%D0%BB%D0%B8%D0%B4,_%D0%AE%D0%BB%D0%B8%D1%8F",CC BY-SA 4.0,Landstingshuset,https://commons.wikimedia.org/wiki/File:Julia_Kronlid_(cropped).png
Karolina Widerberg,SD,Blekinge län,Tjänstgörande riksdagsledamot,1984,35fb5605-2afe-4fa2-8646-00706306f5e9,0315109717927,Q141507650,Saknar bild (P18),,,https://data.riksdagen.se/filarkiv/bilder/ledamot/35fb5605-2afe-4fa2-8646-00706306f5e9_192.jpg,karolina.widerberg@riksdagen.se,Porträttbild till Wikipedia under fri licens,"Hej Karolina Widerberg,

Jag bidrar till Wikipedia och vill gärna att artikeln om dig ska kunna illustreras med en aktuell porträttbild. Skulle du kunna hjälpa oss genom att ladda upp en bild till Wikimedia Commons under en fri licens, exempelvis CC BY 4.0?

Här finns Wikipedia-artiklarna om dig:
- sv: Karolina Widerberg – https://sv.wikipedia.org/wiki/Karolina_Widerberg

Det kräver att fotografen eller den som äger rättigheterna godkänner licensen. Fotografen anges vid användning, och bilden får återanvändas och bearbetas, även i kommersiella sammanhang.

Digg och PRV rekommenderar öppna licenser för offentlig information, som ett komplement till EU öppna data-direktiv från 2019 (https://eur-lex.europa.eu/legal-content/SV/TXT/?uri=CELEX%3A32019L1024). Riksdagens nuvarande bildvillkor anger däremot ingen sådan tydlig fri licens för ledamöternas porträtt trots begäran om det.

En bild från dig vore ett konkret steg framåt. Jag hjälper gärna till med uppladdningen och uppgifter om fotograf och licens.
Du får också gärna lyfta frågan inom riksdagen: varför inte publicera ledamöternas porträtt som ett samlat dataset med tydliga fria licenser?
Hjälp oss att komma vidare och göra våra folkvalda lättare att presentera på Wikipedia.

Vänliga hälsningar,
<ange ditt namn>",ja,finns,2026-10-08T18:55:41Z,Karolina Widerberg,finns,2026-10-08T18:55:43Z,Karolina Widerberg,Blekinge län,False,sv: https://sv.wikipedia.org/wiki/Karolina_Widerberg,,,
Kevin Sahlin,SD,Västernorrlands län,Tjänstgörande riksdagsledamot,2001,e287ee77-0f36-4c34-9e98-3e4d3ba00551,0623225425598,Q131732963,Har bild (P18),http://commons.wikimedia.org/wiki/Special:FilePath/Kevin%20Sahlin%20%28SD%29.jpg,,https://data.riksdagen.se/filarkiv/bilder/ledamot/e287ee77-0f36-4c34-9e98-3e4d3ba00551_192.jpg,kevin.sahlin@riksdagen.se,Porträttbild till Wikipedia under fri licens,"Hej Kevin Sahlin,

Jag bidrar till Wikipedia och vill gärna att artikeln om dig ska kunna illustreras med en aktuell porträttbild. Skulle du kunna hjälpa oss genom att ladda upp en bild till Wikimedia Commons under en fri licens, exempelvis CC BY 4.0?

Här finns Wikipedia-artiklarna om dig:
- sv: Kevin Sahlin – https://sv.wikipedia.org/wiki/Kevin_Sahlin
- en: Kevin Sahlin – https://en.wikipedia.org/wiki/Kevin_Sahlin

Det kräver att fotografen eller den som äger rättigheterna godkänner licensen. Fotografen anges vid användning, och bilden får återanvändas och bearbetas, även i kommersiella sammanhang.

Digg och PRV rekommenderar öppna licenser för offentlig information, som ett komplement till EU öppna data-direktiv från 2019 (https://eur-lex.europa.eu/legal-content/SV/TXT/?uri=CELEX%3A32019L1024). Riksdagens nuvarande bildvillkor anger däremot ingen sådan tydlig fri licens för ledamöternas porträtt trots begäran om det.

En bild från dig vore ett konkret steg framåt. Jag hjälper gärna till med uppladdningen och uppgifter om fotograf och licens.
Du får också gärna lyfta frågan inom riksdagen: varför inte publicera ledamöternas porträtt som ett samlat dataset med tydliga fria licenser?
Hjälp oss att komma vidare och göra våra folkvalda lättare att presentera på Wikipedia.

Vänliga hälsningar,
<ange ditt namn>",ja,ej_aktuell,,,finns,2026-10-08T18:55:43Z,Kevin Sahlin,Västernorrlands län,True,sv: https://sv.wikipedia.org/wiki/Kevin_Sahlin; en: https://en.wikipedia.org/wiki/Kevin_Sahlin,CC BY 4.0,Sveriges riksdag/The Swedish Parliament,https://commons.wikimedia.org/wiki/File:Kevin_Sahlin_(SD).jpg
Leonid Yurkovskiy,SD,Norrbottens län,Tjänstgörande riksdagsledamot,1995,57476cc3-4db3-4fad-8ec7-e30f317f83a4,0966063008623,Q114031216,Saknar bild (P18),,,https://data.riksdagen.se/filarkiv/bilder/ledamot/57476cc3-4db3-4fad-8ec7-e30f317f83a4_192.jpg,leonid.yurkovskiy@riksdagen.se,Porträttbild till Wikipedia under fri licens,"Hej Leonid Yurkovskiy,

Jag bidrar till Wikipedia och vill gärna att artikeln om dig ska kunna illustreras med en aktuell porträttbild. Skulle du kunna hjälpa oss genom att ladda upp en bild till Wikimedia Commons under en fri licens, exempelvis CC BY 4.0?

Här finns Wikipedia-artiklarna om dig:
- sv: Leonid Yurkovskiy – https://sv.wikipedia.org/wiki/Leonid_Yurkovskiy
- en: Leonid Yurkovskiy – https://en.wikipedia.org/wiki/Leonid_Yurkovskiy
- arz: ليونيد يوركوفسكى – https://arz.wikipedia.org/wiki/%D9%84%D9%8A%D9%88%D9%86%D9%8A%D8%AF_%D9%8A%D9%88%D8%B1%D9%83%D9%88%D9%81%D8%B3%D9%83%D9%89

Det kräver att fotografen eller den som äger rättigheterna godkänner licensen. Fotografen anges vid användning, och bilden får återanvändas och bearbetas, även i kommersiella sammanhang.

Digg och PRV rekommenderar öppna licenser för offentlig information, som ett komplement till EU öppna data-direktiv från 2019 (https://eur-lex.europa.eu/legal-content/SV/TXT/?uri=CELEX%3A32019L1024). Riksdagens nuvarande bildvillkor anger däremot ingen sådan tydlig fri licens för ledamöternas porträtt trots begäran om det.

En bild från dig vore ett konkret steg framåt. Jag hjälper gärna till med uppladdningen och uppgifter om fotograf och licens.
Du får också gärna lyfta frågan inom riksdagen: varför inte publicera ledamöternas porträtt som ett samlat dataset med tydliga fria licenser?
Hjälp oss att komma vidare och göra våra folkvalda lättare att presentera på Wikipedia.

Vänliga hälsningar,
<ange ditt namn>",ja,finns,2026-10-08T18:55:41Z,Leonid Yurkovskiy,finns,2026-10-08T18:55:43Z,Leonid Yurkovskiy,Norrbottens län,False,sv: https://sv.wikipedia.org/wiki/Leonid_Yurkovskiy; en: https://en.wikipedia.org/wiki/Leonid_Yurkovskiy; arz: https://arz.wikipedia.org/wiki/%D9%84%D9%8A%D9%88%D9%86%D9%8A%D8%AF_%D9%8A%D9%88%D8%B1%D9%83%D9%88%D9%81%D8%B3%D9%83%D9%89,,,
Linda Lindberg,SD,Skåne läns västra,Tjänstgörande riksdagsledamot,1974,669411b1-9abf-48dd-86c3-628cc7c5d137,0430865615328,Q71137014,Har bild (P18),http://commons.wikimedia.org/wiki/Special:FilePath/Linda%20Lindberg%20%28SD%29%202026.jpg,,https://data.riksdagen.se/filarkiv/bilder/ledamot/669411b1-9abf-48dd-86c3-628cc7c5d137_192.jpg,linda.lindberg@riksdagen.se,Porträttbild till Wikipedia under fri licens,"Hej Linda Lindberg,

Jag bidrar till Wikipedia och vill gärna att artikeln om dig ska kunna illustreras med en aktuell porträttbild. Skulle du kunna hjälpa oss genom att ladda upp en bild till Wikimedia Commons under en fri licens, exempelvis CC BY 4.0?

Här finns Wikipedia-artiklarna om dig:
- sv: Linda Lindberg – https://sv.wikipedia.org/wiki/Linda_Lindberg
- en: Linda Lindberg – https://en.wikipedia.org/wiki/Linda_Lindberg
- pl: Linda Lindberg – https://pl.wikipedia.org/wiki/Linda_Lindberg

Det kräver att fotografen eller den som äger rättigheterna godkänner licensen. Fotografen anges vid användning, och bilden får återanvändas och bearbetas, även i kommersiella sammanhang.

Digg och PRV rekommenderar öppna licenser för offentlig information, som ett komplement till EU öppna data-direktiv från 2019 (https://eur-lex.europa.eu/legal-content/SV/TXT/?uri=CELEX%3A32019L1024). Riksdagens nuvarande bildvillkor anger däremot ingen sådan tydlig fri licens för ledamöternas porträtt trots begäran om det.

En bild från dig vore ett konkret steg framåt. Jag hjälper gärna till med uppladdningen och uppgifter om fotograf och licens.
Du får också gärna lyfta frågan inom riksdagen: varför inte publicera ledamöternas porträtt som ett samlat dataset med tydliga fria licenser?
Hjälp oss att komma vidare och göra våra folkvalda lättare att presentera på Wikipedia.

Vänliga hälsningar,
<ange ditt namn>",ja,ej_aktuell,,,finns,2026-10-08T18:55:43Z,Linda Lindberg,Skåne län,True,sv: https://sv.wikipedia.org/wiki/Linda_Lindberg; en: https://en.wikipedia.org/wiki/Linda_Lindberg; pl: https://pl.wikipedia.org/wiki/Linda_Lindberg,CC BY 4.0,Frankie Fouganthin,https://commons.wikimedia.org/wiki/File:Linda_Lindberg_(SD)_2026.jpg
Linus Bylund,SD,Stockholms kommun,Tjänstgörande riksdagsledamot,1978,c97b1897-90bf-4e3d-b9bb-97887b022661,0506806850221,Q15992158,Har bild (P18),http://commons.wikimedia.org/wiki/Special:FilePath/Linus%20Bylund.jpg,,https://data.riksdagen.se/filarkiv/bilder/ledamot/c97b1897-90bf-4e3d-b9bb-97887b022661_192.jpg,linus.bylund@riksdagen.se,Porträttbild till Wikipedia under fri licens,"Hej Linus Bylund,

Jag bidrar till Wikipedia och vill gärna att artikeln om dig ska kunna illustreras med en aktuell porträttbild. Skulle du kunna hjälpa oss genom att ladda upp en bild till Wikimedia Commons under en fri licens, exempelvis CC BY 4.0?

Här finns Wikipedia-artiklarna om dig:
- sv: Linus Bylund – https://sv.wikipedia.org/wiki/Linus_Bylund
- en: Linus Bylund – https://en.wikipedia.org/wiki/Linus_Bylund
- zh: 利努斯·比倫德 – https://zh.wikipedia.org/wiki/%E5%88%A9%E5%8A%AA%E6%96%AF%C2%B7%E6%AF%94%E5%80%AB%E5%BE%B7

Det kräver att fotografen eller den som äger rättigheterna godkänner licensen. Fotografen anges vid användning, och bilden får återanvändas och bearbetas, även i kommersiella sammanhang.

Digg och PRV rekommenderar öppna licenser för offentlig information, som ett komplement till EU öppna data-direktiv från 2019 (https://eur-lex.europa.eu/legal-content/SV/TXT/?uri=CELEX%3A32019L1024). Riksdagens nuvarande bildvillkor anger däremot ingen sådan tydlig fri licens för ledamöternas porträtt trots begäran om det.

En bild från dig vore ett konkret steg framåt. Jag hjälper gärna till med uppladdningen och uppgifter om fotograf och licens.
Du får också gärna lyfta frågan inom riksdagen: varför inte publicera ledamöternas porträtt som ett samlat dataset med tydliga fria licenser?
Hjälp oss att komma vidare och göra våra folkvalda lättare att presentera på Wikipedia.

Vänliga hälsningar,
<ange ditt namn>",ja,ej_aktuell,,,finns,2026-10-08T18:55:43Z,Linus Bylund,Stockholms län,True,sv: https://sv.wikipedia.org/wiki/Linus_Bylund; en: https://en.wikipedia.org/wiki/Linus_Bylund; zh: https://zh.wikipedia.org/wiki/%E5%88%A9%E5%8A%AA%E6%96%AF%C2%B7%E6%AF%94%E5%80%AB%E5%BE%B7,CC BY-SA 3.0,Esquilo,https://commons.wikimedia.org/wiki/File:Linus_Bylund.jpg
Liselotte Forsberg,SD,Dalarnas län,Tjänstgörande riksdagsledamot,1972,2278b312-463a-41a2-a98f-27b1a2171b24,043324610819,Q141545161,Saknar bild (P18),,,https://data.riksdagen.se/filarkiv/bilder/ledamot/2278b312-463a-41a2-a98f-27b1a2171b24_192.jpg,liselotte.forsberg@riksdagen.se,Porträttbild till Wikipedia under fri licens,"Hej Liselotte Forsberg,

Jag bidrar till Wikipedia och vill gärna att artikeln om dig ska kunna illustreras med en aktuell porträttbild. Skulle du kunna hjälpa oss genom att ladda upp en bild till Wikimedia Commons under en fri licens, exempelvis CC BY 4.0?

Här finns Wikipedia-artiklarna om dig:
- sv: Liselotte Forsberg – https://sv.wikipedia.org/wiki/Liselotte_Forsberg
- en: Liselotte Forsberg – https://en.wikipedia.org/wiki/Liselotte_Forsberg

Det kräver att fotografen eller den som äger rättigheterna godkänner licensen. Fotografen anges vid användning, och bilden får återanvändas och bearbetas, även i kommersiella sammanhang.

Digg och PRV rekommenderar öppna licenser för offentlig information, som ett komplement till EU öppna data-direktiv från 2019 (https://eur-lex.europa.eu/legal-content/SV/TXT/?uri=CELEX%3A32019L1024). Riksdagens nuvarande bildvillkor anger däremot ingen sådan tydlig fri licens för ledamöternas porträtt trots begäran om det.

En bild från dig vore ett konkret steg framåt. Jag hjälper gärna till med uppladdningen och uppgifter om fotograf och licens.
Du får också gärna lyfta frågan inom riksdagen: varför inte publicera ledamöternas porträtt som ett samlat dataset med tydliga fria licenser?
Hjälp oss att komma vidare och göra våra folkvalda lättare att presentera på Wikipedia.

Vänliga hälsningar,
<ange ditt namn>",ja,finns,2026-10-08T18:55:41Z,Liselotte Forsberg,finns,2026-10-08T18:55:43Z,Liselotte Forsberg,Dalarnas län,False,sv: https://sv.wikipedia.org/wiki/Liselotte_Forsberg; en: https://en.wikipedia.org/wiki/Liselotte_Forsberg,,,
Ludvig Aspling,SD,Stockholms län,Tjänstgörande riksdagsledamot,1983,5b6bef5c-75ce-4f53-894d-e89afd3b6799,0526748040023,Q71131688,Saknar bild (P18),,,https://data.riksdagen.se/filarkiv/bilder/ledamot/5b6bef5c-75ce-4f53-894d-e89afd3b6799_192.jpg,ludvig.aspling@riksdagen.se,Porträttbild till Wikipedia under fri licens,"Hej Ludvig Aspling,

Jag bidrar till Wikipedia och vill gärna att artikeln om dig ska kunna illustreras med en aktuell porträttbild. Skulle du kunna hjälpa oss genom att ladda upp en bild till Wikimedia Commons under en fri licens, exempelvis CC BY 4.0?

Här finns Wikipedia-artiklarna om dig:
- sv: Ludvig Aspling – https://sv.wikipedia.org/wiki/Ludvig_Aspling
- en: Ludvig Aspling – https://en.wikipedia.org/wiki/Ludvig_Aspling

Det kräver att fotografen eller den som äger rättigheterna godkänner licensen. Fotografen anges vid användning, och bilden får återanvändas och bearbetas, även i kommersiella sammanhang.

Digg och PRV rekommenderar öppna licenser för offentlig information, som ett komplement till EU öppna data-direktiv från 2019 (https://eur-lex.europa.eu/legal-content/SV/TXT/?uri=CELEX%3A32019L1024). Riksdagens nuvarande bildvillkor anger däremot ingen sådan tydlig fri licens för ledamöternas porträtt trots begäran om det.

En bild från dig vore ett konkret steg framåt. Jag hjälper gärna till med uppladdningen och uppgifter om fotograf och licens.
Du får också gärna lyfta frågan inom riksdagen: varför inte publicera ledamöternas porträtt som ett samlat dataset med tydliga fria licenser?
Hjälp oss att komma vidare och göra våra folkvalda lättare att presentera på Wikipedia.

Vänliga hälsningar,
<ange ditt namn>",ja,finns,2026-10-08T18:55:41Z,Ludvig Aspling,finns,2026-10-08T18:55:43Z,Ludvig Aspling,Stockholms län,False,sv: https://sv.wikipedia.org/wiki/Ludvig_Aspling; en: https://en.wikipedia.org/wiki/Ludvig_Aspling,,,
Magnus Persson,SD,Skåne läns norra och östra,Tjänstgörande riksdagsledamot,1970,de52ae16-706b-4138-a194-aec42fd28aab,0641953830512,Q18245020,Har bild (P18),http://commons.wikimedia.org/wiki/Special:FilePath/Magnus%20Persson.png,,https://data.riksdagen.se/filarkiv/bilder/ledamot/de52ae16-706b-4138-a194-aec42fd28aab_192.jpg,magnus.persson@riksdagen.se,Porträttbild till Wikipedia under fri licens,"Hej Magnus Persson,

Jag bidrar till Wikipedia och vill gärna att artikeln om dig ska kunna illustreras med en aktuell porträttbild. Skulle du kunna hjälpa oss genom att ladda upp en bild till Wikimedia Commons under en fri licens, exempelvis CC BY 4.0?

Här finns Wikipedia-artiklarna om dig:
- sv: Magnus Persson (sverigedemokrat) – https://sv.wikipedia.org/wiki/Magnus_Persson_(sverigedemokrat)
- en: Magnus Persson (politician) – https://en.wikipedia.org/wiki/Magnus_Persson_(politician)
- pt: Magnus Persson (político) – https://pt.wikipedia.org/wiki/Magnus_Persson_(pol%C3%ADtico)

Det kräver att fotografen eller den som äger rättigheterna godkänner licensen. Fotografen anges vid användning, och bilden får återanvändas och bearbetas, även i kommersiella sammanhang.

Digg och PRV rekommenderar öppna licenser för offentlig information, som ett komplement till EU öppna data-direktiv från 2019 (https://eur-lex.europa.eu/legal-content/SV/TXT/?uri=CELEX%3A32019L1024). Riksdagens nuvarande bildvillkor anger däremot ingen sådan tydlig fri licens för ledamöternas porträtt trots begäran om det.

En bild från dig vore ett konkret steg framåt. Jag hjälper gärna till med uppladdningen och uppgifter om fotograf och licens.
Du får också gärna lyfta frågan inom riksdagen: varför inte publicera ledamöternas porträtt som ett samlat dataset med tydliga fria licenser?
Hjälp oss att komma vidare och göra våra folkvalda lättare att presentera på Wikipedia.

Vänliga hälsningar,
<ange ditt namn>",ja,ej_aktuell,,,finns,2026-10-08T18:55:43Z,Magnus Persson (sverigedemokrat),Skåne län,True,sv: https://sv.wikipedia.org/wiki/Magnus_Persson_(sverigedemokrat); en: https://en.wikipedia.org/wiki/Magnus_Persson_(politician); pt: https://pt.wikipedia.org/wiki/Magnus_Persson_(pol%C3%ADtico),CC BY-SA 4.0,Landstingshuset,https://commons.wikimedia.org/wiki/File:Magnus_Persson.png
Martin Kinnunen,SD,Stockholms län,Tjänstgörande riksdagsledamot,1983,57cbe134-829b-4fb8-9cc1-ce2f1cd02f3b,0294138886823,Q5910434,Har bild (P18),http://commons.wikimedia.org/wiki/Special:FilePath/Martin%20Kinnunen%202022.jpg,,https://data.riksdagen.se/filarkiv/bilder/ledamot/57cbe134-829b-4fb8-9cc1-ce2f1cd02f3b_192.jpg,martin.kinnunen@riksdagen.se,Porträttbild till Wikipedia under fri licens,"Hej Martin Kinnunen,

Jag bidrar till Wikipedia och vill gärna att artikeln om dig ska kunna illustreras med en aktuell porträttbild. Skulle du kunna hjälpa oss genom att ladda upp en bild till Wikimedia Commons under en fri licens, exempelvis CC BY 4.0?

Här finns Wikipedia-artiklarna om dig:
- sv: Martin Kinnunen – https://sv.wikipedia.org/wiki/Martin_Kinnunen
- en: Martin Kinnunen – https://en.wikipedia.org/wiki/Martin_Kinnunen
- arz: مارتين كينونين – https://arz.wikipedia.org/wiki/%D9%85%D8%A7%D8%B1%D8%AA%D9%8A%D9%86_%D9%83%D9%8A%D9%86%D9%88%D9%86%D9%8A%D9%86
- es: Martin Kinnunen – https://es.wikipedia.org/wiki/Martin_Kinnunen
- fi: Martin Kinnunen – https://fi.wikipedia.org/wiki/Martin_Kinnunen

Det kräver att fotografen eller den som äger rättigheterna godkänner licensen. Fotografen anges vid användning, och bilden får återanvändas och bearbetas, även i kommersiella sammanhang.

Digg och PRV rekommenderar öppna licenser för offentlig information, som ett komplement till EU öppna data-direktiv från 2019 (https://eur-lex.europa.eu/legal-content/SV/TXT/?uri=CELEX%3A32019L1024). Riksdagens nuvarande bildvillkor anger däremot ingen sådan tydlig fri licens för ledamöternas porträtt trots begäran om det.

En bild från dig vore ett konkret steg framåt. Jag hjälper gärna till med uppladdningen och uppgifter om fotograf och licens.
Du får också gärna lyfta frågan inom riksdagen: varför inte publicera ledamöternas porträtt som ett samlat dataset med tydliga fria licenser?
Hjälp oss att komma vidare och göra våra folkvalda lättare att presentera på Wikipedia.

Vänliga hälsningar,
<ange ditt namn>",ja,ej_aktuell,,,finns,2026-10-08T18:55:43Z,Martin Kinnunen,Stockholms län,True,sv: https://sv.wikipedia.org/wiki/Martin_Kinnunen; en: https://en.wikipedia.org/wiki/Martin_Kinnunen; arz: https://arz.wikipedia.org/wiki/%D9%85%D8%A7%D8%B1%D8%AA%D9%8A%D9%86_%D9%83%D9%8A%D9%86%D9%88%D9%86%D9%8A%D9%86; es: https://es.wikipedia.org/wiki/Martin_Kinnunen; fi: https://fi.wikipedia.org/wiki/Martin_Kinnunen,CC BY-SA 4.0,Landstingshuset,https://commons.wikimedia.org/wiki/File:Martin_Kinnunen_2022.jpg
Martin Westmont,SD,Stockholms län,Tjänstgörande riksdagsledamot,1978,8fd0a93e-226a-4fb5-ae65-bdecf1387a0c,0678597762924,Q114659286,Har bild (P18),http://commons.wikimedia.org/wiki/Special:FilePath/Martin%20Westmont%20sept%202018.jpg,,https://data.riksdagen.se/filarkiv/bilder/ledamot/8fd0a93e-226a-4fb5-ae65-bdecf1387a0c_192.jpg,martin.westmont@riksdagen.se,Porträttbild till Wikipedia under fri licens,"Hej Martin Westmont,

Jag bidrar till Wikipedia och vill gärna att artikeln om dig ska kunna illustreras med en aktuell porträttbild. Skulle du kunna hjälpa oss genom att ladda upp en bild till Wikimedia Commons under en fri licens, exempelvis CC BY 4.0?

Här finns Wikipedia-artiklarna om dig:
- sv: Martin Westmont – https://sv.wikipedia.org/wiki/Martin_Westmont
- en: Martin Westmont – https://en.wikipedia.org/wiki/Martin_Westmont

Det kräver att fotografen eller den som äger rättigheterna godkänner licensen. Fotografen anges vid användning, och bilden får återanvändas och bearbetas, även i kommersiella sammanhang.

Digg och PRV rekommenderar öppna licenser för offentlig information, som ett komplement till EU öppna data-direktiv från 2019 (https://eur-lex.europa.eu/legal-content/SV/TXT/?uri=CELEX%3A32019L1024). Riksdagens nuvarande bildvillkor anger däremot ingen sådan tydlig fri licens för ledamöternas porträtt trots begäran om det.

En bild från dig vore ett konkret steg framåt. Jag hjälper gärna till med uppladdningen och uppgifter om fotograf och licens.
Du får också gärna lyfta frågan inom riksdagen: varför inte publicera ledamöternas porträtt som ett samlat dataset med tydliga fria licenser?
Hjälp oss att komma vidare och göra våra folkvalda lättare att presentera på Wikipedia.

Vänliga hälsningar,
<ange ditt namn>",ja,ej_aktuell,,,finns,2026-10-08T18:55:43Z,Martin Westmont,Stockholms län,True,sv: https://sv.wikipedia.org/wiki/Martin_Westmont; en: https://en.wikipedia.org/wiki/Martin_Westmont,CC BY 4.0,Frankie Fouganthin,https://commons.wikimedia.org/wiki/File:Martin_Westmont_sept_2018.jpg
Matheus Enholm,SD,Västra Götalands läns norra,Tjänstgörande riksdagsledamot,1979,8c4af927-7bb6-4012-9b46-12adb641f556,0202577142527,Q70899253,Har bild (P18),http://commons.wikimedia.org/wiki/Special:FilePath/Matheus%20Enholm.jpg,,https://data.riksdagen.se/filarkiv/bilder/ledamot/8c4af927-7bb6-4012-9b46-12adb641f556_192.jpg,matheus.enholm@riksdagen.se,Porträttbild till Wikipedia under fri licens,"Hej Matheus Enholm,

Jag bidrar till Wikipedia och vill gärna att artikeln om dig ska kunna illustreras med en aktuell porträttbild. Skulle du kunna hjälpa oss genom att ladda upp en bild till Wikimedia Commons under en fri licens, exempelvis CC BY 4.0?

Här finns Wikipedia-artiklarna om dig:
- sv: Matheus Enholm – https://sv.wikipedia.org/wiki/Matheus_Enholm
- en: Matheus Enholm – https://en.wikipedia.org/wiki/Matheus_Enholm
- pt: Matheus Enholm – https://pt.wikipedia.org/wiki/Matheus_Enholm

Det kräver att fotografen eller den som äger rättigheterna godkänner licensen. Fotografen anges vid användning, och bilden får återanvändas och bearbetas, även i kommersiella sammanhang.

Digg och PRV rekommenderar öppna licenser för offentlig information, som ett komplement till EU öppna data-direktiv från 2019 (https://eur-lex.europa.eu/legal-content/SV/TXT/?uri=CELEX%3A32019L1024). Riksdagens nuvarande bildvillkor anger däremot ingen sådan tydlig fri licens för ledamöternas porträtt trots begäran om det.

En bild från dig vore ett konkret steg framåt. Jag hjälper gärna till med uppladdningen och uppgifter om fotograf och licens.
Du får också gärna lyfta frågan inom riksdagen: varför inte publicera ledamöternas porträtt som ett samlat dataset med tydliga fria licenser?
Hjälp oss att komma vidare och göra våra folkvalda lättare att presentera på Wikipedia.

Vänliga hälsningar,
<ange ditt namn>",ja,ej_aktuell,,,finns,2026-10-08T18:55:43Z,Matheus Enholm,Västra Götalands län,True,sv: https://sv.wikipedia.org/wiki/Matheus_Enholm; en: https://en.wikipedia.org/wiki/Matheus_Enholm; pt: https://pt.wikipedia.org/wiki/Matheus_Enholm,CC BY-SA 4.0,Landstingshuset,https://commons.wikimedia.org/wiki/File:Matheus_Enholm.jpg
Mats Hellhoff,SD,Västernorrlands län,Tjänstgörande ersättare,1954,817a9e2d-db07-44d6-9d9a-abd9f7fc2a86,0360187680814,Q127691730,Saknar bild (P18),,,https://data.riksdagen.se/filarkiv/bilder/ledamot/817a9e2d-db07-44d6-9d9a-abd9f7fc2a86_192.jpg,mats.hellhoff@riksdagen.se,Porträttbild till Wikipedia under fri licens,"Hej Mats Hellhoff,

Jag bidrar till Wikipedia och vill gärna att artikeln om dig ska kunna illustreras med en aktuell porträttbild. Skulle du kunna hjälpa oss genom att ladda upp en bild till Wikimedia Commons under en fri licens, exempelvis CC BY 4.0?

Här finns Wikipedia-artiklarna om dig:
- sv: Mats Hellhoff – https://sv.wikipedia.org/wiki/Mats_Hellhoff
- en: Mats Hellhoff – https://en.wikipedia.org/wiki/Mats_Hellhoff

Det kräver att fotografen eller den som äger rättigheterna godkänner licensen. Fotografen anges vid användning, och bilden får återanvändas och bearbetas, även i kommersiella sammanhang.

Digg och PRV rekommenderar öppna licenser för offentlig information, som ett komplement till EU öppna data-direktiv från 2019 (https://eur-lex.europa.eu/legal-content/SV/TXT/?uri=CELEX%3A32019L1024). Riksdagens nuvarande bildvillkor anger däremot ingen sådan tydlig fri licens för ledamöternas porträtt trots begäran om det.

En bild från dig vore ett konkret steg framåt. Jag hjälper gärna till med uppladdningen och uppgifter om fotograf och licens.
Du får också gärna lyfta frågan inom riksdagen: varför inte publicera ledamöternas porträtt som ett samlat dataset med tydliga fria licenser?
Hjälp oss att komma vidare och göra våra folkvalda lättare att presentera på Wikipedia.

Vänliga hälsningar,
<ange ditt namn>",ja,finns,2026-10-08T18:55:41Z,Mats Hellhoff,finns,2026-10-08T18:55:43Z,Mats Hellhoff,Västernorrlands län,False,sv: https://sv.wikipedia.org/wiki/Mats_Hellhoff; en: https://en.wikipedia.org/wiki/Mats_Hellhoff,,,
Mattias Bäckström Johansson,SD,Kalmar län,Tjänstgörande riksdagsledamot,1985,cb0336b4-54a8-4384-abe3-8d6cbebc63fa,0130789484021,Q5887149,Har bild (P18),http://commons.wikimedia.org/wiki/Special:FilePath/Mattias%20B%C3%A4ckstr%C3%B6m%20Johansson.jpg,,https://data.riksdagen.se/filarkiv/bilder/ledamot/cb0336b4-54a8-4384-abe3-8d6cbebc63fa_192.jpg,mattias.backstrom.johansson@riksdagen.se,Porträttbild till Wikipedia under fri licens,"Hej Mattias Bäckström Johansson,

Jag bidrar till Wikipedia och vill gärna att artikeln om dig ska kunna illustreras med en aktuell porträttbild. Skulle du kunna hjälpa oss genom att ladda upp en bild till Wikimedia Commons under en fri licens, exempelvis CC BY 4.0?

Här finns Wikipedia-artiklarna om dig:
- sv: Mattias Bäckström Johansson – https://sv.wikipedia.org/wiki/Mattias_B%C3%A4ckstr%C3%B6m_Johansson
- en: Mattias Bäckström Johansson – https://en.wikipedia.org/wiki/Mattias_B%C3%A4ckstr%C3%B6m_Johansson

Det kräver att fotografen eller den som äger rättigheterna godkänner licensen. Fotografen anges vid användning, och bilden får återanvändas och bearbetas, även i kommersiella sammanhang.

Digg och PRV rekommenderar öppna licenser för offentlig information, som ett komplement till EU öppna data-direktiv från 2019 (https://eur-lex.europa.eu/legal-content/SV/TXT/?uri=CELEX%3A32019L1024). Riksdagens nuvarande bildvillkor anger däremot ingen sådan tydlig fri licens för ledamöternas porträtt trots begäran om det.

En bild från dig vore ett konkret steg framåt. Jag hjälper gärna till med uppladdningen och uppgifter om fotograf och licens.
Du får också gärna lyfta frågan inom riksdagen: varför inte publicera ledamöternas porträtt som ett samlat dataset med tydliga fria licenser?
Hjälp oss att komma vidare och göra våra folkvalda lättare att presentera på Wikipedia.

Vänliga hälsningar,
<ange ditt namn>",ja,ej_aktuell,,,finns,2026-10-08T18:55:43Z,Mattias Bäckström Johansson,Kalmar län,True,sv: https://sv.wikipedia.org/wiki/Mattias_B%C3%A4ckstr%C3%B6m_Johansson; en: https://en.wikipedia.org/wiki/Mattias_B%C3%A4ckstr%C3%B6m_Johansson,CC BY-SA 4.0,Smcap,https://commons.wikimedia.org/wiki/File:Mattias_B%C3%A4ckstr%C3%B6m_Johansson.jpg
Mattias Eriksson Falk,SD,Gävleborgs län,Tjänstgörande riksdagsledamot,1990,fc08ef89-9166-4a91-bf69-0bfb4effae05,0671571847522,Q110793999,Saknar bild (P18),,,https://data.riksdagen.se/filarkiv/bilder/ledamot/fc08ef89-9166-4a91-bf69-0bfb4effae05_192.jpg,mattias.eriksson.falk@riksdagen.se,Porträttbild till Wikipedia under fri licens,"Hej Mattias Eriksson Falk,

Jag bidrar till Wikipedia och vill gärna att artikeln om dig ska kunna illustreras med en aktuell porträttbild. Skulle du kunna hjälpa oss genom att ladda upp en bild till Wikimedia Commons under en fri licens, exempelvis CC BY 4.0?

Här finns Wikipedia-artiklarna om dig:
- sv: Mattias Eriksson Falk – https://sv.wikipedia.org/wiki/Mattias_Eriksson_Falk
- en: Mattias Eriksson Falk – https://en.wikipedia.org/wiki/Mattias_Eriksson_Falk

Det kräver att fotografen eller den som äger rättigheterna godkänner licensen. Fotografen anges vid användning, och bilden får återanvändas och bearbetas, även i kommersiella sammanhang.

Digg och PRV rekommenderar öppna licenser för offentlig information, som ett komplement till EU öppna data-direktiv från 2019 (https://eur-lex.europa.eu/legal-content/SV/TXT/?uri=CELEX%3A32019L1024). Riksdagens nuvarande bildvillkor anger däremot ingen sådan tydlig fri licens för ledamöternas porträtt trots begäran om det.

En bild från dig vore ett konkret steg framåt. Jag hjälper gärna till med uppladdningen och uppgifter om fotograf och licens.
Du får också gärna lyfta frågan inom riksdagen: varför inte publicera ledamöternas porträtt som ett samlat dataset med tydliga fria licenser?
Hjälp oss att komma vidare och göra våra folkvalda lättare att presentera på Wikipedia.

Vänliga hälsningar,
<ange ditt namn>",ja,finns,2026-10-08T18:55:41Z,Mattias Eriksson Falk,finns,2026-10-08T18:55:43Z,Mattias Eriksson Falk,Gävleborgs län,False,sv: https://sv.wikipedia.org/wiki/Mattias_Eriksson_Falk; en: https://en.wikipedia.org/wiki/Mattias_Eriksson_Falk,,,
Mattias Karlsson Bergman,SD,Kronobergs län,Tjänstgörande riksdagsledamot,1977,727e2213-ac97-4ceb-bfab-f228debd8074,0831636664429,Q5901848,Har bild (P18),http://commons.wikimedia.org/wiki/Special:FilePath/Mattias%20Karlsson.jpg,,https://data.riksdagen.se/filarkiv/bilder/ledamot/727e2213-ac97-4ceb-bfab-f228debd8074_192.jpg,mattias.karlsson@riksdagen.se,Porträttbild till Wikipedia under fri licens,"Hej Mattias Karlsson Bergman,

Jag bidrar till Wikipedia och vill gärna att artikeln om dig ska kunna illustreras med en aktuell porträttbild. Skulle du kunna hjälpa oss genom att ladda upp en bild till Wikimedia Commons under en fri licens, exempelvis CC BY 4.0?

Här finns Wikipedia-artiklarna om dig:
- sv: Mattias Karlsson (sverigedemokrat) – https://sv.wikipedia.org/wiki/Mattias_Karlsson_(sverigedemokrat)
- en: Mattias Karlsson (politician, born 1977) – https://en.wikipedia.org/wiki/Mattias_Karlsson_(politician,_born_1977)
- arz: ماتياس كارلسون – https://arz.wikipedia.org/wiki/%D9%85%D8%A7%D8%AA%D9%8A%D8%A7%D8%B3_%D9%83%D8%A7%D8%B1%D9%84%D8%B3%D9%88%D9%86
- fi: Mattias Karlsson (poliitikko) – https://fi.wikipedia.org/wiki/Mattias_Karlsson_(poliitikko)
- fo: Mattias Karlsson – https://fo.wikipedia.org/wiki/Mattias_Karlsson
- fr: Mattias Karlsson (homme politique) – https://fr.wikipedia.org/wiki/Mattias_Karlsson_(homme_politique)
- ko: 마티아스 칼손 – https://ko.wikipedia.org/wiki/%EB%A7%88%ED%8B%B0%EC%95%84%EC%8A%A4_%EC%B9%BC%EC%86%90
- no: Mattias Karlsson – https://no.wikipedia.org/wiki/Mattias_Karlsson

Det kräver att fotografen eller den som äger rättigheterna godkänner licensen. Fotografen anges vid användning, och bilden får återanvändas och bearbetas, även i kommersiella sammanhang.

Digg och PRV rekommenderar öppna licenser för offentlig information, som ett komplement till EU öppna data-direktiv från 2019 (https://eur-lex.europa.eu/legal-content/SV/TXT/?uri=CELEX%3A32019L1024). Riksdagens nuvarande bildvillkor anger däremot ingen sådan tydlig fri licens för ledamöternas porträtt trots begäran om det.

En bild från dig vore ett konkret steg framåt. Jag hjälper gärna till med uppladdningen och uppgifter om fotograf och licens.
Du får också gärna lyfta frågan inom riksdagen: varför inte publicera ledamöternas porträtt som ett samlat dataset med tydliga fria licenser?
Hjälp oss att komma vidare och göra våra folkvalda lättare att presentera på Wikipedia.

Vänliga hälsningar,
<ange ditt namn>",ja,ej_aktuell,,,finns,2026-10-08T18:55:43Z,Mattias Karlsson (sverigedemokrat),Kronobergs län,True,"sv: https://sv.wikipedia.org/wiki/Mattias_Karlsson_(sverigedemokrat); en: https://en.wikipedia.org/wiki/Mattias_Karlsson_(politician,_born_1977); arz: https://arz.wikipedia.org/wiki/%D9%85%D8%A7%D8%AA%D9%8A%D8%A7%D8%B3_%D9%83%D8%A7%D8%B1%D9%84%D8%B3%D9%88%D9%86; fi: https://fi.wikipedia.org/wiki/Mattias_Karlsson_(poliitikko); fo: https://fo.wikipedia.org/wiki/Mattias_Karlsson; fr: https://fr.wikipedia.org/wiki/Mattias_Karlsson_(homme_politique); ko: https://ko.wikipedia.org/wiki/%EB%A7%88%ED%8B%B0%EC%95%84%EC%8A%A4_%EC%B9%BC%EC%86%90; no: https://no.wikipedia.org/wiki/Mattias_Karlsson",CC BY-SA 3.0,Esquilo,https://commons.wikimedia.org/wiki/File:Mattias_Karlsson.jpg
Mikael Eskilandersson,SD,Skåne läns norra och östra,Tjänstgörande riksdagsledamot,1977,cf98df89-2103-40cc-8524-b2df33125a3f,0468956880528,Q18238731,Har bild (P18),http://commons.wikimedia.org/wiki/Special:FilePath/Mikael%20Eskilandersson.jpg,,https://data.riksdagen.se/filarkiv/bilder/ledamot/cf98df89-2103-40cc-8524-b2df33125a3f_192.jpg,mikael.eskilandersson@riksdagen.se,Porträttbild till Wikipedia under fri licens,"Hej Mikael Eskilandersson,

Jag bidrar till Wikipedia och vill gärna att artikeln om dig ska kunna illustreras med en aktuell porträttbild. Skulle du kunna hjälpa oss genom att ladda upp en bild till Wikimedia Commons under en fri licens, exempelvis CC BY 4.0?

Här finns Wikipedia-artiklarna om dig:
- sv: Mikael Eskilandersson – https://sv.wikipedia.org/wiki/Mikael_Eskilandersson
- en: Mikael Eskilandersson – https://en.wikipedia.org/wiki/Mikael_Eskilandersson
- pt: Mikael Eskilandersson – https://pt.wikipedia.org/wiki/Mikael_Eskilandersson

Det kräver att fotografen eller den som äger rättigheterna godkänner licensen. Fotografen anges vid användning, och bilden får återanvändas och bearbetas, även i kommersiella sammanhang.

Digg och PRV rekommenderar öppna licenser för offentlig information, som ett komplement till EU öppna data-direktiv från 2019 (https://eur-lex.europa.eu/legal-content/SV/TXT/?uri=CELEX%3A32019L1024). Riksdagens nuvarande bildvillkor anger däremot ingen sådan tydlig fri licens för ledamöternas porträtt trots begäran om det.

En bild från dig vore ett konkret steg framåt. Jag hjälper gärna till med uppladdningen och uppgifter om fotograf och licens.
Du får också gärna lyfta frågan inom riksdagen: varför inte publicera ledamöternas porträtt som ett samlat dataset med tydliga fria licenser?
Hjälp oss att komma vidare och göra våra folkvalda lättare att presentera på Wikipedia.

Vänliga hälsningar,
<ange ditt namn>",ja,ej_aktuell,,,finns,2026-10-08T18:55:44Z,Mikael Eskilandersson,Skåne län,True,sv: https://sv.wikipedia.org/wiki/Mikael_Eskilandersson; en: https://en.wikipedia.org/wiki/Mikael_Eskilandersson; pt: https://pt.wikipedia.org/wiki/Mikael_Eskilandersson,CC BY 2.0,Mikael Eskilandersson SD distrikt Syd,https://commons.wikimedia.org/wiki/File:Mikael_Eskilandersson.jpg
Mikael Strömberg,SD,Södermanlands län,Tjänstgörande riksdagsledamot,1979,fcd7c003-78f6-408d-8f70-d8b2ea2b0361,0966157104128,Q141503807,Saknar bild (P18),,,https://data.riksdagen.se/filarkiv/bilder/ledamot/fcd7c003-78f6-408d-8f70-d8b2ea2b0361_192.jpg,mikael.stromberg@riksdagen.se,Porträttbild till Wikipedia under fri licens,"Hej Mikael Strömberg,

Jag bidrar till Wikipedia och vill gärna att artikeln om dig ska kunna illustreras med en aktuell porträttbild. Skulle du kunna hjälpa oss genom att ladda upp en bild till Wikimedia Commons under en fri licens, exempelvis CC BY 4.0?

Här finns Wikipedia-artiklarna om dig:
- sv: Mikael Strömberg (politiker) – https://sv.wikipedia.org/wiki/Mikael_Str%C3%B6mberg_(politiker)

Det kräver att fotografen eller den som äger rättigheterna godkänner licensen. Fotografen anges vid användning, och bilden får återanvändas och bearbetas, även i kommersiella sammanhang.

Digg och PRV rekommenderar öppna licenser för offentlig information, som ett komplement till EU öppna data-direktiv från 2019 (https://eur-lex.europa.eu/legal-content/SV/TXT/?uri=CELEX%3A32019L1024). Riksdagens nuvarande bildvillkor anger däremot ingen sådan tydlig fri licens för ledamöternas porträtt trots begäran om det.

En bild från dig vore ett konkret steg framåt. Jag hjälper gärna till med uppladdningen och uppgifter om fotograf och licens.
Du får också gärna lyfta frågan inom riksdagen: varför inte publicera ledamöternas porträtt som ett samlat dataset med tydliga fria licenser?
Hjälp oss att komma vidare och göra våra folkvalda lättare att presentera på Wikipedia.

Vänliga hälsningar,
<ange ditt namn>",ja,finns,2026-10-08T18:55:41Z,Mikael Strömberg (politiker),finns,2026-10-08T18:55:44Z,Mikael Strömberg (politiker),Södermanlands län,False,sv: https://sv.wikipedia.org/wiki/Mikael_Str%C3%B6mberg_(politiker),,,
Oscar Sjöstedt,SD,Västmanlands län,Tjänstgörande riksdagsledamot,1981,78e41c66-0d03-4914-9369-f03b795217e5,055257333723,Q18617010,Har bild (P18),http://commons.wikimedia.org/wiki/Special:FilePath/Oscar%20Sj%C3%B6stedt.jpg,,https://data.riksdagen.se/filarkiv/bilder/ledamot/78e41c66-0d03-4914-9369-f03b795217e5_192.jpg,oscar.sjostedt@riksdagen.se,Porträttbild till Wikipedia under fri licens,"Hej Oscar Sjöstedt,

Jag bidrar till Wikipedia och vill gärna att artikeln om dig ska kunna illustreras med en aktuell porträttbild. Skulle du kunna hjälpa oss genom att ladda upp en bild till Wikimedia Commons under en fri licens, exempelvis CC BY 4.0?

Här finns Wikipedia-artiklarna om dig:
- sv: Oscar Sjöstedt – https://sv.wikipedia.org/wiki/Oscar_Sj%C3%B6stedt
- en: Oscar Sjöstedt – https://en.wikipedia.org/wiki/Oscar_Sj%C3%B6stedt
- fr: Oscar Sjöstedt – https://fr.wikipedia.org/wiki/Oscar_Sj%C3%B6stedt
- uz: Oskar Sjöstedt – https://uz.wikipedia.org/wiki/Oskar_Sj%C3%B6stedt

Det kräver att fotografen eller den som äger rättigheterna godkänner licensen. Fotografen anges vid användning, och bilden får återanvändas och bearbetas, även i kommersiella sammanhang.

Digg och PRV rekommenderar öppna licenser för offentlig information, som ett komplement till EU öppna data-direktiv från 2019 (https://eur-lex.europa.eu/legal-content/SV/TXT/?uri=CELEX%3A32019L1024). Riksdagens nuvarande bildvillkor anger däremot ingen sådan tydlig fri licens för ledamöternas porträtt trots begäran om det.

En bild från dig vore ett konkret steg framåt. Jag hjälper gärna till med uppladdningen och uppgifter om fotograf och licens.
Du får också gärna lyfta frågan inom riksdagen: varför inte publicera ledamöternas porträtt som ett samlat dataset med tydliga fria licenser?
Hjälp oss att komma vidare och göra våra folkvalda lättare att presentera på Wikipedia.

Vänliga hälsningar,
<ange ditt namn>",ja,ej_aktuell,,,finns,2026-10-08T18:55:44Z,Oscar Sjöstedt,Västmanlands län,True,sv: https://sv.wikipedia.org/wiki/Oscar_Sj%C3%B6stedt; en: https://en.wikipedia.org/wiki/Oscar_Sj%C3%B6stedt; fr: https://fr.wikipedia.org/wiki/Oscar_Sj%C3%B6stedt; uz: https://uz.wikipedia.org/wiki/Oskar_Sj%C3%B6stedt,CC BY-SA 3.0,Esquilo,https://commons.wikimedia.org/wiki/File:Oscar_Sj%C3%B6stedt.jpg
Patrick Reslow,SD,Malmö kommun,Tjänstgörande riksdagsledamot,1970,6aa5f2eb-568a-4853-a925-65fee736b037,0545733815610,Q6068516,Har bild (P18),http://commons.wikimedia.org/wiki/Special:FilePath/Patrick%20Reslow.jpg,,https://data.riksdagen.se/filarkiv/bilder/ledamot/6aa5f2eb-568a-4853-a925-65fee736b037_192.jpg,patrick.reslow@riksdagen.se,Porträttbild till Wikipedia under fri licens,"Hej Patrick Reslow,

Jag bidrar till Wikipedia och vill gärna att artikeln om dig ska kunna illustreras med en aktuell porträttbild. Skulle du kunna hjälpa oss genom att ladda upp en bild till Wikimedia Commons under en fri licens, exempelvis CC BY 4.0?

Här finns Wikipedia-artiklarna om dig:
- sv: Patrick Reslow – https://sv.wikipedia.org/wiki/Patrick_Reslow
- en: Patrick Reslow – https://en.wikipedia.org/wiki/Patrick_Reslow
- arz: پاتريك ريسلو – https://arz.wikipedia.org/wiki/%D9%BE%D8%A7%D8%AA%D8%B1%D9%8A%D9%83_%D8%B1%D9%8A%D8%B3%D9%84%D9%88

Det kräver att fotografen eller den som äger rättigheterna godkänner licensen. Fotografen anges vid användning, och bilden får återanvändas och bearbetas, även i kommersiella sammanhang.

Digg och PRV rekommenderar öppna licenser för offentlig information, som ett komplement till EU öppna data-direktiv från 2019 (https://eur-lex.europa.eu/legal-content/SV/TXT/?uri=CELEX%3A32019L1024). Riksdagens nuvarande bildvillkor anger däremot ingen sådan tydlig fri licens för ledamöternas porträtt trots begäran om det.

En bild från dig vore ett konkret steg framåt. Jag hjälper gärna till med uppladdningen och uppgifter om fotograf och licens.
Du får också gärna lyfta frågan inom riksdagen: varför inte publicera ledamöternas porträtt som ett samlat dataset med tydliga fria licenser?
Hjälp oss att komma vidare och göra våra folkvalda lättare att presentera på Wikipedia.

Vänliga hälsningar,
<ange ditt namn>",ja,ej_aktuell,,,finns,2026-10-08T18:55:44Z,Patrick Reslow,Skåne län,True,sv: https://sv.wikipedia.org/wiki/Patrick_Reslow; en: https://en.wikipedia.org/wiki/Patrick_Reslow; arz: https://arz.wikipedia.org/wiki/%D9%BE%D8%A7%D8%AA%D8%B1%D9%8A%D9%83_%D8%B1%D9%8A%D8%B3%D9%84%D9%88,CC BY-SA 4.0,Landstingshuset,https://commons.wikimedia.org/wiki/File:Patrick_Reslow.jpg
Patrik Jönsson,SD,Hallands län,Tjänstgörande riksdagsledamot,1972,0007cc9d-247c-4136-80d1-0bae44bd20ba,0183544538819,Q18243181,Har bild (P18),http://commons.wikimedia.org/wiki/Special:FilePath/Patrik%20J%C3%B6nsson.jpg,,https://data.riksdagen.se/filarkiv/bilder/ledamot/0007cc9d-247c-4136-80d1-0bae44bd20ba_192.jpg,patrik.jonsson@riksdagen.se,Porträttbild till Wikipedia under fri licens,"Hej Patrik Jönsson,

Jag bidrar till Wikipedia och vill gärna att artikeln om dig ska kunna illustreras med en aktuell porträttbild. Skulle du kunna hjälpa oss genom att ladda upp en bild till Wikimedia Commons under en fri licens, exempelvis CC BY 4.0?

Här finns Wikipedia-artiklarna om dig:
- sv: Patrik Jönsson (politiker) – https://sv.wikipedia.org/wiki/Patrik_J%C3%B6nsson_(politiker)
- en: Patrik Jönsson – https://en.wikipedia.org/wiki/Patrik_J%C3%B6nsson
- pl: Patrik Jönsson – https://pl.wikipedia.org/wiki/Patrik_J%C3%B6nsson
- pt: Patrik Jönsson (político) – https://pt.wikipedia.org/wiki/Patrik_J%C3%B6nsson_(pol%C3%ADtico)

Det kräver att fotografen eller den som äger rättigheterna godkänner licensen. Fotografen anges vid användning, och bilden får återanvändas och bearbetas, även i kommersiella sammanhang.

Digg och PRV rekommenderar öppna licenser för offentlig information, som ett komplement till EU öppna data-direktiv från 2019 (https://eur-lex.europa.eu/legal-content/SV/TXT/?uri=CELEX%3A32019L1024). Riksdagens nuvarande bildvillkor anger däremot ingen sådan tydlig fri licens för ledamöternas porträtt trots begäran om det.

En bild från dig vore ett konkret steg framåt. Jag hjälper gärna till med uppladdningen och uppgifter om fotograf och licens.
Du får också gärna lyfta frågan inom riksdagen: varför inte publicera ledamöternas porträtt som ett samlat dataset med tydliga fria licenser?
Hjälp oss att komma vidare och göra våra folkvalda lättare att presentera på Wikipedia.

Vänliga hälsningar,
<ange ditt namn>",ja,ej_aktuell,,,finns,2026-10-08T18:55:44Z,Patrik Jönsson (politiker),Hallands län,True,sv: https://sv.wikipedia.org/wiki/Patrik_J%C3%B6nsson_(politiker); en: https://en.wikipedia.org/wiki/Patrik_J%C3%B6nsson; pl: https://pl.wikipedia.org/wiki/Patrik_J%C3%B6nsson; pt: https://pt.wikipedia.org/wiki/Patrik_J%C3%B6nsson_(pol%C3%ADtico),CC BY-SA 3.0,Esquilo,https://commons.wikimedia.org/wiki/File:Patrik_J%C3%B6nsson.jpg
Per Söderlund,SD,Örebro län,Tjänstgörande riksdagsledamot,1972,f3da7403-18a0-454d-bcac-9a0a36783d38,0492644357418,Q71546781,Saknar bild (P18),,,https://data.riksdagen.se/filarkiv/bilder/ledamot/f3da7403-18a0-454d-bcac-9a0a36783d38_192.jpg,per.soderlund@riksdagen.se,Porträttbild till Wikipedia under fri licens,"Hej Per Söderlund,

Jag bidrar till Wikipedia och vill gärna att artikeln om dig ska kunna illustreras med en aktuell porträttbild. Skulle du kunna hjälpa oss genom att ladda upp en bild till Wikimedia Commons under en fri licens, exempelvis CC BY 4.0?

Här finns Wikipedia-artiklarna om dig:
- sv: Per Söderlund – https://sv.wikipedia.org/wiki/Per_S%C3%B6derlund
- en: Per Söderlund – https://en.wikipedia.org/wiki/Per_S%C3%B6derlund
- pt: Per Söderlund – https://pt.wikipedia.org/wiki/Per_S%C3%B6derlund

Det kräver att fotografen eller den som äger rättigheterna godkänner licensen. Fotografen anges vid användning, och bilden får återanvändas och bearbetas, även i kommersiella sammanhang.

Digg och PRV rekommenderar öppna licenser för offentlig information, som ett komplement till EU öppna data-direktiv från 2019 (https://eur-lex.europa.eu/legal-content/SV/TXT/?uri=CELEX%3A32019L1024). Riksdagens nuvarande bildvillkor anger däremot ingen sådan tydlig fri licens för ledamöternas porträtt trots begäran om det.

En bild från dig vore ett konkret steg framåt. Jag hjälper gärna till med uppladdningen och uppgifter om fotograf och licens.
Du får också gärna lyfta frågan inom riksdagen: varför inte publicera ledamöternas porträtt som ett samlat dataset med tydliga fria licenser?
Hjälp oss att komma vidare och göra våra folkvalda lättare att presentera på Wikipedia.

Vänliga hälsningar,
<ange ditt namn>",ja,finns,2026-10-08T18:55:42Z,Per Söderlund,finns,2026-10-08T18:55:44Z,Per Söderlund,Örebro län,False,sv: https://sv.wikipedia.org/wiki/Per_S%C3%B6derlund; en: https://en.wikipedia.org/wiki/Per_S%C3%B6derlund; pt: https://pt.wikipedia.org/wiki/Per_S%C3%B6derlund,,,
Peter Eriksson,SD,Jämtlands län,Tjänstgörande riksdagsledamot,1959,803bd91d-4fa3-4607-9fd8-88cbdd28ea80,0618259964316,Q141545206,Saknar bild (P18),,,https://data.riksdagen.se/filarkiv/bilder/ledamot/803bd91d-4fa3-4607-9fd8-88cbdd28ea80_192.jpg,peter.j.eriksson@riksdagen.se,Porträttbild till Wikipedia under fri licens,"Hej Peter Eriksson,

Jag bidrar till Wikipedia och vill gärna att artikeln om dig ska kunna illustreras med en aktuell porträttbild. Skulle du kunna hjälpa oss genom att ladda upp en bild till Wikimedia Commons under en fri licens, exempelvis CC BY 4.0?

Här finns Wikipedia-artiklarna om dig:
- sv: Peter Eriksson (sverigedemokrat) – https://sv.wikipedia.org/wiki/Peter_Eriksson_(sverigedemokrat)

Det kräver att fotografen eller den som äger rättigheterna godkänner licensen. Fotografen anges vid användning, och bilden får återanvändas och bearbetas, även i kommersiella sammanhang.

Digg och PRV rekommenderar öppna licenser för offentlig information, som ett komplement till EU öppna data-direktiv från 2019 (https://eur-lex.europa.eu/legal-content/SV/TXT/?uri=CELEX%3A32019L1024). Riksdagens nuvarande bildvillkor anger däremot ingen sådan tydlig fri licens för ledamöternas porträtt trots begäran om det.

En bild från dig vore ett konkret steg framåt. Jag hjälper gärna till med uppladdningen och uppgifter om fotograf och licens.
Du får också gärna lyfta frågan inom riksdagen: varför inte publicera ledamöternas porträtt som ett samlat dataset med tydliga fria licenser?
Hjälp oss att komma vidare och göra våra folkvalda lättare att presentera på Wikipedia.

Vänliga hälsningar,
<ange ditt namn>",ja,finns,2026-10-08T18:55:42Z,Peter Eriksson (sverigedemokrat),finns,2026-10-08T18:55:44Z,Peter Eriksson (sverigedemokrat),Jämtlands län,False,sv: https://sv.wikipedia.org/wiki/Peter_Eriksson_(sverigedemokrat),,,
Pontus Andersson Garpvall,SD,Skåne läns västra,Tjänstgörande riksdagsledamot,1992,cec98313-41c4-4274-993a-939aa4859766,0926002991620,Q19976333,Har bild (P18),http://commons.wikimedia.org/wiki/Special:FilePath/Landsdagarna%20Foto%201.jpg,,https://data.riksdagen.se/filarkiv/bilder/ledamot/cec98313-41c4-4274-993a-939aa4859766_192.jpg,pontus.andersson.garpvall@riksdagen.se,Porträttbild till Wikipedia under fri licens,"Hej Pontus Andersson Garpvall,

Jag bidrar till Wikipedia och vill gärna att artikeln om dig ska kunna illustreras med en aktuell porträttbild. Skulle du kunna hjälpa oss genom att ladda upp en bild till Wikimedia Commons under en fri licens, exempelvis CC BY 4.0?

Här finns Wikipedia-artiklarna om dig:
- sv: Pontus Andersson Garpvall – https://sv.wikipedia.org/wiki/Pontus_Andersson_Garpvall
- en: Pontus Andersson – https://en.wikipedia.org/wiki/Pontus_Andersson

Det kräver att fotografen eller den som äger rättigheterna godkänner licensen. Fotografen anges vid användning, och bilden får återanvändas och bearbetas, även i kommersiella sammanhang.

Digg och PRV rekommenderar öppna licenser för offentlig information, som ett komplement till EU öppna data-direktiv från 2019 (https://eur-lex.europa.eu/legal-content/SV/TXT/?uri=CELEX%3A32019L1024). Riksdagens nuvarande bildvillkor anger däremot ingen sådan tydlig fri licens för ledamöternas porträtt trots begäran om det.

En bild från dig vore ett konkret steg framåt. Jag hjälper gärna till med uppladdningen och uppgifter om fotograf och licens.
Du får också gärna lyfta frågan inom riksdagen: varför inte publicera ledamöternas porträtt som ett samlat dataset med tydliga fria licenser?
Hjälp oss att komma vidare och göra våra folkvalda lättare att presentera på Wikipedia.

Vänliga hälsningar,
<ange ditt namn>",ja,ej_aktuell,,,finns,2026-10-08T18:55:44Z,Pontus Andersson Garpvall,Skåne län,True,sv: https://sv.wikipedia.org/wiki/Pontus_Andersson_Garpvall; en: https://en.wikipedia.org/wiki/Pontus_Andersson,CC0,Infobild00,https://commons.wikimedia.org/wiki/File:Landsdagarna_Foto_1.jpg
Rasmus Giertz,SD,Dalarnas län,Tjänstgörande riksdagsledamot,1994,bab0f33c-507a-4e6f-a3f7-7239c46732a2,0112333043027,Q114240008,Har bild (P18),http://commons.wikimedia.org/wiki/Special:FilePath/Rasmus%20Giertz%20%28SD%29%2C%20Sveriges%20riksdag.jpg,,https://data.riksdagen.se/filarkiv/bilder/ledamot/bab0f33c-507a-4e6f-a3f7-7239c46732a2_192.jpg,rasmus.giertz@riksdagen.se,Porträttbild till Wikipedia under fri licens,"Hej Rasmus Giertz,

Jag bidrar till Wikipedia och vill gärna att artikeln om dig ska kunna illustreras med en aktuell porträttbild. Skulle du kunna hjälpa oss genom att ladda upp en bild till Wikimedia Commons under en fri licens, exempelvis CC BY 4.0?

Här finns Wikipedia-artiklarna om dig:
- sv: Rasmus Giertz – https://sv.wikipedia.org/wiki/Rasmus_Giertz
- en: Rasmus Giertz – https://en.wikipedia.org/wiki/Rasmus_Giertz

Det kräver att fotografen eller den som äger rättigheterna godkänner licensen. Fotografen anges vid användning, och bilden får återanvändas och bearbetas, även i kommersiella sammanhang.

Digg och PRV rekommenderar öppna licenser för offentlig information, som ett komplement till EU öppna data-direktiv från 2019 (https://eur-lex.europa.eu/legal-content/SV/TXT/?uri=CELEX%3A32019L1024). Riksdagens nuvarande bildvillkor anger däremot ingen sådan tydlig fri licens för ledamöternas porträtt trots begäran om det.

En bild från dig vore ett konkret steg framåt. Jag hjälper gärna till med uppladdningen och uppgifter om fotograf och licens.
Du får också gärna lyfta frågan inom riksdagen: varför inte publicera ledamöternas porträtt som ett samlat dataset med tydliga fria licenser?
Hjälp oss att komma vidare och göra våra folkvalda lättare att presentera på Wikipedia.

Vänliga hälsningar,
<ange ditt namn>",ja,ej_aktuell,,,finns,2026-10-08T18:55:44Z,Rasmus Giertz,Dalarnas län,True,sv: https://sv.wikipedia.org/wiki/Rasmus_Giertz; en: https://en.wikipedia.org/wiki/Rasmus_Giertz,CC0,Sveriges riksdag,"https://commons.wikimedia.org/wiki/File:Rasmus_Giertz_(SD),_Sveriges_riksdag.jpg"
Richard Jomshof,SD,Blekinge län,Tjänstgörande riksdagsledamot,1969,ea8bae0d-0db4-4c68-b59f-3ba83d5f445d,0803753212716,Q5890031,Har bild (P18),http://commons.wikimedia.org/wiki/Special:FilePath/Almedalen%207%20July%202016%2053%20%2828110259431%29%20%28cropped%29.jpg,,https://data.riksdagen.se/filarkiv/bilder/ledamot/ea8bae0d-0db4-4c68-b59f-3ba83d5f445d_192.jpg,richard.jomshof@riksdagen.se,Porträttbild till Wikipedia under fri licens,"Hej Richard Jomshof,

Jag bidrar till Wikipedia och vill gärna att artikeln om dig ska kunna illustreras med en aktuell porträttbild. Skulle du kunna hjälpa oss genom att ladda upp en bild till Wikimedia Commons under en fri licens, exempelvis CC BY 4.0?

Här finns Wikipedia-artiklarna om dig:
- sv: Richard Jomshof – https://sv.wikipedia.org/wiki/Richard_Jomshof
- en: Richard Jomshof – https://en.wikipedia.org/wiki/Richard_Jomshof
- fi: Richard Jomshof – https://fi.wikipedia.org/wiki/Richard_Jomshof
- ko: 리카르드 욤스호프 – https://ko.wikipedia.org/wiki/%EB%A6%AC%EC%B9%B4%EB%A5%B4%EB%93%9C_%EC%9A%A4%EC%8A%A4%ED%98%B8%ED%94%84

Det kräver att fotografen eller den som äger rättigheterna godkänner licensen. Fotografen anges vid användning, och bilden får återanvändas och bearbetas, även i kommersiella sammanhang.

Digg och PRV rekommenderar öppna licenser för offentlig information, som ett komplement till EU öppna data-direktiv från 2019 (https://eur-lex.europa.eu/legal-content/SV/TXT/?uri=CELEX%3A32019L1024). Riksdagens nuvarande bildvillkor anger däremot ingen sådan tydlig fri licens för ledamöternas porträtt trots begäran om det.

En bild från dig vore ett konkret steg framåt. Jag hjälper gärna till med uppladdningen och uppgifter om fotograf och licens.
Du får också gärna lyfta frågan inom riksdagen: varför inte publicera ledamöternas porträtt som ett samlat dataset med tydliga fria licenser?
Hjälp oss att komma vidare och göra våra folkvalda lättare att presentera på Wikipedia.

Vänliga hälsningar,
<ange ditt namn>",ja,ej_aktuell,,,finns,2026-10-08T18:55:44Z,Richard Jomshof,Blekinge län,True,sv: https://sv.wikipedia.org/wiki/Richard_Jomshof; en: https://en.wikipedia.org/wiki/Richard_Jomshof; fi: https://fi.wikipedia.org/wiki/Richard_Jomshof; ko: https://ko.wikipedia.org/wiki/%EB%A6%AC%EC%B9%B4%EB%A5%B4%EB%93%9C_%EC%9A%A4%EC%8A%A4%ED%98%B8%ED%94%84,CC BY-SA 2.0,Poltikerveckan Almedalen,https://commons.wikimedia.org/wiki/File:Almedalen_7_July_2016_53_(28110259431)_(cropped).jpg
Robin Lennartsson,SD,Värmlands län,Tjänstgörande riksdagsledamot,1994,250b87f9-0aa2-434e-9865-fc198948788a,0312613056828,Q141502899,Saknar bild (P18),,,https://data.riksdagen.se/filarkiv/bilder/ledamot/250b87f9-0aa2-434e-9865-fc198948788a_192.jpg,robin.lennartsson@riksdagen.se,Porträttbild till Wikipedia under fri licens,"Hej Robin Lennartsson,

Jag bidrar till Wikipedia och vill gärna att artikeln om dig ska kunna illustreras med en aktuell porträttbild. Skulle du kunna hjälpa oss genom att ladda upp en bild till Wikimedia Commons under en fri licens, exempelvis CC BY 4.0?

Här finns Wikipedia-artiklarna om dig:
- sv: Robin Lennartsson – https://sv.wikipedia.org/wiki/Robin_Lennartsson
- en: Robin Lennartsson – https://en.wikipedia.org/wiki/Robin_Lennartsson

Det kräver att fotografen eller den som äger rättigheterna godkänner licensen. Fotografen anges vid användning, och bilden får återanvändas och bearbetas, även i kommersiella sammanhang.

Digg och PRV rekommenderar öppna licenser för offentlig information, som ett komplement till EU öppna data-direktiv från 2019 (https://eur-lex.europa.eu/legal-content/SV/TXT/?uri=CELEX%3A32019L1024). Riksdagens nuvarande bildvillkor anger däremot ingen sådan tydlig fri licens för ledamöternas porträtt trots begäran om det.

En bild från dig vore ett konkret steg framåt. Jag hjälper gärna till med uppladdningen och uppgifter om fotograf och licens.
Du får också gärna lyfta frågan inom riksdagen: varför inte publicera ledamöternas porträtt som ett samlat dataset med tydliga fria licenser?
Hjälp oss att komma vidare och göra våra folkvalda lättare att presentera på Wikipedia.

Vänliga hälsningar,
<ange ditt namn>",ja,finns,2026-10-08T18:55:42Z,Robin Lennartsson,finns,2026-10-08T18:55:44Z,Robin Lennartsson,Värmlands län,False,sv: https://sv.wikipedia.org/wiki/Robin_Lennartsson; en: https://en.wikipedia.org/wiki/Robin_Lennartsson,,,
Roger Hedlund,SD,Gävleborgs län,Tjänstgörande riksdagsledamot,1979,dd0d47ea-5e71-4ec9-b987-3261320ac857,0773497241728,Q18274557,Saknar bild (P18),,,https://data.riksdagen.se/filarkiv/bilder/ledamot/dd0d47ea-5e71-4ec9-b987-3261320ac857_192.jpg,roger.hedlund@riksdagen.se,Porträttbild till Wikipedia under fri licens,"Hej Roger Hedlund,

Jag bidrar till Wikipedia och vill gärna att artikeln om dig ska kunna illustreras med en aktuell porträttbild. Skulle du kunna hjälpa oss genom att ladda upp en bild till Wikimedia Commons under en fri licens, exempelvis CC BY 4.0?

Här finns Wikipedia-artiklarna om dig:
- sv: Roger Hedlund – https://sv.wikipedia.org/wiki/Roger_Hedlund
- en: Roger Hedlund (politician) – https://en.wikipedia.org/wiki/Roger_Hedlund_(politician)
- arz: روجير هيدلوند – https://arz.wikipedia.org/wiki/%D8%B1%D9%88%D8%AC%D9%8A%D8%B1_%D9%87%D9%8A%D8%AF%D9%84%D9%88%D9%86%D8%AF
- pt: Roger Hedlund (político) – https://pt.wikipedia.org/wiki/Roger_Hedlund_(pol%C3%ADtico)

Det kräver att fotografen eller den som äger rättigheterna godkänner licensen. Fotografen anges vid användning, och bilden får återanvändas och bearbetas, även i kommersiella sammanhang.

Digg och PRV rekommenderar öppna licenser för offentlig information, som ett komplement till EU öppna data-direktiv från 2019 (https://eur-lex.europa.eu/legal-content/SV/TXT/?uri=CELEX%3A32019L1024). Riksdagens nuvarande bildvillkor anger däremot ingen sådan tydlig fri licens för ledamöternas porträtt trots begäran om det.

En bild från dig vore ett konkret steg framåt. Jag hjälper gärna till med uppladdningen och uppgifter om fotograf och licens.
Du får också gärna lyfta frågan inom riksdagen: varför inte publicera ledamöternas porträtt som ett samlat dataset med tydliga fria licenser?
Hjälp oss att komma vidare och göra våra folkvalda lättare att presentera på Wikipedia.

Vänliga hälsningar,
<ange ditt namn>",ja,finns,2026-10-08T18:55:42Z,Roger Hedlund,finns,2026-10-08T18:55:44Z,Roger Hedlund,Gävleborgs län,False,sv: https://sv.wikipedia.org/wiki/Roger_Hedlund; en: https://en.wikipedia.org/wiki/Roger_Hedlund_(politician); arz: https://arz.wikipedia.org/wiki/%D8%B1%D9%88%D8%AC%D9%8A%D8%B1_%D9%87%D9%8A%D8%AF%D9%84%D9%88%D9%86%D8%AF; pt: https://pt.wikipedia.org/wiki/Roger_Hedlund_(pol%C3%ADtico),,,
Runar Filper,SD,Värmlands län,Tjänstgörande riksdagsledamot,1964,49cb272f-9347-407a-bac0-06403fbec5b5,065701062615,Q18238847,Saknar bild (P18),,,https://data.riksdagen.se/filarkiv/bilder/ledamot/49cb272f-9347-407a-bac0-06403fbec5b5_192.jpg,runar.filper@riksdagen.se,Porträttbild till Wikipedia under fri licens,"Hej Runar Filper,

Jag bidrar till Wikipedia och vill gärna att artikeln om dig ska kunna illustreras med en aktuell porträttbild. Skulle du kunna hjälpa oss genom att ladda upp en bild till Wikimedia Commons under en fri licens, exempelvis CC BY 4.0?

Här finns Wikipedia-artiklarna om dig:
- sv: Runar Filper – https://sv.wikipedia.org/wiki/Runar_Filper
- en: Runar Filper – https://en.wikipedia.org/wiki/Runar_Filper
- pt: Runar Filper – https://pt.wikipedia.org/wiki/Runar_Filper

Det kräver att fotografen eller den som äger rättigheterna godkänner licensen. Fotografen anges vid användning, och bilden får återanvändas och bearbetas, även i kommersiella sammanhang.

Digg och PRV rekommenderar öppna licenser för offentlig information, som ett komplement till EU öppna data-direktiv från 2019 (https://eur-lex.europa.eu/legal-content/SV/TXT/?uri=CELEX%3A32019L1024). Riksdagens nuvarande bildvillkor anger däremot ingen sådan tydlig fri licens för ledamöternas porträtt trots begäran om det.

En bild från dig vore ett konkret steg framåt. Jag hjälper gärna till med uppladdningen och uppgifter om fotograf och licens.
Du får också gärna lyfta frågan inom riksdagen: varför inte publicera ledamöternas porträtt som ett samlat dataset med tydliga fria licenser?
Hjälp oss att komma vidare och göra våra folkvalda lättare att presentera på Wikipedia.

Vänliga hälsningar,
<ange ditt namn>",ja,finns,2026-10-08T18:55:42Z,Runar Filper,finns,2026-10-08T18:55:44Z,Runar Filper,Värmlands län,False,sv: https://sv.wikipedia.org/wiki/Runar_Filper; en: https://en.wikipedia.org/wiki/Runar_Filper; pt: https://pt.wikipedia.org/wiki/Runar_Filper,,,
Sara Gille,SD,Västerbottens län,Tjänstgörande riksdagsledamot,1981,235255cd-cf3b-4b45-906d-5ffe21195683,0338088431726,Q56925588,Saknar bild (P18),,,https://data.riksdagen.se/filarkiv/bilder/ledamot/235255cd-cf3b-4b45-906d-5ffe21195683_192.jpg,sara.gille@riksdagen.se,Porträttbild till Wikipedia under fri licens,"Hej Sara Gille,

Jag bidrar till Wikipedia och vill gärna att artikeln om dig ska kunna illustreras med en aktuell porträttbild. Skulle du kunna hjälpa oss genom att ladda upp en bild till Wikimedia Commons under en fri licens, exempelvis CC BY 4.0?

Här finns Wikipedia-artiklarna om dig:
- sv: Sara Gille – https://sv.wikipedia.org/wiki/Sara_Gille
- en: Sara Gille – https://en.wikipedia.org/wiki/Sara_Gille
- fi: Sara Gille – https://fi.wikipedia.org/wiki/Sara_Gille
- pt: Sara Gille – https://pt.wikipedia.org/wiki/Sara_Gille

Det kräver att fotografen eller den som äger rättigheterna godkänner licensen. Fotografen anges vid användning, och bilden får återanvändas och bearbetas, även i kommersiella sammanhang.

Digg och PRV rekommenderar öppna licenser för offentlig information, som ett komplement till EU öppna data-direktiv från 2019 (https://eur-lex.europa.eu/legal-content/SV/TXT/?uri=CELEX%3A32019L1024). Riksdagens nuvarande bildvillkor anger däremot ingen sådan tydlig fri licens för ledamöternas porträtt trots begäran om det.

En bild från dig vore ett konkret steg framåt. Jag hjälper gärna till med uppladdningen och uppgifter om fotograf och licens.
Du får också gärna lyfta frågan inom riksdagen: varför inte publicera ledamöternas porträtt som ett samlat dataset med tydliga fria licenser?
Hjälp oss att komma vidare och göra våra folkvalda lättare att presentera på Wikipedia.

Vänliga hälsningar,
<ange ditt namn>",ja,finns,2026-10-08T18:55:42Z,Sara Gille,finns,2026-10-08T18:55:44Z,Sara Gille,Västerbottens län,False,sv: https://sv.wikipedia.org/wiki/Sara_Gille; en: https://en.wikipedia.org/wiki/Sara_Gille; fi: https://fi.wikipedia.org/wiki/Sara_Gille; pt: https://pt.wikipedia.org/wiki/Sara_Gille,,,
Terje Skaarnes,SD,Västra Götalands läns norra,Tjänstgörande riksdagsledamot,1972,cd31a65e-f39f-4c0a-af72-8db19b2f84e2,0357184489817,Q141527856,Saknar bild (P18),,,https://data.riksdagen.se/filarkiv/bilder/ledamot/cd31a65e-f39f-4c0a-af72-8db19b2f84e2_192.jpg,terje.skaarnes@riksdagen.se,Porträttbild till Wikipedia under fri licens,"Hej Terje Skaarnes,

Jag bidrar till Wikipedia och vill gärna att artikeln om dig ska kunna illustreras med en aktuell porträttbild. Skulle du kunna hjälpa oss genom att ladda upp en bild till Wikimedia Commons under en fri licens, exempelvis CC BY 4.0?

Här finns Wikipedia-artiklarna om dig:
- sv: Terje Skaarnes – https://sv.wikipedia.org/wiki/Terje_Skaarnes

Det kräver att fotografen eller den som äger rättigheterna godkänner licensen. Fotografen anges vid användning, och bilden får återanvändas och bearbetas, även i kommersiella sammanhang.

Digg och PRV rekommenderar öppna licenser för offentlig information, som ett komplement till EU öppna data-direktiv från 2019 (https://eur-lex.europa.eu/legal-content/SV/TXT/?uri=CELEX%3A32019L1024). Riksdagens nuvarande bildvillkor anger däremot ingen sådan tydlig fri licens för ledamöternas porträtt trots begäran om det.

En bild från dig vore ett konkret steg framåt. Jag hjälper gärna till med uppladdningen och uppgifter om fotograf och licens.
Du får också gärna lyfta frågan inom riksdagen: varför inte publicera ledamöternas porträtt som ett samlat dataset med tydliga fria licenser?
Hjälp oss att komma vidare och göra våra folkvalda lättare att presentera på Wikipedia.

Vänliga hälsningar,
<ange ditt namn>",ja,finns,2026-10-08T18:55:42Z,Terje Skaarnes,finns,2026-10-08T18:55:44Z,Terje Skaarnes,Västra Götalands län,False,sv: https://sv.wikipedia.org/wiki/Terje_Skaarnes,,,
Tobias Andersson,SD,Västra Götalands läns östra,Tjänstgörande riksdagsledamot,1996,5763c159-5105-47b3-82fb-9cc7dc20dc7d,086684470825,Q26211839,Har bild (P18),http://commons.wikimedia.org/wiki/Special:FilePath/Almedalen%202017%20%2835557535003%29%20%28cropped%29.jpg,,https://data.riksdagen.se/filarkiv/bilder/ledamot/5763c159-5105-47b3-82fb-9cc7dc20dc7d_192.jpg,tobias.andersson@riksdagen.se,Porträttbild till Wikipedia under fri licens,"Hej Tobias Andersson,

Jag bidrar till Wikipedia och vill gärna att artikeln om dig ska kunna illustreras med en aktuell porträttbild. Skulle du kunna hjälpa oss genom att ladda upp en bild till Wikimedia Commons under en fri licens, exempelvis CC BY 4.0?

Här finns Wikipedia-artiklarna om dig:
- sv: Tobias Andersson (politiker) – https://sv.wikipedia.org/wiki/Tobias_Andersson_(politiker)
- en: Tobias Andersson (politician) – https://en.wikipedia.org/wiki/Tobias_Andersson_(politician)
- ar: توبياس أندرسون – https://ar.wikipedia.org/wiki/%D8%AA%D9%88%D8%A8%D9%8A%D8%A7%D8%B3_%D8%A3%D9%86%D8%AF%D8%B1%D8%B3%D9%88%D9%86
- fr: Tobias Andersson – https://fr.wikipedia.org/wiki/Tobias_Andersson

Det kräver att fotografen eller den som äger rättigheterna godkänner licensen. Fotografen anges vid användning, och bilden får återanvändas och bearbetas, även i kommersiella sammanhang.

Digg och PRV rekommenderar öppna licenser för offentlig information, som ett komplement till EU öppna data-direktiv från 2019 (https://eur-lex.europa.eu/legal-content/SV/TXT/?uri=CELEX%3A32019L1024). Riksdagens nuvarande bildvillkor anger däremot ingen sådan tydlig fri licens för ledamöternas porträtt trots begäran om det.

En bild från dig vore ett konkret steg framåt. Jag hjälper gärna till med uppladdningen och uppgifter om fotograf och licens.
Du får också gärna lyfta frågan inom riksdagen: varför inte publicera ledamöternas porträtt som ett samlat dataset med tydliga fria licenser?
Hjälp oss att komma vidare och göra våra folkvalda lättare att presentera på Wikipedia.

Vänliga hälsningar,
<ange ditt namn>",ja,ej_aktuell,,,finns,2026-10-08T18:55:44Z,Tobias Andersson (politiker),Västra Götalands län,True,sv: https://sv.wikipedia.org/wiki/Tobias_Andersson_(politiker); en: https://en.wikipedia.org/wiki/Tobias_Andersson_(politician); ar: https://ar.wikipedia.org/wiki/%D8%AA%D9%88%D8%A8%D9%8A%D8%A7%D8%B3_%D8%A3%D9%86%D8%AF%D8%B1%D8%B3%D9%88%D9%86; fr: https://fr.wikipedia.org/wiki/Tobias_Andersson,CC BY-SA 2.0,Poltikerveckan Almedalen,https://commons.wikimedia.org/wiki/File:Almedalen_2017_(35557535003)_(cropped).jpg
Tomas Brandberg,SD,Västmanlands län,Tjänstgörande riksdagsledamot,1972,69fb078d-e6b7-4ed2-948e-97d37739f131,0421274796317,Q126003135,Saknar bild (P18),,,https://data.riksdagen.se/filarkiv/bilder/ledamot/69fb078d-e6b7-4ed2-948e-97d37739f131_192.jpg,tomas.brandberg@riksdagen.se,Porträttbild till Wikipedia under fri licens,"Hej Tomas Brandberg,

Jag bidrar till Wikipedia och vill gärna att artikeln om dig ska kunna illustreras med en aktuell porträttbild. Skulle du kunna hjälpa oss genom att ladda upp en bild till Wikimedia Commons under en fri licens, exempelvis CC BY 4.0?

Här finns Wikipedia-artiklarna om dig:
- sv: Tomas Brandberg – https://sv.wikipedia.org/wiki/Tomas_Brandberg

Det kräver att fotografen eller den som äger rättigheterna godkänner licensen. Fotografen anges vid användning, och bilden får återanvändas och bearbetas, även i kommersiella sammanhang.

Digg och PRV rekommenderar öppna licenser för offentlig information, som ett komplement till EU öppna data-direktiv från 2019 (https://eur-lex.europa.eu/legal-content/SV/TXT/?uri=CELEX%3A32019L1024). Riksdagens nuvarande bildvillkor anger däremot ingen sådan tydlig fri licens för ledamöternas porträtt trots begäran om det.

En bild från dig vore ett konkret steg framåt. Jag hjälper gärna till med uppladdningen och uppgifter om fotograf och licens.
Du får också gärna lyfta frågan inom riksdagen: varför inte publicera ledamöternas porträtt som ett samlat dataset med tydliga fria licenser?
Hjälp oss att komma vidare och göra våra folkvalda lättare att presentera på Wikipedia.

Vänliga hälsningar,
<ange ditt namn>",ja,finns,2026-10-08T18:55:42Z,Tomas Brandberg,finns,2026-10-08T18:55:44Z,Tomas Brandberg,Västmanlands län,False,sv: https://sv.wikipedia.org/wiki/Tomas_Brandberg,,,
Victoria Tiblom,SD,Skåne läns södra,Tjänstgörande riksdagsledamot,1969,9538493f-67cc-4713-9b97-94cc2e32c4db,0985943148917,Q114031232,Har bild (P18),http://commons.wikimedia.org/wiki/Special:FilePath/Victoria%20Tiblom.jpg,,https://data.riksdagen.se/filarkiv/bilder/ledamot/9538493f-67cc-4713-9b97-94cc2e32c4db_192.jpg,victoria.tiblom@riksdagen.se,Porträttbild till Wikipedia under fri licens,"Hej Victoria Tiblom,

Jag bidrar till Wikipedia och vill gärna att artikeln om dig ska kunna illustreras med en aktuell porträttbild. Skulle du kunna hjälpa oss genom att ladda upp en bild till Wikimedia Commons under en fri licens, exempelvis CC BY 4.0?

Här finns Wikipedia-artiklarna om dig:
- sv: Victoria Tiblom – https://sv.wikipedia.org/wiki/Victoria_Tiblom
- en: Victoria Tiblom – https://en.wikipedia.org/wiki/Victoria_Tiblom

Det kräver att fotografen eller den som äger rättigheterna godkänner licensen. Fotografen anges vid användning, och bilden får återanvändas och bearbetas, även i kommersiella sammanhang.

Digg och PRV rekommenderar öppna licenser för offentlig information, som ett komplement till EU öppna data-direktiv från 2019 (https://eur-lex.europa.eu/legal-content/SV/TXT/?uri=CELEX%3A32019L1024). Riksdagens nuvarande bildvillkor anger däremot ingen sådan tydlig fri licens för ledamöternas porträtt trots begäran om det.

En bild från dig vore ett konkret steg framåt. Jag hjälper gärna till med uppladdningen och uppgifter om fotograf och licens.
Du får också gärna lyfta frågan inom riksdagen: varför inte publicera ledamöternas porträtt som ett samlat dataset med tydliga fria licenser?
Hjälp oss att komma vidare och göra våra folkvalda lättare att presentera på Wikipedia.

Vänliga hälsningar,
<ange ditt namn>",ja,ej_aktuell,,,finns,2026-10-08T18:55:44Z,Victoria Tiblom,Skåne län,True,sv: https://sv.wikipedia.org/wiki/Victoria_Tiblom; en: https://en.wikipedia.org/wiki/Victoria_Tiblom,CC BY-SA 4.0,Parmi333,https://commons.wikimedia.org/wiki/File:Victoria_Tiblom.jpg
Yasmine Eriksson,SD,Jönköpings län,Tjänstgörande riksdagsledamot,1989,ae22d593-d382-40dc-918c-df30916b6d9e,0331791853028,Q70906950,Saknar bild (P18),,,https://data.riksdagen.se/filarkiv/bilder/ledamot/ae22d593-d382-40dc-918c-df30916b6d9e_192.jpg,yasmine.eriksson@riksdagen.se,Porträttbild till Wikipedia under fri licens,"Hej Yasmine Eriksson,

Jag bidrar till Wikipedia och vill gärna att artikeln om dig ska kunna illustreras med en aktuell porträttbild. Skulle du kunna hjälpa oss genom att ladda upp en bild till Wikimedia Commons under en fri licens, exempelvis CC BY 4.0?

Här finns Wikipedia-artiklarna om dig:
- sv: Yasmine Eriksson – https://sv.wikipedia.org/wiki/Yasmine_Eriksson
- en: Yasmine Eriksson – https://en.wikipedia.org/wiki/Yasmine_Eriksson

Det kräver att fotografen eller den som äger rättigheterna godkänner licensen. Fotografen anges vid användning, och bilden får återanvändas och bearbetas, även i kommersiella sammanhang.

Digg och PRV rekommenderar öppna licenser för offentlig information, som ett komplement till EU öppna data-direktiv från 2019 (https://eur-lex.europa.eu/legal-content/SV/TXT/?uri=CELEX%3A32019L1024). Riksdagens nuvarande bildvillkor anger däremot ingen sådan tydlig fri licens för ledamöternas porträtt trots begäran om det.

En bild från dig vore ett konkret steg framåt. Jag hjälper gärna till med uppladdningen och uppgifter om fotograf och licens.
Du får också gärna lyfta frågan inom riksdagen: varför inte publicera ledamöternas porträtt som ett samlat dataset med tydliga fria licenser?
Hjälp oss att komma vidare och göra våra folkvalda lättare att presentera på Wikipedia.

Vänliga hälsningar,
<ange ditt namn>",ja,finns,2026-10-08T18:55:42Z,Yasmine Eriksson,finns,2026-10-08T18:55:44Z,Yasmine Eriksson,Jönköpings län,False,sv: https://sv.wikipedia.org/wiki/Yasmine_Eriksson; en: https://en.wikipedia.org/wiki/Yasmine_Eriksson,,,
Agnes Hultén,V,Hallands län,Tjänstgörande riksdagsledamot,1973,1fcc4d73-c1c2-4380-9942-7d56beb64e96,0953214365911,Q113862801,Saknar bild (P18),,,https://data.riksdagen.se/filarkiv/bilder/ledamot/1fcc4d73-c1c2-4380-9942-7d56beb64e96_192.jpg,agnes.hulten@riksdagen.se,Porträttbild till Wikipedia under fri licens,"Hej Agnes Hultén,

Jag bidrar till Wikipedia och vill gärna att artikeln om dig ska kunna illustreras med en aktuell porträttbild. Skulle du kunna hjälpa oss genom att ladda upp en bild till Wikimedia Commons under en fri licens, exempelvis CC BY 4.0?

Här finns Wikipedia-artiklarna om dig:
- sv: Agnes Hultén – https://sv.wikipedia.org/wiki/Agnes_Hult%C3%A9n

Det kräver att fotografen eller den som äger rättigheterna godkänner licensen. Fotografen anges vid användning, och bilden får återanvändas och bearbetas, även i kommersiella sammanhang.

Digg och PRV rekommenderar öppna licenser för offentlig information, som ett komplement till EU öppna data-direktiv från 2019 (https://eur-lex.europa.eu/legal-content/SV/TXT/?uri=CELEX%3A32019L1024). Riksdagens nuvarande bildvillkor anger däremot ingen sådan tydlig fri licens för ledamöternas porträtt trots begäran om det.

En bild från dig vore ett konkret steg framåt. Jag hjälper gärna till med uppladdningen och uppgifter om fotograf och licens.
Du får också gärna lyfta frågan inom riksdagen: varför inte publicera ledamöternas porträtt som ett samlat dataset med tydliga fria licenser?
Hjälp oss att komma vidare och göra våra folkvalda lättare att presentera på Wikipedia.

Vänliga hälsningar,
<ange ditt namn>",ja,finns,2026-10-08T18:55:40Z,Agnes Hultén,finns,2026-10-08T18:55:42Z,Agnes Hultén,Hallands län,False,sv: https://sv.wikipedia.org/wiki/Agnes_Hult%C3%A9n,,,
Andrea Andersson Tay,V,Stockholms län,Tjänstgörande riksdagsledamot,1988,352b875d-e44d-43f5-bf93-e507770c12de,0802091197024,Q114031213,Saknar bild (P18),,,https://data.riksdagen.se/filarkiv/bilder/ledamot/352b875d-e44d-43f5-bf93-e507770c12de_192.jpg,andrea.andersson-tay@riksdagen.se,Porträttbild till Wikipedia under fri licens,"Hej Andrea Andersson Tay,

Jag bidrar till Wikipedia och vill gärna att artikeln om dig ska kunna illustreras med en aktuell porträttbild. Skulle du kunna hjälpa oss genom att ladda upp en bild till Wikimedia Commons under en fri licens, exempelvis CC BY 4.0?

Här finns Wikipedia-artiklarna om dig:
- sv: Andrea Andersson-Tay – https://sv.wikipedia.org/wiki/Andrea_Andersson-Tay
- en: Andrea Andersson-Tay – https://en.wikipedia.org/wiki/Andrea_Andersson-Tay

Det kräver att fotografen eller den som äger rättigheterna godkänner licensen. Fotografen anges vid användning, och bilden får återanvändas och bearbetas, även i kommersiella sammanhang.

Digg och PRV rekommenderar öppna licenser för offentlig information, som ett komplement till EU öppna data-direktiv från 2019 (https://eur-lex.europa.eu/legal-content/SV/TXT/?uri=CELEX%3A32019L1024). Riksdagens nuvarande bildvillkor anger däremot ingen sådan tydlig fri licens för ledamöternas porträtt trots begäran om det.

En bild från dig vore ett konkret steg framåt. Jag hjälper gärna till med uppladdningen och uppgifter om fotograf och licens.
Du får också gärna lyfta frågan inom riksdagen: varför inte publicera ledamöternas porträtt som ett samlat dataset med tydliga fria licenser?
Hjälp oss att komma vidare och göra våra folkvalda lättare att presentera på Wikipedia.

Vänliga hälsningar,
<ange ditt namn>",ja,finns,2026-10-08T18:55:40Z,Andrea Andersson-Tay,finns,2026-10-08T18:55:42Z,Andrea Andersson-Tay,Stockholms län,False,sv: https://sv.wikipedia.org/wiki/Andrea_Andersson-Tay; en: https://en.wikipedia.org/wiki/Andrea_Andersson-Tay,,,
Andreas Lennkvist Manriquez,V,Stockholms kommun,Tjänstgörande riksdagsledamot,1994,edd967aa-9d04-4bc1-946a-708955b2a17d,0146133946627,Q64684689,Saknar bild (P18),,,https://data.riksdagen.se/filarkiv/bilder/ledamot/edd967aa-9d04-4bc1-946a-708955b2a17d_192.jpg,andreas.lennkvist.manriquez@riksdagen.se,Porträttbild till Wikipedia under fri licens,"Hej Andreas Lennkvist Manriquez,

Jag bidrar till Wikipedia och vill gärna att artikeln om dig ska kunna illustreras med en aktuell porträttbild. Skulle du kunna hjälpa oss genom att ladda upp en bild till Wikimedia Commons under en fri licens, exempelvis CC BY 4.0?

Här finns Wikipedia-artiklarna om dig:
- sv: Andreas Lennkvist Manriquez – https://sv.wikipedia.org/wiki/Andreas_Lennkvist_Manriquez
- en: Andreas Lennkvist Manriquez – https://en.wikipedia.org/wiki/Andreas_Lennkvist_Manriquez

Det kräver att fotografen eller den som äger rättigheterna godkänner licensen. Fotografen anges vid användning, och bilden får återanvändas och bearbetas, även i kommersiella sammanhang.

Digg och PRV rekommenderar öppna licenser för offentlig information, som ett komplement till EU öppna data-direktiv från 2019 (https://eur-lex.europa.eu/legal-content/SV/TXT/?uri=CELEX%3A32019L1024). Riksdagens nuvarande bildvillkor anger däremot ingen sådan tydlig fri licens för ledamöternas porträtt trots begäran om det.

En bild från dig vore ett konkret steg framåt. Jag hjälper gärna till med uppladdningen och uppgifter om fotograf och licens.
Du får också gärna lyfta frågan inom riksdagen: varför inte publicera ledamöternas porträtt som ett samlat dataset med tydliga fria licenser?
Hjälp oss att komma vidare och göra våra folkvalda lättare att presentera på Wikipedia.

Vänliga hälsningar,
<ange ditt namn>",ja,finns,2026-10-08T18:55:40Z,Andreas Lennkvist Manriquez,finns,2026-10-08T18:55:42Z,Andreas Lennkvist Manriquez,Stockholms län,False,sv: https://sv.wikipedia.org/wiki/Andreas_Lennkvist_Manriquez; en: https://en.wikipedia.org/wiki/Andreas_Lennkvist_Manriquez,,,
Anfal Mahdi,V,Malmö kommun,Tjänstgörande riksdagsledamot,1989,9532f73d-bfcb-4215-a1f4-9884ecb995aa,0305221682227,Q141505205,Saknar bild (P18),,,https://data.riksdagen.se/filarkiv/bilder/ledamot/9532f73d-bfcb-4215-a1f4-9884ecb995aa_192.jpg,anfal.mahdi@riksdagen.se,Porträttbild till Wikipedia under fri licens,"Hej Anfal Mahdi,

Jag bidrar till Wikipedia och vill gärna att artikeln om dig ska kunna illustreras med en aktuell porträttbild. Skulle du kunna hjälpa oss genom att ladda upp en bild till Wikimedia Commons under en fri licens, exempelvis CC BY 4.0?

Här finns Wikipedia-artiklarna om dig:
- sv: Anfal Mahdi – https://sv.wikipedia.org/wiki/Anfal_Mahdi
- en: Anfal Mahdi – https://en.wikipedia.org/wiki/Anfal_Mahdi

Det kräver att fotografen eller den som äger rättigheterna godkänner licensen. Fotografen anges vid användning, och bilden får återanvändas och bearbetas, även i kommersiella sammanhang.

Digg och PRV rekommenderar öppna licenser för offentlig information, som ett komplement till EU öppna data-direktiv från 2019 (https://eur-lex.europa.eu/legal-content/SV/TXT/?uri=CELEX%3A32019L1024). Riksdagens nuvarande bildvillkor anger däremot ingen sådan tydlig fri licens för ledamöternas porträtt trots begäran om det.

En bild från dig vore ett konkret steg framåt. Jag hjälper gärna till med uppladdningen och uppgifter om fotograf och licens.
Du får också gärna lyfta frågan inom riksdagen: varför inte publicera ledamöternas porträtt som ett samlat dataset med tydliga fria licenser?
Hjälp oss att komma vidare och göra våra folkvalda lättare att presentera på Wikipedia.

Vänliga hälsningar,
<ange ditt namn>",ja,finns,2026-10-08T18:55:40Z,Anfal Mahdi,finns,2026-10-08T18:55:42Z,Anfal Mahdi,Skåne län,False,sv: https://sv.wikipedia.org/wiki/Anfal_Mahdi; en: https://en.wikipedia.org/wiki/Anfal_Mahdi,,,
Banesa Martinez Roldán,V,Malmö kommun,Tjänstgörande riksdagsledamot,1982,b3abbdc2-f144-4eec-a4aa-f98ae89c46a7,0812008415929,Q141507832,Saknar bild (P18),,,https://data.riksdagen.se/filarkiv/bilder/ledamot/b3abbdc2-f144-4eec-a4aa-f98ae89c46a7_192.jpg,banesa.martinez.roldan@riksdagen.se,Porträttbild till Wikipedia under fri licens,"Hej Banesa Martinez Roldán,

Jag bidrar till Wikipedia och vill gärna att artikeln om dig ska kunna illustreras med en aktuell porträttbild. Skulle du kunna hjälpa oss genom att ladda upp en bild till Wikimedia Commons under en fri licens, exempelvis CC BY 4.0?

Här finns Wikipedia-artiklarna om dig:
- sv: Banesa Martinez Roldan – https://sv.wikipedia.org/wiki/Banesa_Martinez_Roldan

Det kräver att fotografen eller den som äger rättigheterna godkänner licensen. Fotografen anges vid användning, och bilden får återanvändas och bearbetas, även i kommersiella sammanhang.

Digg och PRV rekommenderar öppna licenser för offentlig information, som ett komplement till EU öppna data-direktiv från 2019 (https://eur-lex.europa.eu/legal-content/SV/TXT/?uri=CELEX%3A32019L1024). Riksdagens nuvarande bildvillkor anger däremot ingen sådan tydlig fri licens för ledamöternas porträtt trots begäran om det.

En bild från dig vore ett konkret steg framåt. Jag hjälper gärna till med uppladdningen och uppgifter om fotograf och licens.
Du får också gärna lyfta frågan inom riksdagen: varför inte publicera ledamöternas porträtt som ett samlat dataset med tydliga fria licenser?
Hjälp oss att komma vidare och göra våra folkvalda lättare att presentera på Wikipedia.

Vänliga hälsningar,
<ange ditt namn>",ja,finns,2026-10-08T18:55:41Z,Banesa Martinez Roldan,finns,2026-10-08T18:55:42Z,Banesa Martinez Roldan,Skåne län,False,sv: https://sv.wikipedia.org/wiki/Banesa_Martinez_Roldan,,,
Birger Lahti,V,Norrbottens län,Tjänstgörande riksdagsledamot,1964,a2c4e9f3-6d4a-4994-9351-66ce4c752905,0825441263617,Q18243576,Har bild (P18),http://commons.wikimedia.org/wiki/Special:FilePath/Birger%20Lahti.jpg,,https://data.riksdagen.se/filarkiv/bilder/ledamot/a2c4e9f3-6d4a-4994-9351-66ce4c752905_192.jpg,birger.lahti@riksdagen.se,Porträttbild till Wikipedia under fri licens,"Hej Birger Lahti,

Jag bidrar till Wikipedia och vill gärna att artikeln om dig ska kunna illustreras med en aktuell porträttbild. Skulle du kunna hjälpa oss genom att ladda upp en bild till Wikimedia Commons under en fri licens, exempelvis CC BY 4.0?

Här finns Wikipedia-artiklarna om dig:
- sv: Birger Lahti – https://sv.wikipedia.org/wiki/Birger_Lahti
- en: Birger Lahti – https://en.wikipedia.org/wiki/Birger_Lahti
- arz: بيرجر لاتى – https://arz.wikipedia.org/wiki/%D8%A8%D9%8A%D8%B1%D8%AC%D8%B1_%D9%84%D8%A7%D8%AA%D9%89
- fr: Birger Lahti – https://fr.wikipedia.org/wiki/Birger_Lahti

Det kräver att fotografen eller den som äger rättigheterna godkänner licensen. Fotografen anges vid användning, och bilden får återanvändas och bearbetas, även i kommersiella sammanhang.

Digg och PRV rekommenderar öppna licenser för offentlig information, som ett komplement till EU öppna data-direktiv från 2019 (https://eur-lex.europa.eu/legal-content/SV/TXT/?uri=CELEX%3A32019L1024). Riksdagens nuvarande bildvillkor anger däremot ingen sådan tydlig fri licens för ledamöternas porträtt trots begäran om det.

En bild från dig vore ett konkret steg framåt. Jag hjälper gärna till med uppladdningen och uppgifter om fotograf och licens.
Du får också gärna lyfta frågan inom riksdagen: varför inte publicera ledamöternas porträtt som ett samlat dataset med tydliga fria licenser?
Hjälp oss att komma vidare och göra våra folkvalda lättare att presentera på Wikipedia.

Vänliga hälsningar,
<ange ditt namn>",ja,ej_aktuell,,,finns,2026-10-08T18:55:42Z,Birger Lahti,Norrbottens län,True,sv: https://sv.wikipedia.org/wiki/Birger_Lahti; en: https://en.wikipedia.org/wiki/Birger_Lahti; arz: https://arz.wikipedia.org/wiki/%D8%A8%D9%8A%D8%B1%D8%AC%D8%B1_%D9%84%D8%A7%D8%AA%D9%89; fr: https://fr.wikipedia.org/wiki/Birger_Lahti,CC0,Jessica Segerberg,https://commons.wikimedia.org/wiki/File:Birger_Lahti.jpg
Carina Örgård,V,Västra Götalands läns västra,Tjänstgörande riksdagsledamot,1970,76d1a3eb-9f15-4be3-960a-45da20f61273,0942653287010,Q109610564,Har bild (P18),http://commons.wikimedia.org/wiki/Special:FilePath/Carina%20%C3%96rg%C3%A5rd.jpg,,https://data.riksdagen.se/filarkiv/bilder/ledamot/76d1a3eb-9f15-4be3-960a-45da20f61273_192.jpg,carina.orgard@riksdagen.se,Porträttbild till Wikipedia under fri licens,"Hej Carina Örgård,

Jag bidrar till Wikipedia och vill gärna att artikeln om dig ska kunna illustreras med en aktuell porträttbild. Skulle du kunna hjälpa oss genom att ladda upp en bild till Wikimedia Commons under en fri licens, exempelvis CC BY 4.0?

Här finns Wikipedia-artiklarna om dig:
- sv: Carina Örgård – https://sv.wikipedia.org/wiki/Carina_%C3%96rg%C3%A5rd
- en: Carina Örgård – https://en.wikipedia.org/wiki/Carina_%C3%96rg%C3%A5rd

Det kräver att fotografen eller den som äger rättigheterna godkänner licensen. Fotografen anges vid användning, och bilden får återanvändas och bearbetas, även i kommersiella sammanhang.

Digg och PRV rekommenderar öppna licenser för offentlig information, som ett komplement till EU öppna data-direktiv från 2019 (https://eur-lex.europa.eu/legal-content/SV/TXT/?uri=CELEX%3A32019L1024). Riksdagens nuvarande bildvillkor anger däremot ingen sådan tydlig fri licens för ledamöternas porträtt trots begäran om det.

En bild från dig vore ett konkret steg framåt. Jag hjälper gärna till med uppladdningen och uppgifter om fotograf och licens.
Du får också gärna lyfta frågan inom riksdagen: varför inte publicera ledamöternas porträtt som ett samlat dataset med tydliga fria licenser?
Hjälp oss att komma vidare och göra våra folkvalda lättare att presentera på Wikipedia.

Vänliga hälsningar,
<ange ditt namn>",ja,ej_aktuell,,,finns,2026-10-08T18:55:43Z,Carina Örgård,Västra Götalands län,True,sv: https://sv.wikipedia.org/wiki/Carina_%C3%96rg%C3%A5rd; en: https://en.wikipedia.org/wiki/Carina_%C3%96rg%C3%A5rd,CC BY-SA 4.0,Boström29,https://commons.wikimedia.org/wiki/File:Carina_%C3%96rg%C3%A5rd.jpg
Caroline Täljeblad,V,Västerbottens län,Tjänstgörande riksdagsledamot,1986,36fcc68e-95ae-476d-9991-63f079c876b3,030110584526,Q137212471,Saknar bild (P18),,,https://data.riksdagen.se/filarkiv/bilder/ledamot/36fcc68e-95ae-476d-9991-63f079c876b3_192.jpg,caroline.taljeblad@riksdagen.se,Porträttbild till Wikipedia under fri licens,"Hej Caroline Täljeblad,

Jag bidrar till Wikipedia och vill gärna att artikeln om dig ska kunna illustreras med en aktuell porträttbild. Skulle du kunna hjälpa oss genom att ladda upp en bild till Wikimedia Commons under en fri licens, exempelvis CC BY 4.0?

Här finns Wikipedia-artiklarna om dig:
- sv: Caroline Täljeblad – https://sv.wikipedia.org/wiki/Caroline_T%C3%A4ljeblad

Det kräver att fotografen eller den som äger rättigheterna godkänner licensen. Fotografen anges vid användning, och bilden får återanvändas och bearbetas, även i kommersiella sammanhang.

Digg och PRV rekommenderar öppna licenser för offentlig information, som ett komplement till EU öppna data-direktiv från 2019 (https://eur-lex.europa.eu/legal-content/SV/TXT/?uri=CELEX%3A32019L1024). Riksdagens nuvarande bildvillkor anger däremot ingen sådan tydlig fri licens för ledamöternas porträtt trots begäran om det.

En bild från dig vore ett konkret steg framåt. Jag hjälper gärna till med uppladdningen och uppgifter om fotograf och licens.
Du får också gärna lyfta frågan inom riksdagen: varför inte publicera ledamöternas porträtt som ett samlat dataset med tydliga fria licenser?
Hjälp oss att komma vidare och göra våra folkvalda lättare att presentera på Wikipedia.

Vänliga hälsningar,
<ange ditt namn>",ja,finns,2026-10-08T18:55:41Z,Caroline Täljeblad,finns,2026-10-08T18:55:43Z,Caroline Täljeblad,Västerbottens län,False,sv: https://sv.wikipedia.org/wiki/Caroline_T%C3%A4ljeblad,,,
Ciczie Weidby,V,Jönköpings län,Tjänstgörande riksdagsledamot,1974,b34f05f5-d73a-428c-88a1-4e112c650498,0776705932527,Q57168740,Har bild (P18),http://commons.wikimedia.org/wiki/Special:FilePath/Ciczie%20Weidby.jpg,,https://data.riksdagen.se/filarkiv/bilder/ledamot/b34f05f5-d73a-428c-88a1-4e112c650498_192.jpg,ciczie.weidby@riksdagen.se,Porträttbild till Wikipedia under fri licens,"Hej Ciczie Weidby,

Jag bidrar till Wikipedia och vill gärna att artikeln om dig ska kunna illustreras med en aktuell porträttbild. Skulle du kunna hjälpa oss genom att ladda upp en bild till Wikimedia Commons under en fri licens, exempelvis CC BY 4.0?

Här finns Wikipedia-artiklarna om dig:
- sv: Ciczie Weidby – https://sv.wikipedia.org/wiki/Ciczie_Weidby
- en: Ciczie Weidby – https://en.wikipedia.org/wiki/Ciczie_Weidby

Det kräver att fotografen eller den som äger rättigheterna godkänner licensen. Fotografen anges vid användning, och bilden får återanvändas och bearbetas, även i kommersiella sammanhang.

Digg och PRV rekommenderar öppna licenser för offentlig information, som ett komplement till EU öppna data-direktiv från 2019 (https://eur-lex.europa.eu/legal-content/SV/TXT/?uri=CELEX%3A32019L1024). Riksdagens nuvarande bildvillkor anger däremot ingen sådan tydlig fri licens för ledamöternas porträtt trots begäran om det.

En bild från dig vore ett konkret steg framåt. Jag hjälper gärna till med uppladdningen och uppgifter om fotograf och licens.
Du får också gärna lyfta frågan inom riksdagen: varför inte publicera ledamöternas porträtt som ett samlat dataset med tydliga fria licenser?
Hjälp oss att komma vidare och göra våra folkvalda lättare att presentera på Wikipedia.

Vänliga hälsningar,
<ange ditt namn>",ja,ej_aktuell,,,finns,2026-10-08T18:55:43Z,Ciczie Weidby,Jönköpings län,True,sv: https://sv.wikipedia.org/wiki/Ciczie_Weidby; en: https://en.wikipedia.org/wiki/Ciczie_Weidby,CC0,Jessica Segerberg,https://commons.wikimedia.org/wiki/File:Ciczie_Weidby.jpg
Daniel Bernmar,V,Göteborgs kommun,Tjänstgörande riksdagsledamot,1982,3c398721-fd40-4112-ade6-0510c00f4d02,061508745820,Q23916054,Har bild (P18),http://commons.wikimedia.org/wiki/Special:FilePath/Daniel%20Bernmar.jpeg,,https://data.riksdagen.se/filarkiv/bilder/ledamot/3c398721-fd40-4112-ade6-0510c00f4d02_192.jpg,daniel.bernmar@riksdagen.se,Porträttbild till Wikipedia under fri licens,"Hej Daniel Bernmar,

Jag bidrar till Wikipedia och vill gärna att artikeln om dig ska kunna illustreras med en aktuell porträttbild. Skulle du kunna hjälpa oss genom att ladda upp en bild till Wikimedia Commons under en fri licens, exempelvis CC BY 4.0?

Här finns Wikipedia-artiklarna om dig:
- sv: Daniel Bernmar – https://sv.wikipedia.org/wiki/Daniel_Bernmar
- en: Daniel Bernmar – https://en.wikipedia.org/wiki/Daniel_Bernmar

Det kräver att fotografen eller den som äger rättigheterna godkänner licensen. Fotografen anges vid användning, och bilden får återanvändas och bearbetas, även i kommersiella sammanhang.

Digg och PRV rekommenderar öppna licenser för offentlig information, som ett komplement till EU öppna data-direktiv från 2019 (https://eur-lex.europa.eu/legal-content/SV/TXT/?uri=CELEX%3A32019L1024). Riksdagens nuvarande bildvillkor anger däremot ingen sådan tydlig fri licens för ledamöternas porträtt trots begäran om det.

En bild från dig vore ett konkret steg framåt. Jag hjälper gärna till med uppladdningen och uppgifter om fotograf och licens.
Du får också gärna lyfta frågan inom riksdagen: varför inte publicera ledamöternas porträtt som ett samlat dataset med tydliga fria licenser?
Hjälp oss att komma vidare och göra våra folkvalda lättare att presentera på Wikipedia.

Vänliga hälsningar,
<ange ditt namn>",ja,ej_aktuell,,,finns,2026-10-08T18:55:43Z,Daniel Bernmar,Västra Götalands län,True,sv: https://sv.wikipedia.org/wiki/Daniel_Bernmar; en: https://en.wikipedia.org/wiki/Daniel_Bernmar,CC BY-SA 4.0,Commonwikipediaeditor,https://commons.wikimedia.org/wiki/File:Daniel_Bernmar.jpeg
David Höglund Velasquez,V,Västra Götalands läns norra,Tjänstgörande riksdagsledamot,1989,d57a4eeb-f61d-411b-88a1-4553484c39a6,058441394428,Q141510796,Saknar bild (P18),,,https://data.riksdagen.se/filarkiv/bilder/ledamot/d57a4eeb-f61d-411b-88a1-4553484c39a6_192.jpg,david.hoglund.velasquez@riksdagen.se,Porträttbild till Wikipedia under fri licens,"Hej David Höglund Velasquez,

Jag bidrar till Wikipedia och vill gärna att artikeln om dig ska kunna illustreras med en aktuell porträttbild. Skulle du kunna hjälpa oss genom att ladda upp en bild till Wikimedia Commons under en fri licens, exempelvis CC BY 4.0?

Här finns Wikipedia-artiklarna om dig:
- sv: David Höglund Velasquez – https://sv.wikipedia.org/wiki/David_H%C3%B6glund_Velasquez

Det kräver att fotografen eller den som äger rättigheterna godkänner licensen. Fotografen anges vid användning, och bilden får återanvändas och bearbetas, även i kommersiella sammanhang.

Digg och PRV rekommenderar öppna licenser för offentlig information, som ett komplement till EU öppna data-direktiv från 2019 (https://eur-lex.europa.eu/legal-content/SV/TXT/?uri=CELEX%3A32019L1024). Riksdagens nuvarande bildvillkor anger däremot ingen sådan tydlig fri licens för ledamöternas porträtt trots begäran om det.

En bild från dig vore ett konkret steg framåt. Jag hjälper gärna till med uppladdningen och uppgifter om fotograf och licens.
Du får också gärna lyfta frågan inom riksdagen: varför inte publicera ledamöternas porträtt som ett samlat dataset med tydliga fria licenser?
Hjälp oss att komma vidare och göra våra folkvalda lättare att presentera på Wikipedia.

Vänliga hälsningar,
<ange ditt namn>",ja,finns,2026-10-08T18:55:41Z,David Höglund Velasquez,finns,2026-10-08T18:55:43Z,David Höglund Velasquez,Västra Götalands län,False,sv: https://sv.wikipedia.org/wiki/David_H%C3%B6glund_Velasquez,,,
Frida Tånghag,V,Göteborgs kommun,Tjänstgörande riksdagsledamot,1989,9d99df27-bae2-45b7-b31f-c69aca91b024,0398471271026,Q116141921,Saknar bild (P18),,,https://data.riksdagen.se/filarkiv/bilder/ledamot/9d99df27-bae2-45b7-b31f-c69aca91b024_192.jpg,frida.tanghag@riksdagen.se,Porträttbild till Wikipedia under fri licens,"Hej Frida Tånghag,

Jag bidrar till Wikipedia och vill gärna att artikeln om dig ska kunna illustreras med en aktuell porträttbild. Skulle du kunna hjälpa oss genom att ladda upp en bild till Wikimedia Commons under en fri licens, exempelvis CC BY 4.0?

Här finns Wikipedia-artiklarna om dig:
- sv: Frida Tånghag – https://sv.wikipedia.org/wiki/Frida_T%C3%A5nghag

Det kräver att fotografen eller den som äger rättigheterna godkänner licensen. Fotografen anges vid användning, och bilden får återanvändas och bearbetas, även i kommersiella sammanhang.

Digg och PRV rekommenderar öppna licenser för offentlig information, som ett komplement till EU öppna data-direktiv från 2019 (https://eur-lex.europa.eu/legal-content/SV/TXT/?uri=CELEX%3A32019L1024). Riksdagens nuvarande bildvillkor anger däremot ingen sådan tydlig fri licens för ledamöternas porträtt trots begäran om det.

En bild från dig vore ett konkret steg framåt. Jag hjälper gärna till med uppladdningen och uppgifter om fotograf och licens.
Du får också gärna lyfta frågan inom riksdagen: varför inte publicera ledamöternas porträtt som ett samlat dataset med tydliga fria licenser?
Hjälp oss att komma vidare och göra våra folkvalda lättare att presentera på Wikipedia.

Vänliga hälsningar,
<ange ditt namn>",ja,finns,2026-10-08T18:55:41Z,Frida Tånghag,finns,2026-10-08T18:55:43Z,Frida Tånghag,Västra Götalands län,False,sv: https://sv.wikipedia.org/wiki/Frida_T%C3%A5nghag,,,
Hanna Gunnarsson,V,Skåne läns södra,Tjänstgörande riksdagsledamot,1983,8880da78-8ec1-41f7-96c7-f007375352ac,0411459873625,Q57168756,Har bild (P18),http://commons.wikimedia.org/wiki/Special:FilePath/Hanna%20Gunnarsson.jpg,,https://data.riksdagen.se/filarkiv/bilder/ledamot/8880da78-8ec1-41f7-96c7-f007375352ac_192.jpg,hanna.gunnarsson@riksdagen.se,Porträttbild till Wikipedia under fri licens,"Hej Hanna Gunnarsson,

Jag bidrar till Wikipedia och vill gärna att artikeln om dig ska kunna illustreras med en aktuell porträttbild. Skulle du kunna hjälpa oss genom att ladda upp en bild till Wikimedia Commons under en fri licens, exempelvis CC BY 4.0?

Här finns Wikipedia-artiklarna om dig:
- sv: Hanna Gunnarsson – https://sv.wikipedia.org/wiki/Hanna_Gunnarsson
- en: Hanna Gunnarsson – https://en.wikipedia.org/wiki/Hanna_Gunnarsson

Det kräver att fotografen eller den som äger rättigheterna godkänner licensen. Fotografen anges vid användning, och bilden får återanvändas och bearbetas, även i kommersiella sammanhang.

Digg och PRV rekommenderar öppna licenser för offentlig information, som ett komplement till EU öppna data-direktiv från 2019 (https://eur-lex.europa.eu/legal-content/SV/TXT/?uri=CELEX%3A32019L1024). Riksdagens nuvarande bildvillkor anger däremot ingen sådan tydlig fri licens för ledamöternas porträtt trots begäran om det.

En bild från dig vore ett konkret steg framåt. Jag hjälper gärna till med uppladdningen och uppgifter om fotograf och licens.
Du får också gärna lyfta frågan inom riksdagen: varför inte publicera ledamöternas porträtt som ett samlat dataset med tydliga fria licenser?
Hjälp oss att komma vidare och göra våra folkvalda lättare att presentera på Wikipedia.

Vänliga hälsningar,
<ange ditt namn>",ja,ej_aktuell,,,finns,2026-10-08T18:55:43Z,Hanna Gunnarsson,Skåne län,True,sv: https://sv.wikipedia.org/wiki/Hanna_Gunnarsson; en: https://en.wikipedia.org/wiki/Hanna_Gunnarsson,CC0,Jessica Segerberg/,https://commons.wikimedia.org/wiki/File:Hanna_Gunnarsson.jpg
Hawar Asaiesh,V,Västmanlands län,Tjänstgörande riksdagsledamot,1985,6773e208-9dba-4566-880a-87dccdacbb73,0739249519522,Q141513067,Saknar bild (P18),,,https://data.riksdagen.se/filarkiv/bilder/ledamot/6773e208-9dba-4566-880a-87dccdacbb73_192.jpg,hawar.asaiesh@riksdagen.se,Porträttbild till Wikipedia under fri licens,"Hej Hawar Asaiesh,

Jag bidrar till Wikipedia och vill gärna att artikeln om dig ska kunna illustreras med en aktuell porträttbild. Skulle du kunna hjälpa oss genom att ladda upp en bild till Wikimedia Commons under en fri licens, exempelvis CC BY 4.0?

Här finns Wikipedia-artiklarna om dig:
- sv: Hawar Asaiesh – https://sv.wikipedia.org/wiki/Hawar_Asaiesh
- en: Hawar Asaiesh – https://en.wikipedia.org/wiki/Hawar_Asaiesh

Det kräver att fotografen eller den som äger rättigheterna godkänner licensen. Fotografen anges vid användning, och bilden får återanvändas och bearbetas, även i kommersiella sammanhang.

Digg och PRV rekommenderar öppna licenser för offentlig information, som ett komplement till EU öppna data-direktiv från 2019 (https://eur-lex.europa.eu/legal-content/SV/TXT/?uri=CELEX%3A32019L1024). Riksdagens nuvarande bildvillkor anger däremot ingen sådan tydlig fri licens för ledamöternas porträtt trots begäran om det.

En bild från dig vore ett konkret steg framåt. Jag hjälper gärna till med uppladdningen och uppgifter om fotograf och licens.
Du får också gärna lyfta frågan inom riksdagen: varför inte publicera ledamöternas porträtt som ett samlat dataset med tydliga fria licenser?
Hjälp oss att komma vidare och göra våra folkvalda lättare att presentera på Wikipedia.

Vänliga hälsningar,
<ange ditt namn>",ja,finns,2026-10-08T18:55:41Z,Hawar Asaiesh,finns,2026-10-08T18:55:43Z,Hawar Asaiesh,Västmanlands län,False,sv: https://sv.wikipedia.org/wiki/Hawar_Asaiesh; en: https://en.wikipedia.org/wiki/Hawar_Asaiesh,,,
Håkan Svenneling,V,Värmlands län,Tjänstgörande riksdagsledamot,1985,de1f77c9-338c-4547-a223-9898cd8ed084,0682989845822,Q18246258,Har bild (P18),http://commons.wikimedia.org/wiki/Special:FilePath/H%C3%A5kan%20Svenneling.jpg,,https://data.riksdagen.se/filarkiv/bilder/ledamot/de1f77c9-338c-4547-a223-9898cd8ed084_192.jpg,hakan.svenneling@riksdagen.se,Porträttbild till Wikipedia under fri licens,"Hej Håkan Svenneling,

Jag bidrar till Wikipedia och vill gärna att artikeln om dig ska kunna illustreras med en aktuell porträttbild. Skulle du kunna hjälpa oss genom att ladda upp en bild till Wikimedia Commons under en fri licens, exempelvis CC BY 4.0?

Här finns Wikipedia-artiklarna om dig:
- sv: Håkan Svenneling – https://sv.wikipedia.org/wiki/H%C3%A5kan_Svenneling
- en: Håkan Svenneling – https://en.wikipedia.org/wiki/H%C3%A5kan_Svenneling
- arz: هوكان سڤينيلينج – https://arz.wikipedia.org/wiki/%D9%87%D9%88%D9%83%D8%A7%D9%86_%D8%B3%DA%A4%D9%8A%D9%86%D9%8A%D9%84%D9%8A%D9%86%D8%AC
- pt: Håkan Svenneling – https://pt.wikipedia.org/wiki/H%C3%A5kan_Svenneling

Det kräver att fotografen eller den som äger rättigheterna godkänner licensen. Fotografen anges vid användning, och bilden får återanvändas och bearbetas, även i kommersiella sammanhang.

Digg och PRV rekommenderar öppna licenser för offentlig information, som ett komplement till EU öppna data-direktiv från 2019 (https://eur-lex.europa.eu/legal-content/SV/TXT/?uri=CELEX%3A32019L1024). Riksdagens nuvarande bildvillkor anger däremot ingen sådan tydlig fri licens för ledamöternas porträtt trots begäran om det.

En bild från dig vore ett konkret steg framåt. Jag hjälper gärna till med uppladdningen och uppgifter om fotograf och licens.
Du får också gärna lyfta frågan inom riksdagen: varför inte publicera ledamöternas porträtt som ett samlat dataset med tydliga fria licenser?
Hjälp oss att komma vidare och göra våra folkvalda lättare att presentera på Wikipedia.

Vänliga hälsningar,
<ange ditt namn>",ja,ej_aktuell,,,finns,2026-10-08T18:55:43Z,Håkan Svenneling,Värmlands län,True,sv: https://sv.wikipedia.org/wiki/H%C3%A5kan_Svenneling; en: https://en.wikipedia.org/wiki/H%C3%A5kan_Svenneling; arz: https://arz.wikipedia.org/wiki/%D9%87%D9%88%D9%83%D8%A7%D9%86_%D8%B3%DA%A4%D9%8A%D9%86%D9%8A%D9%84%D9%8A%D9%86%D8%AC; pt: https://pt.wikipedia.org/wiki/H%C3%A5kan_Svenneling,CC0,Jessica Segerberg,https://commons.wikimedia.org/wiki/File:H%C3%A5kan_Svenneling.jpg
Ida Gabrielsson,V,Stockholms kommun,Tjänstgörande riksdagsledamot,1981,964e3aff-b4df-4f49-acc1-3bba2afc2f80,025158809026,Q4949356,Har bild (P18),http://commons.wikimedia.org/wiki/Special:FilePath/Ida%20Gabrielsson.jpg,,https://data.riksdagen.se/filarkiv/bilder/ledamot/964e3aff-b4df-4f49-acc1-3bba2afc2f80_192.jpg,ida.gabrielsson@riksdagen.se,Porträttbild till Wikipedia under fri licens,"Hej Ida Gabrielsson,

Jag bidrar till Wikipedia och vill gärna att artikeln om dig ska kunna illustreras med en aktuell porträttbild. Skulle du kunna hjälpa oss genom att ladda upp en bild till Wikimedia Commons under en fri licens, exempelvis CC BY 4.0?

Här finns Wikipedia-artiklarna om dig:
- sv: Ida Gabrielsson – https://sv.wikipedia.org/wiki/Ida_Gabrielsson
- en: Ida Gabrielsson – https://en.wikipedia.org/wiki/Ida_Gabrielsson
- no: Ida Gabrielsson – https://no.wikipedia.org/wiki/Ida_Gabrielsson

Det kräver att fotografen eller den som äger rättigheterna godkänner licensen. Fotografen anges vid användning, och bilden får återanvändas och bearbetas, även i kommersiella sammanhang.

Digg och PRV rekommenderar öppna licenser för offentlig information, som ett komplement till EU öppna data-direktiv från 2019 (https://eur-lex.europa.eu/legal-content/SV/TXT/?uri=CELEX%3A32019L1024). Riksdagens nuvarande bildvillkor anger däremot ingen sådan tydlig fri licens för ledamöternas porträtt trots begäran om det.

En bild från dig vore ett konkret steg framåt. Jag hjälper gärna till med uppladdningen och uppgifter om fotograf och licens.
Du får också gärna lyfta frågan inom riksdagen: varför inte publicera ledamöternas porträtt som ett samlat dataset med tydliga fria licenser?
Hjälp oss att komma vidare och göra våra folkvalda lättare att presentera på Wikipedia.

Vänliga hälsningar,
<ange ditt namn>",ja,ej_aktuell,,,finns,2026-10-08T18:55:43Z,Ida Gabrielsson,Stockholms län,True,sv: https://sv.wikipedia.org/wiki/Ida_Gabrielsson; en: https://en.wikipedia.org/wiki/Ida_Gabrielsson; no: https://no.wikipedia.org/wiki/Ida_Gabrielsson,CC BY-SA 4.0,Bene Riobó,https://commons.wikimedia.org/wiki/File:Ida_Gabrielsson.jpg
Ilyas Hassan,V,Stockholms kommun,Tjänstgörande riksdagsledamot,1992,57ac2f92-7d56-48bc-9afb-c2325636a3a6,0995202822028,Q114975385,Saknar bild (P18),,,https://data.riksdagen.se/filarkiv/bilder/ledamot/57ac2f92-7d56-48bc-9afb-c2325636a3a6_192.jpg,ilyas.hassan@riksdagen.se,Porträttbild till Wikipedia under fri licens,"Hej Ilyas Hassan,

Jag bidrar till Wikipedia och vill gärna att artikeln om dig ska kunna illustreras med en aktuell porträttbild. Skulle du kunna hjälpa oss genom att ladda upp en bild till Wikimedia Commons under en fri licens, exempelvis CC BY 4.0?

Här finns Wikipedia-artiklarna om dig:
- sv: Ilyas Hassan – https://sv.wikipedia.org/wiki/Ilyas_Hassan
- en: Ilyas Hassan – https://en.wikipedia.org/wiki/Ilyas_Hassan

Det kräver att fotografen eller den som äger rättigheterna godkänner licensen. Fotografen anges vid användning, och bilden får återanvändas och bearbetas, även i kommersiella sammanhang.

Digg och PRV rekommenderar öppna licenser för offentlig information, som ett komplement till EU öppna data-direktiv från 2019 (https://eur-lex.europa.eu/legal-content/SV/TXT/?uri=CELEX%3A32019L1024). Riksdagens nuvarande bildvillkor anger däremot ingen sådan tydlig fri licens för ledamöternas porträtt trots begäran om det.

En bild från dig vore ett konkret steg framåt. Jag hjälper gärna till med uppladdningen och uppgifter om fotograf och licens.
Du får också gärna lyfta frågan inom riksdagen: varför inte publicera ledamöternas porträtt som ett samlat dataset med tydliga fria licenser?
Hjälp oss att komma vidare och göra våra folkvalda lättare att presentera på Wikipedia.

Vänliga hälsningar,
<ange ditt namn>",ja,finns,2026-10-08T18:55:41Z,Ilyas Hassan,finns,2026-10-08T18:55:43Z,Ilyas Hassan,Stockholms län,False,sv: https://sv.wikipedia.org/wiki/Ilyas_Hassan; en: https://en.wikipedia.org/wiki/Ilyas_Hassan,,,
Jennifer Merelaid Hankins,V,Göteborgs kommun,Tjänstgörande riksdagsledamot,1985,219160ef-a220-4b6f-9d5c-98eaa6b419c8,041849602329,Q141527519,Saknar bild (P18),,,https://data.riksdagen.se/filarkiv/bilder/ledamot/219160ef-a220-4b6f-9d5c-98eaa6b419c8_192.jpg,jennifer.merelaid.hankins@riksdagen.se,Porträttbild till Wikipedia under fri licens,"Hej Jennifer Merelaid Hankins,

Jag bidrar till Wikipedia och vill gärna att artikeln om dig ska kunna illustreras med en aktuell porträttbild. Skulle du kunna hjälpa oss genom att ladda upp en bild till Wikimedia Commons under en fri licens, exempelvis CC BY 4.0?

Här finns Wikipedia-artiklarna om dig:
- sv: Jennifer Merelaid Hankins – https://sv.wikipedia.org/wiki/Jennifer_Merelaid_Hankins
- en: Jennifer Merelaid Hankins – https://en.wikipedia.org/wiki/Jennifer_Merelaid_Hankins

Det kräver att fotografen eller den som äger rättigheterna godkänner licensen. Fotografen anges vid användning, och bilden får återanvändas och bearbetas, även i kommersiella sammanhang.

Digg och PRV rekommenderar öppna licenser för offentlig information, som ett komplement till EU öppna data-direktiv från 2019 (https://eur-lex.europa.eu/legal-content/SV/TXT/?uri=CELEX%3A32019L1024). Riksdagens nuvarande bildvillkor anger däremot ingen sådan tydlig fri licens för ledamöternas porträtt trots begäran om det.

En bild från dig vore ett konkret steg framåt. Jag hjälper gärna till med uppladdningen och uppgifter om fotograf och licens.
Du får också gärna lyfta frågan inom riksdagen: varför inte publicera ledamöternas porträtt som ett samlat dataset med tydliga fria licenser?
Hjälp oss att komma vidare och göra våra folkvalda lättare att presentera på Wikipedia.

Vänliga hälsningar,
<ange ditt namn>",ja,finns,2026-10-08T18:55:41Z,Jennifer Merelaid Hankins,finns,2026-10-08T18:55:43Z,Jennifer Merelaid Hankins,Västra Götalands län,False,sv: https://sv.wikipedia.org/wiki/Jennifer_Merelaid_Hankins; en: https://en.wikipedia.org/wiki/Jennifer_Merelaid_Hankins,,,
Jonas Lindberg,V,Stockholms län,Tjänstgörande riksdagsledamot,1983,1aebf5f5-229b-4544-b70c-b25fffb203ac,0842088470022,Q141503052,Saknar bild (P18),,,https://data.riksdagen.se/filarkiv/bilder/ledamot/1aebf5f5-229b-4544-b70c-b25fffb203ac_192.jpg,jonas.e.lindberg@riksdagen.se,Porträttbild till Wikipedia under fri licens,"Hej Jonas Lindberg,

Jag bidrar till Wikipedia och vill gärna att artikeln om dig ska kunna illustreras med en aktuell porträttbild. Skulle du kunna hjälpa oss genom att ladda upp en bild till Wikimedia Commons under en fri licens, exempelvis CC BY 4.0?

Här finns Wikipedia-artiklarna om dig:
- sv: Jonas Lindberg (politiker) – https://sv.wikipedia.org/wiki/Jonas_Lindberg_(politiker)

Det kräver att fotografen eller den som äger rättigheterna godkänner licensen. Fotografen anges vid användning, och bilden får återanvändas och bearbetas, även i kommersiella sammanhang.

Digg och PRV rekommenderar öppna licenser för offentlig information, som ett komplement till EU öppna data-direktiv från 2019 (https://eur-lex.europa.eu/legal-content/SV/TXT/?uri=CELEX%3A32019L1024). Riksdagens nuvarande bildvillkor anger däremot ingen sådan tydlig fri licens för ledamöternas porträtt trots begäran om det.

En bild från dig vore ett konkret steg framåt. Jag hjälper gärna till med uppladdningen och uppgifter om fotograf och licens.
Du får också gärna lyfta frågan inom riksdagen: varför inte publicera ledamöternas porträtt som ett samlat dataset med tydliga fria licenser?
Hjälp oss att komma vidare och göra våra folkvalda lättare att presentera på Wikipedia.

Vänliga hälsningar,
<ange ditt namn>",ja,finns,2026-10-08T18:55:41Z,Jonas Lindberg (politiker),finns,2026-10-08T18:55:43Z,Jonas Lindberg (politiker),Stockholms län,False,sv: https://sv.wikipedia.org/wiki/Jonas_Lindberg_(politiker),,,
Linnea Bengtsson,V,Skåne läns norra och östra,Tjänstgörande riksdagsledamot,2000,e8295ced-e12e-4f81-9f7b-3158023966ce,0424875227496,Q141509926,Saknar bild (P18),,,https://data.riksdagen.se/filarkiv/bilder/ledamot/e8295ced-e12e-4f81-9f7b-3158023966ce_192.jpg,linnea.bengtsson@riksdagen.se,Porträttbild till Wikipedia under fri licens,"Hej Linnea Bengtsson,

Jag bidrar till Wikipedia och vill gärna att artikeln om dig ska kunna illustreras med en aktuell porträttbild. Skulle du kunna hjälpa oss genom att ladda upp en bild till Wikimedia Commons under en fri licens, exempelvis CC BY 4.0?

Här finns Wikipedia-artiklarna om dig:
- sv: Linnea Bengtsson – https://sv.wikipedia.org/wiki/Linnea_Bengtsson
- en: Linnea Bengtsson – https://en.wikipedia.org/wiki/Linnea_Bengtsson

Det kräver att fotografen eller den som äger rättigheterna godkänner licensen. Fotografen anges vid användning, och bilden får återanvändas och bearbetas, även i kommersiella sammanhang.

Digg och PRV rekommenderar öppna licenser för offentlig information, som ett komplement till EU öppna data-direktiv från 2019 (https://eur-lex.europa.eu/legal-content/SV/TXT/?uri=CELEX%3A32019L1024). Riksdagens nuvarande bildvillkor anger däremot ingen sådan tydlig fri licens för ledamöternas porträtt trots begäran om det.

En bild från dig vore ett konkret steg framåt. Jag hjälper gärna till med uppladdningen och uppgifter om fotograf och licens.
Du får också gärna lyfta frågan inom riksdagen: varför inte publicera ledamöternas porträtt som ett samlat dataset med tydliga fria licenser?
Hjälp oss att komma vidare och göra våra folkvalda lättare att presentera på Wikipedia.

Vänliga hälsningar,
<ange ditt namn>",ja,finns,2026-10-08T18:55:41Z,Linnea Bengtsson,finns,2026-10-08T18:55:43Z,Linnea Bengtsson,Skåne län,False,sv: https://sv.wikipedia.org/wiki/Linnea_Bengtsson; en: https://en.wikipedia.org/wiki/Linnea_Bengtsson,,,
Malin Björk,V,Stockholms kommun,Tjänstgörande riksdagsledamot,1972,cdd4a052-94fb-4914-b969-baf607a4a7a0,0651284526718,Q16162917,Har bild (P18),http://commons.wikimedia.org/wiki/Special:FilePath/Malin%20Bj%C3%B6rk%20%2848758757421%29%20%28cropped%29.jpg,,https://data.riksdagen.se/filarkiv/bilder/ledamot/cdd4a052-94fb-4914-b969-baf607a4a7a0_192.jpg,malin.k.bjork@riksdagen.se,Porträttbild till Wikipedia under fri licens,"Hej Malin Björk,

Jag bidrar till Wikipedia och vill gärna att artikeln om dig ska kunna illustreras med en aktuell porträttbild. Skulle du kunna hjälpa oss genom att ladda upp en bild till Wikimedia Commons under en fri licens, exempelvis CC BY 4.0?

Här finns Wikipedia-artiklarna om dig:
- sv: Malin Björk (vänsterpartist) – https://sv.wikipedia.org/wiki/Malin_Bj%C3%B6rk_(v%C3%A4nsterpartist)
- en: Malin Björk – https://en.wikipedia.org/wiki/Malin_Bj%C3%B6rk
- arz: مالين بچورك – https://arz.wikipedia.org/wiki/%D9%85%D8%A7%D9%84%D9%8A%D9%86_%D8%A8%DA%86%D9%88%D8%B1%D9%83
- ca: Malin Björk – https://ca.wikipedia.org/wiki/Malin_Bj%C3%B6rk
- de: Malin Björk – https://de.wikipedia.org/wiki/Malin_Bj%C3%B6rk
- es: Malin Björk – https://es.wikipedia.org/wiki/Malin_Bj%C3%B6rk
- et: Malin Björk – https://et.wikipedia.org/wiki/Malin_Bj%C3%B6rk
- fi: Malin Björk – https://fi.wikipedia.org/wiki/Malin_Bj%C3%B6rk
- fr: Malin Björk – https://fr.wikipedia.org/wiki/Malin_Bj%C3%B6rk
- hy: Մալին Բյորք – https://hy.wikipedia.org/wiki/%D5%84%D5%A1%D5%AC%D5%AB%D5%B6_%D4%B2%D5%B5%D5%B8%D6%80%D6%84
- pl: Malin Björk – https://pl.wikipedia.org/wiki/Malin_Bj%C3%B6rk
- ru: Бьорк, Малин – https://ru.wikipedia.org/wiki/%D0%91%D1%8C%D0%BE%D1%80%D0%BA,_%D0%9C%D0%B0%D0%BB%D0%B8%D0%BD

Det kräver att fotografen eller den som äger rättigheterna godkänner licensen. Fotografen anges vid användning, och bilden får återanvändas och bearbetas, även i kommersiella sammanhang.

Digg och PRV rekommenderar öppna licenser för offentlig information, som ett komplement till EU öppna data-direktiv från 2019 (https://eur-lex.europa.eu/legal-content/SV/TXT/?uri=CELEX%3A32019L1024). Riksdagens nuvarande bildvillkor anger däremot ingen sådan tydlig fri licens för ledamöternas porträtt trots begäran om det.

En bild från dig vore ett konkret steg framåt. Jag hjälper gärna till med uppladdningen och uppgifter om fotograf och licens.
Du får också gärna lyfta frågan inom riksdagen: varför inte publicera ledamöternas porträtt som ett samlat dataset med tydliga fria licenser?
Hjälp oss att komma vidare och göra våra folkvalda lättare att presentera på Wikipedia.

Vänliga hälsningar,
<ange ditt namn>",ja,ej_aktuell,,,finns,2026-10-08T18:55:43Z,Malin Björk (vänsterpartist),Stockholms län,True,"sv: https://sv.wikipedia.org/wiki/Malin_Bj%C3%B6rk_(v%C3%A4nsterpartist); en: https://en.wikipedia.org/wiki/Malin_Bj%C3%B6rk; arz: https://arz.wikipedia.org/wiki/%D9%85%D8%A7%D9%84%D9%8A%D9%86_%D8%A8%DA%86%D9%88%D8%B1%D9%83; ca: https://ca.wikipedia.org/wiki/Malin_Bj%C3%B6rk; de: https://de.wikipedia.org/wiki/Malin_Bj%C3%B6rk; es: https://es.wikipedia.org/wiki/Malin_Bj%C3%B6rk; et: https://et.wikipedia.org/wiki/Malin_Bj%C3%B6rk; fi: https://fi.wikipedia.org/wiki/Malin_Bj%C3%B6rk; fr: https://fr.wikipedia.org/wiki/Malin_Bj%C3%B6rk; hy: https://hy.wikipedia.org/wiki/%D5%84%D5%A1%D5%AC%D5%AB%D5%B6_%D4%B2%D5%B5%D5%B8%D6%80%D6%84; pl: https://pl.wikipedia.org/wiki/Malin_Bj%C3%B6rk; ru: https://ru.wikipedia.org/wiki/%D0%91%D1%8C%D0%BE%D1%80%D0%BA,_%D0%9C%D0%B0%D0%BB%D0%B8%D0%BD",CC BY-SA 2.0,GUE/NGL,https://commons.wikimedia.org/wiki/File:Malin_Bj%C3%B6rk_(48758757421)_(cropped).jpg
Malin Östh,V,Östergötlands län,Tjänstgörande riksdagsledamot,1972,213706b8-3269-48df-a5b5-8b9b466e2786,0388994689418,Q130297807,Saknar bild (P18),,,https://data.riksdagen.se/filarkiv/bilder/ledamot/213706b8-3269-48df-a5b5-8b9b466e2786_192.jpg,malin.osth@riksdagen.se,Porträttbild till Wikipedia under fri licens,"Hej Malin Östh,

Jag bidrar till Wikipedia och vill gärna att artikeln om dig ska kunna illustreras med en aktuell porträttbild. Skulle du kunna hjälpa oss genom att ladda upp en bild till Wikimedia Commons under en fri licens, exempelvis CC BY 4.0?

Här finns Wikipedia-artiklarna om dig:
- sv: Malin Östh – https://sv.wikipedia.org/wiki/Malin_%C3%96sth
- en: Malin Östh – https://en.wikipedia.org/wiki/Malin_%C3%96sth

Det kräver att fotografen eller den som äger rättigheterna godkänner licensen. Fotografen anges vid användning, och bilden får återanvändas och bearbetas, även i kommersiella sammanhang.

Digg och PRV rekommenderar öppna licenser för offentlig information, som ett komplement till EU öppna data-direktiv från 2019 (https://eur-lex.europa.eu/legal-content/SV/TXT/?uri=CELEX%3A32019L1024). Riksdagens nuvarande bildvillkor anger däremot ingen sådan tydlig fri licens för ledamöternas porträtt trots begäran om det.

En bild från dig vore ett konkret steg framåt. Jag hjälper gärna till med uppladdningen och uppgifter om fotograf och licens.
Du får också gärna lyfta frågan inom riksdagen: varför inte publicera ledamöternas porträtt som ett samlat dataset med tydliga fria licenser?
Hjälp oss att komma vidare och göra våra folkvalda lättare att presentera på Wikipedia.

Vänliga hälsningar,
<ange ditt namn>",ja,finns,2026-10-08T18:55:41Z,Malin Östh,finns,2026-10-08T18:55:43Z,Malin Östh,Östergötlands län,False,sv: https://sv.wikipedia.org/wiki/Malin_%C3%96sth; en: https://en.wikipedia.org/wiki/Malin_%C3%96sth,,,
Maria Forsberg,V,Södermanlands län,Tjänstgörande riksdagsledamot,1974,1863c4cb-5c71-4b33-ab3a-b5d0b5d7c949,0530395429228,Q113574303,Saknar bild (P18),,,https://data.riksdagen.se/filarkiv/bilder/ledamot/1863c4cb-5c71-4b33-ab3a-b5d0b5d7c949_192.jpg,maria.forsberg@riksdagen.se,Porträttbild till Wikipedia under fri licens,"Hej Maria Forsberg,

Jag bidrar till Wikipedia och vill gärna att artikeln om dig ska kunna illustreras med en aktuell porträttbild. Skulle du kunna hjälpa oss genom att ladda upp en bild till Wikimedia Commons under en fri licens, exempelvis CC BY 4.0?

Här finns Wikipedia-artiklarna om dig:
- sv: Maria Forsberg – https://sv.wikipedia.org/wiki/Maria_Forsberg

Det kräver att fotografen eller den som äger rättigheterna godkänner licensen. Fotografen anges vid användning, och bilden får återanvändas och bearbetas, även i kommersiella sammanhang.

Digg och PRV rekommenderar öppna licenser för offentlig information, som ett komplement till EU öppna data-direktiv från 2019 (https://eur-lex.europa.eu/legal-content/SV/TXT/?uri=CELEX%3A32019L1024). Riksdagens nuvarande bildvillkor anger däremot ingen sådan tydlig fri licens för ledamöternas porträtt trots begäran om det.

En bild från dig vore ett konkret steg framåt. Jag hjälper gärna till med uppladdningen och uppgifter om fotograf och licens.
Du får också gärna lyfta frågan inom riksdagen: varför inte publicera ledamöternas porträtt som ett samlat dataset med tydliga fria licenser?
Hjälp oss att komma vidare och göra våra folkvalda lättare att presentera på Wikipedia.

Vänliga hälsningar,
<ange ditt namn>",ja,finns,2026-10-08T18:55:41Z,Maria Forsberg,finns,2026-10-08T18:55:43Z,Maria Forsberg,Södermanlands län,False,sv: https://sv.wikipedia.org/wiki/Maria_Forsberg,,,
Mohamed Ali,V,Dalarnas län,Tjänstgörande riksdagsledamot,1996,0a35ecd0-5249-4da9-be21-5be84cb3faa1,0929594210324,Q141510736,Saknar bild (P18),,,https://data.riksdagen.se/filarkiv/bilder/ledamot/0a35ecd0-5249-4da9-be21-5be84cb3faa1_192.jpg,mohamed.ali@riksdagen.se,Porträttbild till Wikipedia under fri licens,"Hej Mohamed Ali,

Jag bidrar till Wikipedia och vill gärna att artikeln om dig ska kunna illustreras med en aktuell porträttbild. Skulle du kunna hjälpa oss genom att ladda upp en bild till Wikimedia Commons under en fri licens, exempelvis CC BY 4.0?

Här finns Wikipedia-artiklarna om dig:
- sv: Mohamed Abdukardir Ali – https://sv.wikipedia.org/wiki/Mohamed_Abdukardir_Ali
- en: Mohamed Abdukardir Ali – https://en.wikipedia.org/wiki/Mohamed_Abdukardir_Ali

Det kräver att fotografen eller den som äger rättigheterna godkänner licensen. Fotografen anges vid användning, och bilden får återanvändas och bearbetas, även i kommersiella sammanhang.

Digg och PRV rekommenderar öppna licenser för offentlig information, som ett komplement till EU öppna data-direktiv från 2019 (https://eur-lex.europa.eu/legal-content/SV/TXT/?uri=CELEX%3A32019L1024). Riksdagens nuvarande bildvillkor anger däremot ingen sådan tydlig fri licens för ledamöternas porträtt trots begäran om det.

En bild från dig vore ett konkret steg framåt. Jag hjälper gärna till med uppladdningen och uppgifter om fotograf och licens.
Du får också gärna lyfta frågan inom riksdagen: varför inte publicera ledamöternas porträtt som ett samlat dataset med tydliga fria licenser?
Hjälp oss att komma vidare och göra våra folkvalda lättare att presentera på Wikipedia.

Vänliga hälsningar,
<ange ditt namn>",ja,finns,2026-10-08T18:55:42Z,Mohamed Abdukardir Ali,finns,2026-10-08T18:55:44Z,Mohamed Abdukardir Ali,Dalarnas län,False,sv: https://sv.wikipedia.org/wiki/Mohamed_Abdukardir_Ali; en: https://en.wikipedia.org/wiki/Mohamed_Abdukardir_Ali,,,
Nadja Awad,V,Örebro län,Tjänstgörande riksdagsledamot,1991,dc9b8a2d-c038-4add-a103-c810a0890f80,0890152141226,Q114031255,Saknar bild (P18),,,https://data.riksdagen.se/filarkiv/bilder/ledamot/dc9b8a2d-c038-4add-a103-c810a0890f80_192.jpg,nadja.awad@riksdagen.se,Porträttbild till Wikipedia under fri licens,"Hej Nadja Awad,

Jag bidrar till Wikipedia och vill gärna att artikeln om dig ska kunna illustreras med en aktuell porträttbild. Skulle du kunna hjälpa oss genom att ladda upp en bild till Wikimedia Commons under en fri licens, exempelvis CC BY 4.0?

Här finns Wikipedia-artiklarna om dig:
- sv: Nadja Awad – https://sv.wikipedia.org/wiki/Nadja_Awad
- en: Nadja Awad – https://en.wikipedia.org/wiki/Nadja_Awad

Det kräver att fotografen eller den som äger rättigheterna godkänner licensen. Fotografen anges vid användning, och bilden får återanvändas och bearbetas, även i kommersiella sammanhang.

Digg och PRV rekommenderar öppna licenser för offentlig information, som ett komplement till EU öppna data-direktiv från 2019 (https://eur-lex.europa.eu/legal-content/SV/TXT/?uri=CELEX%3A32019L1024). Riksdagens nuvarande bildvillkor anger däremot ingen sådan tydlig fri licens för ledamöternas porträtt trots begäran om det.

En bild från dig vore ett konkret steg framåt. Jag hjälper gärna till med uppladdningen och uppgifter om fotograf och licens.
Du får också gärna lyfta frågan inom riksdagen: varför inte publicera ledamöternas porträtt som ett samlat dataset med tydliga fria licenser?
Hjälp oss att komma vidare och göra våra folkvalda lättare att presentera på Wikipedia.

Vänliga hälsningar,
<ange ditt namn>",ja,finns,2026-10-08T18:55:42Z,Nadja Awad,finns,2026-10-08T18:55:44Z,Nadja Awad,Örebro län,False,sv: https://sv.wikipedia.org/wiki/Nadja_Awad; en: https://en.wikipedia.org/wiki/Nadja_Awad,,,
Nooshi Dadgostar,V,Stockholms län,Tjänstgörande riksdagsledamot,1985,78d79a96-956f-4ac3-bbf7-2b15b3d86ce7,0721509806321,Q18238235,Har bild (P18),http://commons.wikimedia.org/wiki/Special:FilePath/Nooshi%20Dadgostar%20-%2042794852001%20%28cropped%29.jpg,,https://data.riksdagen.se/filarkiv/bilder/ledamot/78d79a96-956f-4ac3-bbf7-2b15b3d86ce7_192.jpg,nooshi.dadgostar@riksdagen.se,Porträttbild till Wikipedia under fri licens,"Hej Nooshi Dadgostar,

Jag bidrar till Wikipedia och vill gärna att artikeln om dig ska kunna illustreras med en aktuell porträttbild. Skulle du kunna hjälpa oss genom att ladda upp en bild till Wikimedia Commons under en fri licens, exempelvis CC BY 4.0?

Här finns Wikipedia-artiklarna om dig:
- sv: Nooshi Dadgostar – https://sv.wikipedia.org/wiki/Nooshi_Dadgostar
- en: Nooshi Dadgostar – https://en.wikipedia.org/wiki/Nooshi_Dadgostar
- ar: نوشي دادجوستار – https://ar.wikipedia.org/wiki/%D9%86%D9%88%D8%B4%D9%8A_%D8%AF%D8%A7%D8%AF%D8%AC%D9%88%D8%B3%D8%AA%D8%A7%D8%B1
- arz: نوشى دادجوستار – https://arz.wikipedia.org/wiki/%D9%86%D9%88%D8%B4%D9%89_%D8%AF%D8%A7%D8%AF%D8%AC%D9%88%D8%B3%D8%AA%D8%A7%D8%B1
- ca: Nooshi Dadgostar – https://ca.wikipedia.org/wiki/Nooshi_Dadgostar
- cs: Nooshi Dadgostarová – https://cs.wikipedia.org/wiki/Nooshi_Dadgostarov%C3%A1
- da: Nooshi Dadgostar – https://da.wikipedia.org/wiki/Nooshi_Dadgostar
- de: Nooshi Dadgostar – https://de.wikipedia.org/wiki/Nooshi_Dadgostar
- es: Nooshi Dadgostar – https://es.wikipedia.org/wiki/Nooshi_Dadgostar
- et: Nooshi Dadgostar – https://et.wikipedia.org/wiki/Nooshi_Dadgostar
- fa: نوشی دادگستر – https://fa.wikipedia.org/wiki/%D9%86%D9%88%D8%B4%DB%8C_%D8%AF%D8%A7%D8%AF%DA%AF%D8%B3%D8%AA%D8%B1
- fi: Nooshi Dadgostar – https://fi.wikipedia.org/wiki/Nooshi_Dadgostar
- fr: Nooshi Dadgostar – https://fr.wikipedia.org/wiki/Nooshi_Dadgostar
- it: Nooshi Dadgostar – https://it.wikipedia.org/wiki/Nooshi_Dadgostar
- nl: Nooshi Dadgostar – https://nl.wikipedia.org/wiki/Nooshi_Dadgostar
- no: Nooshi Dadgostar – https://no.wikipedia.org/wiki/Nooshi_Dadgostar
- pl: Nooshi Dadgostar – https://pl.wikipedia.org/wiki/Nooshi_Dadgostar
- pt: Nooshi Dadgostar – https://pt.wikipedia.org/wiki/Nooshi_Dadgostar
- ru: Дадгостар, Нуши – https://ru.wikipedia.org/wiki/%D0%94%D0%B0%D0%B4%D0%B3%D0%BE%D1%81%D1%82%D0%B0%D1%80,_%D0%9D%D1%83%D1%88%D0%B8
- simple: Nooshi Dadgostar – https://simple.wikipedia.org/wiki/Nooshi_Dadgostar
- tr: Nooshi Dadgostar – https://tr.wikipedia.org/wiki/Nooshi_Dadgostar
- uk: Нуші Дадгостар – https://uk.wikipedia.org/wiki/%D0%9D%D1%83%D1%88%D1%96_%D0%94%D0%B0%D0%B4%D0%B3%D0%BE%D1%81%D1%82%D0%B0%D1%80
- zh: 努希·达德戈斯塔尔 – https://zh.wikipedia.org/wiki/%E5%8A%AA%E5%B8%8C%C2%B7%E8%BE%BE%E5%BE%B7%E6%88%88%E6%96%AF%E5%A1%94%E5%B0%94

Det kräver att fotografen eller den som äger rättigheterna godkänner licensen. Fotografen anges vid användning, och bilden får återanvändas och bearbetas, även i kommersiella sammanhang.

Digg och PRV rekommenderar öppna licenser för offentlig information, som ett komplement till EU öppna data-direktiv från 2019 (https://eur-lex.europa.eu/legal-content/SV/TXT/?uri=CELEX%3A32019L1024). Riksdagens nuvarande bildvillkor anger däremot ingen sådan tydlig fri licens för ledamöternas porträtt trots begäran om det.

En bild från dig vore ett konkret steg framåt. Jag hjälper gärna till med uppladdningen och uppgifter om fotograf och licens.
Du får också gärna lyfta frågan inom riksdagen: varför inte publicera ledamöternas porträtt som ett samlat dataset med tydliga fria licenser?
Hjälp oss att komma vidare och göra våra folkvalda lättare att presentera på Wikipedia.

Vänliga hälsningar,
<ange ditt namn>",ja,ej_aktuell,,,finns,2026-10-08T18:55:44Z,Nooshi Dadgostar,Stockholms län,True,"sv: https://sv.wikipedia.org/wiki/Nooshi_Dadgostar; en: https://en.wikipedia.org/wiki/Nooshi_Dadgostar; ar: https://ar.wikipedia.org/wiki/%D9%86%D9%88%D8%B4%D9%8A_%D8%AF%D8%A7%D8%AF%D8%AC%D9%88%D8%B3%D8%AA%D8%A7%D8%B1; arz: https://arz.wikipedia.org/wiki/%D9%86%D9%88%D8%B4%D9%89_%D8%AF%D8%A7%D8%AF%D8%AC%D9%88%D8%B3%D8%AA%D8%A7%D8%B1; ca: https://ca.wikipedia.org/wiki/Nooshi_Dadgostar; cs: https://cs.wikipedia.org/wiki/Nooshi_Dadgostarov%C3%A1; da: https://da.wikipedia.org/wiki/Nooshi_Dadgostar; de: https://de.wikipedia.org/wiki/Nooshi_Dadgostar; es: https://es.wikipedia.org/wiki/Nooshi_Dadgostar; et: https://et.wikipedia.org/wiki/Nooshi_Dadgostar; fa: https://fa.wikipedia.org/wiki/%D9%86%D9%88%D8%B4%DB%8C_%D8%AF%D8%A7%D8%AF%DA%AF%D8%B3%D8%AA%D8%B1; fi: https://fi.wikipedia.org/wiki/Nooshi_Dadgostar; fr: https://fr.wikipedia.org/wiki/Nooshi_Dadgostar; it: https://it.wikipedia.org/wiki/Nooshi_Dadgostar; nl: https://nl.wikipedia.org/wiki/Nooshi_Dadgostar; no: https://no.wikipedia.org/wiki/Nooshi_Dadgostar; pl: https://pl.wikipedia.org/wiki/Nooshi_Dadgostar; pt: https://pt.wikipedia.org/wiki/Nooshi_Dadgostar; ru: https://ru.wikipedia.org/wiki/%D0%94%D0%B0%D0%B4%D0%B3%D0%BE%D1%81%D1%82%D0%B0%D1%80,_%D0%9D%D1%83%D1%88%D0%B8; simple: https://simple.wikipedia.org/wiki/Nooshi_Dadgostar; tr: https://tr.wikipedia.org/wiki/Nooshi_Dadgostar; uk: https://uk.wikipedia.org/wiki/%D0%9D%D1%83%D1%88%D1%96_%D0%94%D0%B0%D0%B4%D0%B3%D0%BE%D1%81%D1%82%D0%B0%D1%80; zh: https://zh.wikipedia.org/wiki/%E5%8A%AA%E5%B8%8C%C2%B7%E8%BE%BE%E5%BE%B7%E6%88%88%E6%96%AF%E5%A1%94%E5%B0%94",CC0,Vansterpartiet bildbank,https://commons.wikimedia.org/wiki/File:Nooshi_Dadgostar_-_42794852001_(cropped).jpg
Samuel Gonzalez Westling,V,Gävleborgs län,Tjänstgörande riksdagsledamot,1983,f4d32014-bd1a-4983-8ab3-83b327d2fd2e,0939158389321,Q114031265,Har bild (P18),http://commons.wikimedia.org/wiki/Special:FilePath/Samuel%20Gonzalez%20Westling.JPG,,https://data.riksdagen.se/filarkiv/bilder/ledamot/f4d32014-bd1a-4983-8ab3-83b327d2fd2e_192.jpg,samuel.gonzalez.westling@riksdagen.se,Porträttbild till Wikipedia under fri licens,"Hej Samuel Gonzalez Westling,

Jag bidrar till Wikipedia och vill gärna att artikeln om dig ska kunna illustreras med en aktuell porträttbild. Skulle du kunna hjälpa oss genom att ladda upp en bild till Wikimedia Commons under en fri licens, exempelvis CC BY 4.0?

Här finns Wikipedia-artiklarna om dig:
- sv: Samuel Gonzalez Westling – https://sv.wikipedia.org/wiki/Samuel_Gonzalez_Westling
- en: Samuel Gonzalez Westling – https://en.wikipedia.org/wiki/Samuel_Gonzalez_Westling

Det kräver att fotografen eller den som äger rättigheterna godkänner licensen. Fotografen anges vid användning, och bilden får återanvändas och bearbetas, även i kommersiella sammanhang.

Digg och PRV rekommenderar öppna licenser för offentlig information, som ett komplement till EU öppna data-direktiv från 2019 (https://eur-lex.europa.eu/legal-content/SV/TXT/?uri=CELEX%3A32019L1024). Riksdagens nuvarande bildvillkor anger däremot ingen sådan tydlig fri licens för ledamöternas porträtt trots begäran om det.

En bild från dig vore ett konkret steg framåt. Jag hjälper gärna till med uppladdningen och uppgifter om fotograf och licens.
Du får också gärna lyfta frågan inom riksdagen: varför inte publicera ledamöternas porträtt som ett samlat dataset med tydliga fria licenser?
Hjälp oss att komma vidare och göra våra folkvalda lättare att presentera på Wikipedia.

Vänliga hälsningar,
<ange ditt namn>",ja,ej_aktuell,,,finns,2026-10-08T18:55:44Z,Samuel Gonzalez Westling,Gävleborgs län,True,sv: https://sv.wikipedia.org/wiki/Samuel_Gonzalez_Westling; en: https://en.wikipedia.org/wiki/Samuel_Gonzalez_Westling,CC BY-SA 4.0,Latecrash,https://commons.wikimedia.org/wiki/File:Samuel_Gonzalez_Westling.JPG
Sandra Sönnergren,V,Stockholms län,Tjänstgörande riksdagsledamot,1990,0203a9cd-99b3-4508-82d6-77fd3b8fba0f,0898131508523,Q117813569,Saknar bild (P18),,,https://data.riksdagen.se/filarkiv/bilder/ledamot/0203a9cd-99b3-4508-82d6-77fd3b8fba0f_192.jpg,sandra.sonnergren@riksdagen.se,Porträttbild till Wikipedia under fri licens,"Hej Sandra Sönnergren,

Jag bidrar till Wikipedia och vill gärna att artikeln om dig ska kunna illustreras med en aktuell porträttbild. Skulle du kunna hjälpa oss genom att ladda upp en bild till Wikimedia Commons under en fri licens, exempelvis CC BY 4.0?

Här finns Wikipedia-artiklarna om dig:
- sv: Sandra Sönnergren – https://sv.wikipedia.org/wiki/Sandra_S%C3%B6nnergren

Det kräver att fotografen eller den som äger rättigheterna godkänner licensen. Fotografen anges vid användning, och bilden får återanvändas och bearbetas, även i kommersiella sammanhang.

Digg och PRV rekommenderar öppna licenser för offentlig information, som ett komplement till EU öppna data-direktiv från 2019 (https://eur-lex.europa.eu/legal-content/SV/TXT/?uri=CELEX%3A32019L1024). Riksdagens nuvarande bildvillkor anger däremot ingen sådan tydlig fri licens för ledamöternas porträtt trots begäran om det.

En bild från dig vore ett konkret steg framåt. Jag hjälper gärna till med uppladdningen och uppgifter om fotograf och licens.
Du får också gärna lyfta frågan inom riksdagen: varför inte publicera ledamöternas porträtt som ett samlat dataset med tydliga fria licenser?
Hjälp oss att komma vidare och göra våra folkvalda lättare att presentera på Wikipedia.

Vänliga hälsningar,
<ange ditt namn>",ja,finns,2026-10-08T18:55:42Z,Sandra Sönnergren,finns,2026-10-08T18:55:44Z,Sandra Sönnergren,Stockholms län,False,sv: https://sv.wikipedia.org/wiki/Sandra_S%C3%B6nnergren,,,
Tobias Smedberg,V,Uppsala län,Tjänstgörande riksdagsledamot,1978,fefcbd47-b06c-41e4-99e7-b4a2ad0e1fda,0477456392722,Q123531690,Saknar bild (P18),,,https://data.riksdagen.se/filarkiv/bilder/ledamot/fefcbd47-b06c-41e4-99e7-b4a2ad0e1fda_192.jpg,tobias.smedberg@riksdagen.se,Porträttbild till Wikipedia under fri licens,"Hej Tobias Smedberg,

Jag bidrar till Wikipedia och vill gärna att artikeln om dig ska kunna illustreras med en aktuell porträttbild. Skulle du kunna hjälpa oss genom att ladda upp en bild till Wikimedia Commons under en fri licens, exempelvis CC BY 4.0?

Här finns Wikipedia-artiklarna om dig:
- sv: Tobias Smedberg – https://sv.wikipedia.org/wiki/Tobias_Smedberg

Det kräver att fotografen eller den som äger rättigheterna godkänner licensen. Fotografen anges vid användning, och bilden får återanvändas och bearbetas, även i kommersiella sammanhang.

Digg och PRV rekommenderar öppna licenser för offentlig information, som ett komplement till EU öppna data-direktiv från 2019 (https://eur-lex.europa.eu/legal-content/SV/TXT/?uri=CELEX%3A32019L1024). Riksdagens nuvarande bildvillkor anger däremot ingen sådan tydlig fri licens för ledamöternas porträtt trots begäran om det.

En bild från dig vore ett konkret steg framåt. Jag hjälper gärna till med uppladdningen och uppgifter om fotograf och licens.
Du får också gärna lyfta frågan inom riksdagen: varför inte publicera ledamöternas porträtt som ett samlat dataset med tydliga fria licenser?
Hjälp oss att komma vidare och göra våra folkvalda lättare att presentera på Wikipedia.

Vänliga hälsningar,
<ange ditt namn>",ja,finns,2026-10-08T18:55:42Z,Tobias Smedberg,finns,2026-10-08T18:55:44Z,Tobias Smedberg,Uppsala län,False,sv: https://sv.wikipedia.org/wiki/Tobias_Smedberg,,,
Umihana Rasovic,V,Skåne läns västra,Tjänstgörande riksdagsledamot,1986,a5128673-eb1b-4aa4-8309-3ffb0a079786,0907540133326,Q141507891,Saknar bild (P18),,,https://data.riksdagen.se/filarkiv/bilder/ledamot/a5128673-eb1b-4aa4-8309-3ffb0a079786_192.jpg,umihana.rasovic@riksdagen.se,Porträttbild till Wikipedia under fri licens,"Hej Umihana Rasovic,

Jag bidrar till Wikipedia och vill gärna att artikeln om dig ska kunna illustreras med en aktuell porträttbild. Skulle du kunna hjälpa oss genom att ladda upp en bild till Wikimedia Commons under en fri licens, exempelvis CC BY 4.0?

Här finns Wikipedia-artiklarna om dig:
- sv: Umihana Rasovic – https://sv.wikipedia.org/wiki/Umihana_Rasovic

Det kräver att fotografen eller den som äger rättigheterna godkänner licensen. Fotografen anges vid användning, och bilden får återanvändas och bearbetas, även i kommersiella sammanhang.

Digg och PRV rekommenderar öppna licenser för offentlig information, som ett komplement till EU öppna data-direktiv från 2019 (https://eur-lex.europa.eu/legal-content/SV/TXT/?uri=CELEX%3A32019L1024). Riksdagens nuvarande bildvillkor anger däremot ingen sådan tydlig fri licens för ledamöternas porträtt trots begäran om det.

En bild från dig vore ett konkret steg framåt. Jag hjälper gärna till med uppladdningen och uppgifter om fotograf och licens.
Du får också gärna lyfta frågan inom riksdagen: varför inte publicera ledamöternas porträtt som ett samlat dataset med tydliga fria licenser?
Hjälp oss att komma vidare och göra våra folkvalda lättare att presentera på Wikipedia.

Vänliga hälsningar,
<ange ditt namn>",ja,finns,2026-10-08T18:55:42Z,Umihana Rasovic,finns,2026-10-08T18:55:44Z,Umihana Rasovic,Skåne län,False,sv: https://sv.wikipedia.org/wiki/Umihana_Rasovic,,,
